<?xml version="1.0" encoding="UTF-8"?>
<gpx version="1.1" creator="dgs-toolbox" xmlns="http://www.topografix.com/GPX/1/1">
  <metadata><name>20260503 西宁 拉脊山</name></metadata>
  <wpt lat="36.3575978" lon="101.4470637"><name>拉脊山垭口</name></wpt>
  <trk>
    <name>CN 西宁 拉脊山</name>
    <trkseg>
      <trkpt lat="36.6100588" lon="101.7540851"><ele>2347.84</ele><time>2026-05-03T08:10:25Z</time></trkpt>
      <trkpt lat="36.6099166" lon="101.7540406"><ele>2347.89</ele><time>2026-05-03T08:10:28Z</time></trkpt>
      <trkpt lat="36.6098681" lon="101.7540276"><ele>2347.46</ele><time>2026-05-03T08:10:33Z</time></trkpt>
      <trkpt lat="36.6098681" lon="101.7540271"><ele>2347.15</ele><time>2026-05-03T08:10:35Z</time></trkpt>
    </trkseg>
    <trkseg>
      <trkpt lat="36.6098308" lon="101.7540472"><ele>2346.93</ele><time>2026-05-03T08:11:25Z</time></trkpt>
      <trkpt lat="36.6097360" lon="101.7540235"><ele>2346.94</ele><time>2026-05-03T08:11:27Z</time></trkpt>
      <trkpt lat="36.6094050" lon="101.7539530"><ele>2347.3</ele><time>2026-05-03T08:11:31Z</time></trkpt>
      <trkpt lat="36.6088259" lon="101.7537919"><ele>2348.72</ele><time>2026-05-03T08:11:36Z</time></trkpt>
      <trkpt lat="36.6077888" lon="101.7534759"><ele>2351.78</ele><time>2026-05-03T08:11:44Z</time></trkpt>
      <trkpt lat="36.6065456" lon="101.7530987"><ele>2353.77</ele><time>2026-05-03T08:11:54Z</time></trkpt>
      <trkpt lat="36.6058638" lon="101.7529069"><ele>2355.09</ele><time>2026-05-03T08:12:00Z</time></trkpt>
      <trkpt lat="36.6049912" lon="101.7526719"><ele>2356.61</ele><time>2026-05-03T08:12:08Z</time></trkpt>
      <trkpt lat="36.6044892" lon="101.7525071"><ele>2356.72</ele><time>2026-05-03T08:12:14Z</time></trkpt>
      <trkpt lat="36.6043648" lon="101.7524813"><ele>2356.69</ele><time>2026-05-03T08:12:18Z</time></trkpt>
      <trkpt lat="36.6043581" lon="101.7524858"><ele>2356.46</ele><time>2026-05-03T08:12:22Z</time></trkpt>
    </trkseg>
    <trkseg>
      <trkpt lat="36.6042731" lon="101.7525009"><ele>2356.48</ele><time>2026-05-03T08:13:05Z</time></trkpt>
      <trkpt lat="36.6039209" lon="101.7523990"><ele>2356.86</ele><time>2026-05-03T08:13:12Z</time></trkpt>
      <trkpt lat="36.6035531" lon="101.7522979"><ele>2357.36</ele><time>2026-05-03T08:13:17Z</time></trkpt>
      <trkpt lat="36.6029641" lon="101.7521767"><ele>2358.36</ele><time>2026-05-03T08:13:23Z</time></trkpt>
      <trkpt lat="36.6023963" lon="101.7520539"><ele>2359.31</ele><time>2026-05-03T08:13:29Z</time></trkpt>
      <trkpt lat="36.6017030" lon="101.7519037"><ele>2360.28</ele><time>2026-05-03T08:13:35Z</time></trkpt>
      <trkpt lat="36.6007435" lon="101.7516974"><ele>2362.01</ele><time>2026-05-03T08:13:42Z</time></trkpt>
      <trkpt lat="36.5991053" lon="101.7513454"><ele>2365.06</ele><time>2026-05-03T08:13:54Z</time></trkpt>
      <trkpt lat="36.5978000" lon="101.7510677"><ele>2366.91</ele><time>2026-05-03T08:14:03Z</time></trkpt>
      <trkpt lat="36.5966237" lon="101.7507129"><ele>2367.86</ele><time>2026-05-03T08:14:11Z</time></trkpt>
      <trkpt lat="36.5956232" lon="101.7502818"><ele>2368.66</ele><time>2026-05-03T08:14:18Z</time></trkpt>
      <trkpt lat="36.5944569" lon="101.7495991"><ele>2370.25</ele><time>2026-05-03T08:14:26Z</time></trkpt>
      <trkpt lat="36.5935323" lon="101.7488475"><ele>2372.05</ele><time>2026-05-03T08:14:33Z</time></trkpt>
      <trkpt lat="36.5927008" lon="101.7480358"><ele>2373.47</ele><time>2026-05-03T08:14:40Z</time></trkpt>
      <trkpt lat="36.5917476" lon="101.7469355"><ele>2375.02</ele><time>2026-05-03T08:14:49Z</time></trkpt>
      <trkpt lat="36.5911277" lon="101.7461036"><ele>2375.51</ele><time>2026-05-03T08:14:56Z</time></trkpt>
      <trkpt lat="36.5902812" lon="101.7451209"><ele>2375.94</ele><time>2026-05-03T08:15:05Z</time></trkpt>
      <trkpt lat="36.5896477" lon="101.7443499"><ele>2375.91</ele><time>2026-05-03T08:15:12Z</time></trkpt>
      <trkpt lat="36.5890125" lon="101.7434908"><ele>2372.65</ele><time>2026-05-03T08:15:20Z</time></trkpt>
      <trkpt lat="36.5883304" lon="101.7427941"><ele>2371.93</ele><time>2026-05-03T08:15:27Z</time></trkpt>
      <trkpt lat="36.5878259" lon="101.7422473"><ele>2373.39</ele><time>2026-05-03T08:15:31Z</time></trkpt>
      <trkpt lat="36.5871223" lon="101.7416378"><ele>2376.66</ele><time>2026-05-03T08:15:36Z</time></trkpt>
      <trkpt lat="36.5866463" lon="101.7411981"><ele>2379.79</ele><time>2026-05-03T08:15:40Z</time></trkpt>
      <trkpt lat="36.5863083" lon="101.7408793"><ele>2382.06</ele><time>2026-05-03T08:15:44Z</time></trkpt>
      <trkpt lat="36.5862014" lon="101.7407801"><ele>2383.26</ele><time>2026-05-03T08:15:47Z</time></trkpt>
      <trkpt lat="36.5861795" lon="101.7407759"><ele>2383.46</ele><time>2026-05-03T08:15:52Z</time></trkpt>
      <trkpt lat="36.5861795" lon="101.7407759"><ele>2383.31</ele><time>2026-05-03T08:15:53Z</time></trkpt>
    </trkseg>
    <trkseg>
      <trkpt lat="36.5860301" lon="101.7406795"><ele>2383.16</ele><time>2026-05-03T08:17:09Z</time></trkpt>
      <trkpt lat="36.5856895" lon="101.7403562"><ele>2383.35</ele><time>2026-05-03T08:17:13Z</time></trkpt>
      <trkpt lat="36.5850920" lon="101.7398620"><ele>2385.05</ele><time>2026-05-03T08:17:18Z</time></trkpt>
      <trkpt lat="36.5841224" lon="101.7391391"><ele>2388.34</ele><time>2026-05-03T08:17:25Z</time></trkpt>
      <trkpt lat="36.5831725" lon="101.7384588"><ele>2391.2</ele><time>2026-05-03T08:17:32Z</time></trkpt>
      <trkpt lat="36.5821406" lon="101.7377336"><ele>2393.84</ele><time>2026-05-03T08:17:40Z</time></trkpt>
      <trkpt lat="36.5817330" lon="101.7374513"><ele>2394.69</ele><time>2026-05-03T08:17:44Z</time></trkpt>
      <trkpt lat="36.5814743" lon="101.7372924"><ele>2394.75</ele><time>2026-05-03T08:17:48Z</time></trkpt>
      <trkpt lat="36.5813045" lon="101.7371782"><ele>2394.3</ele><time>2026-05-03T08:17:52Z</time></trkpt>
      <trkpt lat="36.5809369" lon="101.7369354"><ele>2394.22</ele><time>2026-05-03T08:17:57Z</time></trkpt>
      <trkpt lat="36.5804146" lon="101.7365804"><ele>2395.65</ele><time>2026-05-03T08:18:02Z</time></trkpt>
      <trkpt lat="36.5796455" lon="101.7360706"><ele>2398.26</ele><time>2026-05-03T08:18:08Z</time></trkpt>
      <trkpt lat="36.5779790" lon="101.7349747"><ele>2400.64</ele><time>2026-05-03T08:18:20Z</time></trkpt>
      <trkpt lat="36.5769963" lon="101.7342753"><ele>2400.64</ele><time>2026-05-03T08:18:27Z</time></trkpt>
      <trkpt lat="36.5755606" lon="101.7332826"><ele>2401.06</ele><time>2026-05-03T08:18:37Z</time></trkpt>
      <trkpt lat="36.5751141" lon="101.7327936"><ele>2401.05</ele><time>2026-05-03T08:18:41Z</time></trkpt>
      <trkpt lat="36.5747648" lon="101.7322121"><ele>2401.11</ele><time>2026-05-03T08:18:45Z</time></trkpt>
      <trkpt lat="36.5747040" lon="101.7320489"><ele>2401.2</ele><time>2026-05-03T08:18:46Z</time></trkpt>
      <trkpt lat="36.5744787" lon="101.7311589"><ele>2402.64</ele><time>2026-05-03T08:18:51Z</time></trkpt>
      <trkpt lat="36.5741656" lon="101.7295179"><ele>2405.74</ele><time>2026-05-03T08:19:00Z</time></trkpt>
      <trkpt lat="36.5739163" lon="101.7288508"><ele>2406.42</ele><time>2026-05-03T08:19:04Z</time></trkpt>
      <trkpt lat="36.5735559" lon="101.7282768"><ele>2406.89</ele><time>2026-05-03T08:19:08Z</time></trkpt>
      <trkpt lat="36.5730955" lon="101.7278003"><ele>2407.7</ele><time>2026-05-03T08:19:12Z</time></trkpt>
      <trkpt lat="36.5720579" lon="101.7270181"><ele>2408.87</ele><time>2026-05-03T08:19:20Z</time></trkpt>
      <trkpt lat="36.5713555" lon="101.7265169"><ele>2409.48</ele><time>2026-05-03T08:19:26Z</time></trkpt>
      <trkpt lat="36.5703265" lon="101.7257479"><ele>2411.77</ele><time>2026-05-03T08:19:35Z</time></trkpt>
      <trkpt lat="36.5694622" lon="101.7250696"><ele>2413.84</ele><time>2026-05-03T08:19:42Z</time></trkpt>
      <trkpt lat="36.5685434" lon="101.7243493"><ele>2417.07</ele><time>2026-05-03T08:19:49Z</time></trkpt>
      <trkpt lat="36.5674572" lon="101.7235247"><ele>2420.28</ele><time>2026-05-03T08:19:57Z</time></trkpt>
      <trkpt lat="36.5663947" lon="101.7226548"><ele>2423.14</ele><time>2026-05-03T08:20:05Z</time></trkpt>
      <trkpt lat="36.5653126" lon="101.7215550"><ele>2425.95</ele><time>2026-05-03T08:20:14Z</time></trkpt>
      <trkpt lat="36.5642660" lon="101.7204531"><ele>2427.13</ele><time>2026-05-03T08:20:23Z</time></trkpt>
      <trkpt lat="36.5631784" lon="101.7193748"><ele>2427.98</ele><time>2026-05-03T08:20:32Z</time></trkpt>
      <trkpt lat="36.5619766" lon="101.7181728"><ele>2430.06</ele><time>2026-05-03T08:20:42Z</time></trkpt>
      <trkpt lat="36.5605327" lon="101.7167069"><ele>2432.75</ele><time>2026-05-03T08:20:54Z</time></trkpt>
      <trkpt lat="36.5595919" lon="101.7157050"><ele>2434.36</ele><time>2026-05-03T08:21:02Z</time></trkpt>
      <trkpt lat="36.5583355" lon="101.7144173"><ele>2437.38</ele><time>2026-05-03T08:21:12Z</time></trkpt>
      <trkpt lat="36.5571679" lon="101.7132301"><ele>2437.29</ele><time>2026-05-03T08:21:22Z</time></trkpt>
      <trkpt lat="36.5564432" lon="101.7125081"><ele>2437.82</ele><time>2026-05-03T08:21:29Z</time></trkpt>
      <trkpt lat="36.5554989" lon="101.7115673"><ele>2439.02</ele><time>2026-05-03T08:21:39Z</time></trkpt>
      <trkpt lat="36.5554161" lon="101.7115105"><ele>2439.08</ele><time>2026-05-03T08:21:40Z</time></trkpt>
      <trkpt lat="36.5553321" lon="101.7114788"><ele>2439.11</ele><time>2026-05-03T08:21:41Z</time></trkpt>
      <trkpt lat="36.5552458" lon="101.7114720"><ele>2439.29</ele><time>2026-05-03T08:21:42Z</time></trkpt>
      <trkpt lat="36.5551628" lon="101.7114760"><ele>2439.37</ele><time>2026-05-03T08:21:43Z</time></trkpt>
      <trkpt lat="36.5550850" lon="101.7114969"><ele>2439.42</ele><time>2026-05-03T08:21:44Z</time></trkpt>
      <trkpt lat="36.5550093" lon="101.7115258"><ele>2439.44</ele><time>2026-05-03T08:21:45Z</time></trkpt>
      <trkpt lat="36.5549389" lon="101.7115623"><ele>2439.42</ele><time>2026-05-03T08:21:46Z</time></trkpt>
      <trkpt lat="36.5548679" lon="101.7116016"><ele>2439.38</ele><time>2026-05-03T08:21:47Z</time></trkpt>
      <trkpt lat="36.5544764" lon="101.7118813"><ele>2438.81</ele><time>2026-05-03T08:21:52Z</time></trkpt>
      <trkpt lat="36.5542549" lon="101.7120579"><ele>2438.33</ele><time>2026-05-03T08:21:56Z</time></trkpt>
      <trkpt lat="36.5540933" lon="101.7121672"><ele>2437.34</ele><time>2026-05-03T08:22:02Z</time></trkpt>
      <trkpt lat="36.5539142" lon="101.7122889"><ele>2436.86</ele><time>2026-05-03T08:22:07Z</time></trkpt>
      <trkpt lat="36.5537940" lon="101.7123888"><ele>2436.53</ele><time>2026-05-03T08:22:12Z</time></trkpt>
      <trkpt lat="36.5536785" lon="101.7124737"><ele>2436.43</ele><time>2026-05-03T08:22:16Z</time></trkpt>
      <trkpt lat="36.5536313" lon="101.7124831"><ele>2436.38</ele><time>2026-05-03T08:22:17Z</time></trkpt>
      <trkpt lat="36.5535804" lon="101.7124712"><ele>2436.33</ele><time>2026-05-03T08:22:18Z</time></trkpt>
      <trkpt lat="36.5535307" lon="101.7124392"><ele>2436.31</ele><time>2026-05-03T08:22:19Z</time></trkpt>
      <trkpt lat="36.5534838" lon="101.7123884"><ele>2436.3</ele><time>2026-05-03T08:22:20Z</time></trkpt>
      <trkpt lat="36.5534404" lon="101.7123253"><ele>2436.29</ele><time>2026-05-03T08:22:21Z</time></trkpt>
      <trkpt lat="36.5533958" lon="101.7122537"><ele>2436.29</ele><time>2026-05-03T08:22:22Z</time></trkpt>
      <trkpt lat="36.5531301" lon="101.7117286"><ele>2437.08</ele><time>2026-05-03T08:22:28Z</time></trkpt>
      <trkpt lat="36.5528363" lon="101.7111303"><ele>2438.06</ele><time>2026-05-03T08:22:33Z</time></trkpt>
      <trkpt lat="36.5523545" lon="101.7101366"><ele>2440.02</ele><time>2026-05-03T08:22:40Z</time></trkpt>
      <trkpt lat="36.5519634" lon="101.7093268"><ele>2441.77</ele><time>2026-05-03T08:22:46Z</time></trkpt>
      <trkpt lat="36.5517888" lon="101.7089323"><ele>2442.68</ele><time>2026-05-03T08:22:50Z</time></trkpt>
      <trkpt lat="36.5516740" lon="101.7086893"><ele>2443.15</ele><time>2026-05-03T08:22:54Z</time></trkpt>
      <trkpt lat="36.5516188" lon="101.7085749"><ele>2443.41</ele><time>2026-05-03T08:22:59Z</time></trkpt>
      <trkpt lat="36.5516169" lon="101.7085717"><ele>2443.72</ele><time>2026-05-03T08:23:03Z</time></trkpt>
    </trkseg>
    <trkseg>
      <trkpt lat="36.5515437" lon="101.7084615"><ele>2443.82</ele><time>2026-05-03T08:23:33Z</time></trkpt>
      <trkpt lat="36.5513869" lon="101.7081620"><ele>2443.95</ele><time>2026-05-03T08:23:38Z</time></trkpt>
      <trkpt lat="36.5512295" lon="101.7077672"><ele>2444.29</ele><time>2026-05-03T08:23:42Z</time></trkpt>
      <trkpt lat="36.5509926" lon="101.7071343"><ele>2445.19</ele><time>2026-05-03T08:23:47Z</time></trkpt>
      <trkpt lat="36.5506990" lon="101.7063826"><ele>2446.47</ele><time>2026-05-03T08:23:53Z</time></trkpt>
      <trkpt lat="36.5503605" lon="101.7055011"><ele>2448.18</ele><time>2026-05-03T08:23:59Z</time></trkpt>
      <trkpt lat="36.5499285" lon="101.7043803"><ele>2450.98</ele><time>2026-05-03T08:24:07Z</time></trkpt>
      <trkpt lat="36.5495292" lon="101.7035403"><ele>2452.81</ele><time>2026-05-03T08:24:14Z</time></trkpt>
      <trkpt lat="36.5491377" lon="101.7027362"><ele>2454.49</ele><time>2026-05-03T08:24:20Z</time></trkpt>
      <trkpt lat="36.5484254" lon="101.7011916"><ele>2457.59</ele><time>2026-05-03T08:24:31Z</time></trkpt>
      <trkpt lat="36.5478209" lon="101.6998997"><ele>2459.82</ele><time>2026-05-03T08:24:40Z</time></trkpt>
      <trkpt lat="36.5474312" lon="101.6989258"><ele>2461.48</ele><time>2026-05-03T08:24:47Z</time></trkpt>
      <trkpt lat="36.5471158" lon="101.6979520"><ele>2462.99</ele><time>2026-05-03T08:24:53Z</time></trkpt>
      <trkpt lat="36.5467046" lon="101.6966648"><ele>2465.29</ele><time>2026-05-03T08:25:00Z</time></trkpt>
      <trkpt lat="36.5463125" lon="101.6954324"><ele>2467.55</ele><time>2026-05-03T08:25:07Z</time></trkpt>
      <trkpt lat="36.5461511" lon="101.6949346"><ele>2468.43</ele><time>2026-05-03T08:25:11Z</time></trkpt>
      <trkpt lat="36.5459347" lon="101.6942597"><ele>2468.84</ele><time>2026-05-03T08:25:17Z</time></trkpt>
      <trkpt lat="36.5457353" lon="101.6935967"><ele>2469.74</ele><time>2026-05-03T08:25:23Z</time></trkpt>
      <trkpt lat="36.5455737" lon="101.6930034"><ele>2470.24</ele><time>2026-05-03T08:25:28Z</time></trkpt>
      <trkpt lat="36.5453272" lon="101.6920875"><ele>2471.01</ele><time>2026-05-03T08:25:34Z</time></trkpt>
      <trkpt lat="36.5450014" lon="101.6908869"><ele>2472.36</ele><time>2026-05-03T08:25:41Z</time></trkpt>
      <trkpt lat="36.5445289" lon="101.6892769"><ele>2473.94</ele><time>2026-05-03T08:25:50Z</time></trkpt>
      <trkpt lat="36.5440824" lon="101.6881762"><ele>2475.85</ele><time>2026-05-03T08:25:56Z</time></trkpt>
      <trkpt lat="36.5436622" lon="101.6871818"><ele>2477.83</ele><time>2026-05-03T08:26:02Z</time></trkpt>
      <trkpt lat="36.5435228" lon="101.6868702"><ele>2478.44</ele><time>2026-05-03T08:26:05Z</time></trkpt>
      <trkpt lat="36.5434406" lon="101.6866910"><ele>2478.9</ele><time>2026-05-03T08:26:09Z</time></trkpt>
      <trkpt lat="36.5434234" lon="101.6866625"><ele>2478.81</ele><time>2026-05-03T08:26:14Z</time></trkpt>
      <trkpt lat="36.5434142" lon="101.6866402"><ele>2478.73</ele><time>2026-05-03T08:26:15Z</time></trkpt>
      <trkpt lat="36.5433762" lon="101.6865609"><ele>2478.62</ele><time>2026-05-03T08:26:18Z</time></trkpt>
      <trkpt lat="36.5432312" lon="101.6862652"><ele>2478.7</ele><time>2026-05-03T08:26:22Z</time></trkpt>
      <trkpt lat="36.5429744" lon="101.6857197"><ele>2479.39</ele><time>2026-05-03T08:26:27Z</time></trkpt>
      <trkpt lat="36.5426574" lon="101.6849960"><ele>2480.7</ele><time>2026-05-03T08:26:32Z</time></trkpt>
      <trkpt lat="36.5422264" lon="101.6839464"><ele>2482.59</ele><time>2026-05-03T08:26:38Z</time></trkpt>
      <trkpt lat="36.5415333" lon="101.6823893"><ele>2485.91</ele><time>2026-05-03T08:26:47Z</time></trkpt>
      <trkpt lat="36.5409175" lon="101.6812420"><ele>2488.35</ele><time>2026-05-03T08:26:54Z</time></trkpt>
      <trkpt lat="36.5399847" lon="101.6795819"><ele>2491.09</ele><time>2026-05-03T08:27:04Z</time></trkpt>
      <trkpt lat="36.5392675" lon="101.6782940"><ele>2493.24</ele><time>2026-05-03T08:27:12Z</time></trkpt>
      <trkpt lat="36.5386110" lon="101.6771285"><ele>2495.22</ele><time>2026-05-03T08:27:20Z</time></trkpt>
      <trkpt lat="36.5384230" lon="101.6768004"><ele>2496.1</ele><time>2026-05-03T08:27:24Z</time></trkpt>
      <trkpt lat="36.5383482" lon="101.6766638"><ele>2496.58</ele><time>2026-05-03T08:27:28Z</time></trkpt>
      <trkpt lat="36.5383421" lon="101.6766556"><ele>2497.02</ele><time>2026-05-03T08:27:33Z</time></trkpt>
    </trkseg>
    <trkseg>
      <trkpt lat="36.5382466" lon="101.6765296"><ele>2497.08</ele><time>2026-05-03T08:28:21Z</time></trkpt>
      <trkpt lat="36.5380702" lon="101.6761862"><ele>2497.2</ele><time>2026-05-03T08:28:25Z</time></trkpt>
      <trkpt lat="36.5377674" lon="101.6756070"><ele>2497.95</ele><time>2026-05-03T08:28:30Z</time></trkpt>
      <trkpt lat="36.5371498" lon="101.6744106"><ele>2500.64</ele><time>2026-05-03T08:28:39Z</time></trkpt>
      <trkpt lat="36.5366058" lon="101.6733588"><ele>2502.82</ele><time>2026-05-03T08:28:46Z</time></trkpt>
      <trkpt lat="36.5361931" lon="101.6725554"><ele>2504.88</ele><time>2026-05-03T08:28:52Z</time></trkpt>
      <trkpt lat="36.5359252" lon="101.6720334"><ele>2505.96</ele><time>2026-05-03T08:28:57Z</time></trkpt>
      <trkpt lat="36.5357529" lon="101.6716700"><ele>2506.55</ele><time>2026-05-03T08:29:02Z</time></trkpt>
      <trkpt lat="36.5357087" lon="101.6715832"><ele>2506.7</ele><time>2026-05-03T08:29:06Z</time></trkpt>
      <trkpt lat="36.5357011" lon="101.6715716"><ele>2506.7</ele><time>2026-05-03T08:29:11Z</time></trkpt>
    </trkseg>
    <trkseg>
      <trkpt lat="36.5356409" lon="101.6714826"><ele>2506.76</ele><time>2026-05-03T08:29:29Z</time></trkpt>
      <trkpt lat="36.5356083" lon="101.6714221"><ele>2506.78</ele><time>2026-05-03T08:29:30Z</time></trkpt>
      <trkpt lat="36.5354164" lon="101.6710741"><ele>2507.01</ele><time>2026-05-03T08:29:34Z</time></trkpt>
      <trkpt lat="36.5350821" lon="101.6704787"><ele>2507.82</ele><time>2026-05-03T08:29:39Z</time></trkpt>
      <trkpt lat="36.5347510" lon="101.6698857"><ele>2508.78</ele><time>2026-05-03T08:29:43Z</time></trkpt>
      <trkpt lat="36.5339454" lon="101.6684183"><ele>2511.86</ele><time>2026-05-03T08:29:52Z</time></trkpt>
      <trkpt lat="36.5331520" lon="101.6669666"><ele>2514.26</ele><time>2026-05-03T08:30:01Z</time></trkpt>
      <trkpt lat="36.5324635" lon="101.6657176"><ele>2516.17</ele><time>2026-05-03T08:30:08Z</time></trkpt>
      <trkpt lat="36.5314294" lon="101.6638115"><ele>2519.29</ele><time>2026-05-03T08:30:18Z</time></trkpt>
      <trkpt lat="36.5307494" lon="101.6625476"><ele>2520.87</ele><time>2026-05-03T08:30:25Z</time></trkpt>
      <trkpt lat="36.5301708" lon="101.6613489"><ele>2522.43</ele><time>2026-05-03T08:30:32Z</time></trkpt>
      <trkpt lat="36.5299787" lon="101.6609991"><ele>2523.15</ele><time>2026-05-03T08:30:35Z</time></trkpt>
      <trkpt lat="36.5297388" lon="101.6605540"><ele>2523.84</ele><time>2026-05-03T08:30:40Z</time></trkpt>
      <trkpt lat="36.5294125" lon="101.6599663"><ele>2524.49</ele><time>2026-05-03T08:30:45Z</time></trkpt>
      <trkpt lat="36.5289265" lon="101.6591133"><ele>2525.97</ele><time>2026-05-03T08:30:51Z</time></trkpt>
      <trkpt lat="36.5283129" lon="101.6580068"><ele>2528.39</ele><time>2026-05-03T08:30:59Z</time></trkpt>
      <trkpt lat="36.5278086" lon="101.6573430"><ele>2529.98</ele><time>2026-05-03T08:31:05Z</time></trkpt>
      <trkpt lat="36.5270607" lon="101.6565324"><ele>2532.01</ele><time>2026-05-03T08:31:12Z</time></trkpt>
      <trkpt lat="36.5261172" lon="101.6555214"><ele>2535.1</ele><time>2026-05-03T08:31:20Z</time></trkpt>
      <trkpt lat="36.5252450" lon="101.6545879"><ele>2538.42</ele><time>2026-05-03T08:31:27Z</time></trkpt>
      <trkpt lat="36.5245545" lon="101.6538831"><ele>2541.33</ele><time>2026-05-03T08:31:33Z</time></trkpt>
      <trkpt lat="36.5237654" lon="101.6531338"><ele>2543.85</ele><time>2026-05-03T08:31:40Z</time></trkpt>
      <trkpt lat="36.5230186" lon="101.6523361"><ele>2545.98</ele><time>2026-05-03T08:31:47Z</time></trkpt>
      <trkpt lat="36.5220949" lon="101.6513537"><ele>2548.23</ele><time>2026-05-03T08:31:55Z</time></trkpt>
      <trkpt lat="36.5211697" lon="101.6503552"><ele>2550.75</ele><time>2026-05-03T08:32:03Z</time></trkpt>
      <trkpt lat="36.5204823" lon="101.6494848"><ele>2552.76</ele><time>2026-05-03T08:32:10Z</time></trkpt>
      <trkpt lat="36.5202913" lon="101.6492588"><ele>2553.41</ele><time>2026-05-03T08:32:13Z</time></trkpt>
      <trkpt lat="36.5201509" lon="101.6490859"><ele>2553.67</ele><time>2026-05-03T08:32:17Z</time></trkpt>
      <trkpt lat="36.5201271" lon="101.6490534"><ele>2553.81</ele><time>2026-05-03T08:32:21Z</time></trkpt>
      <trkpt lat="36.5201297" lon="101.6490538"><ele>2553.83</ele><time>2026-05-03T08:32:23Z</time></trkpt>
    </trkseg>
    <trkseg>
      <trkpt lat="36.5200238" lon="101.6489187"><ele>2553.98</ele><time>2026-05-03T08:32:31Z</time></trkpt>
      <trkpt lat="36.5197877" lon="101.6486098"><ele>2554.16</ele><time>2026-05-03T08:32:35Z</time></trkpt>
      <trkpt lat="36.5193853" lon="101.6480608"><ele>2555.08</ele><time>2026-05-03T08:32:40Z</time></trkpt>
      <trkpt lat="36.5186310" lon="101.6470352"><ele>2557.2</ele><time>2026-05-03T08:32:48Z</time></trkpt>
      <trkpt lat="36.5177432" lon="101.6458483"><ele>2560.12</ele><time>2026-05-03T08:32:57Z</time></trkpt>
      <trkpt lat="36.5167720" lon="101.6445442"><ele>2562.87</ele><time>2026-05-03T08:33:07Z</time></trkpt>
      <trkpt lat="36.5158591" lon="101.6433071"><ele>2564.82</ele><time>2026-05-03T08:33:17Z</time></trkpt>
      <trkpt lat="36.5152168" lon="101.6424336"><ele>2565.37</ele><time>2026-05-03T08:33:25Z</time></trkpt>
      <trkpt lat="36.5148894" lon="101.6419852"><ele>2566.17</ele><time>2026-05-03T08:33:30Z</time></trkpt>
      <trkpt lat="36.5147614" lon="101.6417971"><ele>2566.43</ele><time>2026-05-03T08:33:34Z</time></trkpt>
      <trkpt lat="36.5145617" lon="101.6415137"><ele>2566.71</ele><time>2026-05-03T08:33:43Z</time></trkpt>
      <trkpt lat="36.5144598" lon="101.6414081"><ele>2566.92</ele><time>2026-05-03T08:33:47Z</time></trkpt>
      <trkpt lat="36.5143037" lon="101.6412712"><ele>2567.11</ele><time>2026-05-03T08:33:50Z</time></trkpt>
      <trkpt lat="36.5140011" lon="101.6409583"><ele>2567.67</ele><time>2026-05-03T08:33:54Z</time></trkpt>
      <trkpt lat="36.5135078" lon="101.6406671"><ele>2569.05</ele><time>2026-05-03T08:33:59Z</time></trkpt>
      <trkpt lat="36.5126582" lon="101.6403423"><ele>2570.87</ele><time>2026-05-03T08:34:06Z</time></trkpt>
      <trkpt lat="36.5115733" lon="101.6399424"><ele>2573.05</ele><time>2026-05-03T08:34:15Z</time></trkpt>
      <trkpt lat="36.5108938" lon="101.6395567"><ele>2574.44</ele><time>2026-05-03T08:34:21Z</time></trkpt>
      <trkpt lat="36.5098890" lon="101.6387356"><ele>2576.24</ele><time>2026-05-03T08:34:30Z</time></trkpt>
      <trkpt lat="36.5094129" lon="101.6383007"><ele>2576.91</ele><time>2026-05-03T08:34:35Z</time></trkpt>
      <trkpt lat="36.5093416" lon="101.6381958"><ele>2576.95</ele><time>2026-05-03T08:34:36Z</time></trkpt>
      <trkpt lat="36.5089630" lon="101.6377406"><ele>2576.87</ele><time>2026-05-03T08:34:41Z</time></trkpt>
      <trkpt lat="36.5087225" lon="101.6374883"><ele>2576.61</ele><time>2026-05-03T08:34:45Z</time></trkpt>
      <trkpt lat="36.5086671" lon="101.6374273"><ele>2576.43</ele><time>2026-05-03T08:34:48Z</time></trkpt>
      <trkpt lat="36.5086713" lon="101.6374303"><ele>2575.96</ele><time>2026-05-03T08:34:52Z</time></trkpt>
    </trkseg>
    <trkseg>
      <trkpt lat="36.5085172" lon="101.6373152"><ele>2575.98</ele><time>2026-05-03T08:35:52Z</time></trkpt>
      <trkpt lat="36.5082080" lon="101.6370407"><ele>2576.08</ele><time>2026-05-03T08:35:56Z</time></trkpt>
      <trkpt lat="36.5076783" lon="101.6365080"><ele>2576.69</ele><time>2026-05-03T08:36:01Z</time></trkpt>
      <trkpt lat="36.5068019" lon="101.6356302"><ele>2578.59</ele><time>2026-05-03T08:36:08Z</time></trkpt>
      <trkpt lat="36.5055773" lon="101.6345655"><ele>2581.56</ele><time>2026-05-03T08:36:17Z</time></trkpt>
      <trkpt lat="36.5043654" lon="101.6336918"><ele>2584.72</ele><time>2026-05-03T08:36:26Z</time></trkpt>
      <trkpt lat="36.5031042" lon="101.6329134"><ele>2587.84</ele><time>2026-05-03T08:36:35Z</time></trkpt>
      <trkpt lat="36.5019647" lon="101.6322961"><ele>2590</ele><time>2026-05-03T08:36:43Z</time></trkpt>
      <trkpt lat="36.5006721" lon="101.6316509"><ele>2591.84</ele><time>2026-05-03T08:36:52Z</time></trkpt>
      <trkpt lat="36.4995422" lon="101.6311390"><ele>2594.09</ele><time>2026-05-03T08:37:00Z</time></trkpt>
      <trkpt lat="36.4978749" lon="101.6303003"><ele>2597.3</ele><time>2026-05-03T08:37:12Z</time></trkpt>
      <trkpt lat="36.4968042" lon="101.6297511"><ele>2599.5</ele><time>2026-05-03T08:37:20Z</time></trkpt>
      <trkpt lat="36.4960342" lon="101.6293690"><ele>2601.35</ele><time>2026-05-03T08:37:27Z</time></trkpt>
      <trkpt lat="36.4956563" lon="101.6291825"><ele>2601.9</ele><time>2026-05-03T08:37:32Z</time></trkpt>
      <trkpt lat="36.4955862" lon="101.6291504"><ele>2602.2</ele><time>2026-05-03T08:37:36Z</time></trkpt>
      <trkpt lat="36.4955868" lon="101.6291542"><ele>2602.32</ele><time>2026-05-03T08:37:39Z</time></trkpt>
    </trkseg>
    <trkseg>
      <trkpt lat="36.4954768" lon="101.6291126"><ele>2602.27</ele><time>2026-05-03T08:38:12Z</time></trkpt>
      <trkpt lat="36.4951845" lon="101.6289344"><ele>2602.4</ele><time>2026-05-03T08:38:16Z</time></trkpt>
      <trkpt lat="36.4946872" lon="101.6286033"><ele>2603.26</ele><time>2026-05-03T08:38:21Z</time></trkpt>
      <trkpt lat="36.4938405" lon="101.6280475"><ele>2605.36</ele><time>2026-05-03T08:38:28Z</time></trkpt>
      <trkpt lat="36.4926664" lon="101.6272703"><ele>2608.63</ele><time>2026-05-03T08:38:37Z</time></trkpt>
      <trkpt lat="36.4913172" lon="101.6263719"><ele>2611.81</ele><time>2026-05-03T08:38:47Z</time></trkpt>
      <trkpt lat="36.4901219" lon="101.6255688"><ele>2614.87</ele><time>2026-05-03T08:38:56Z</time></trkpt>
      <trkpt lat="36.4887811" lon="101.6246722"><ele>2617.94</ele><time>2026-05-03T08:39:06Z</time></trkpt>
      <trkpt lat="36.4875109" lon="101.6238241"><ele>2621.02</ele><time>2026-05-03T08:39:15Z</time></trkpt>
      <trkpt lat="36.4863705" lon="101.6230622"><ele>2624.04</ele><time>2026-05-03T08:39:23Z</time></trkpt>
      <trkpt lat="36.4854404" lon="101.6224794"><ele>2626.07</ele><time>2026-05-03T08:39:30Z</time></trkpt>
      <trkpt lat="36.4848856" lon="101.6221718"><ele>2627.5</ele><time>2026-05-03T08:39:35Z</time></trkpt>
      <trkpt lat="36.4846439" lon="101.6220128"><ele>2628.26</ele><time>2026-05-03T08:39:39Z</time></trkpt>
      <trkpt lat="36.4846005" lon="101.6219642"><ele>2628.46</ele><time>2026-05-03T08:39:43Z</time></trkpt>
      <trkpt lat="36.4845168" lon="101.6218723"><ele>2628.35</ele><time>2026-05-03T08:39:49Z</time></trkpt>
      <trkpt lat="36.4842893" lon="101.6216440"><ele>2628.45</ele><time>2026-05-03T08:39:53Z</time></trkpt>
      <trkpt lat="36.4839239" lon="101.6212239"><ele>2629.31</ele><time>2026-05-03T08:39:58Z</time></trkpt>
      <trkpt lat="36.4833359" lon="101.6204813"><ele>2631.88</ele><time>2026-05-03T08:40:05Z</time></trkpt>
      <trkpt lat="36.4827902" lon="101.6197608"><ele>2634.94</ele><time>2026-05-03T08:40:11Z</time></trkpt>
      <trkpt lat="36.4822303" lon="101.6190123"><ele>2638.13</ele><time>2026-05-03T08:40:17Z</time></trkpt>
      <trkpt lat="36.4816967" lon="101.6183575"><ele>2641.55</ele><time>2026-05-03T08:40:23Z</time></trkpt>
      <trkpt lat="36.4811478" lon="101.6179925"><ele>2644.44</ele><time>2026-05-03T08:40:28Z</time></trkpt>
      <trkpt lat="36.4806412" lon="101.6178709"><ele>2645.97</ele><time>2026-05-03T08:40:32Z</time></trkpt>
      <trkpt lat="36.4799604" lon="101.6179224"><ele>2646.29</ele><time>2026-05-03T08:40:37Z</time></trkpt>
      <trkpt lat="36.4793838" lon="101.6179659"><ele>2645.56</ele><time>2026-05-03T08:40:42Z</time></trkpt>
      <trkpt lat="36.4791956" lon="101.6179443"><ele>2645.03</ele><time>2026-05-03T08:40:44Z</time></trkpt>
      <trkpt lat="36.4786707" lon="101.6177587"><ele>2643.85</ele><time>2026-05-03T08:40:50Z</time></trkpt>
      <trkpt lat="36.4785139" lon="101.6176537"><ele>2643.74</ele><time>2026-05-03T08:40:54Z</time></trkpt>
      <trkpt lat="36.4784815" lon="101.6174926"><ele>2643.69</ele><time>2026-05-03T08:41:00Z</time></trkpt>
      <trkpt lat="36.4785182" lon="101.6172588"><ele>2643.87</ele><time>2026-05-03T08:41:05Z</time></trkpt>
      <trkpt lat="36.4785360" lon="101.6172101"><ele>2644</ele><time>2026-05-03T08:41:06Z</time></trkpt>
      <trkpt lat="36.4785519" lon="101.6171631"><ele>2644.2</ele><time>2026-05-03T08:41:07Z</time></trkpt>
      <trkpt lat="36.4785565" lon="101.6171205"><ele>2644.33</ele><time>2026-05-03T08:41:08Z</time></trkpt>
      <trkpt lat="36.4785540" lon="101.6170891"><ele>2644.49</ele><time>2026-05-03T08:41:09Z</time></trkpt>
      <trkpt lat="36.4785475" lon="101.6170658"><ele>2644.71</ele><time>2026-05-03T08:41:10Z</time></trkpt>
      <trkpt lat="36.4785395" lon="101.6170483"><ele>2644.83</ele><time>2026-05-03T08:41:11Z</time></trkpt>
      <trkpt lat="36.4785262" lon="101.6170346"><ele>2644.94</ele><time>2026-05-03T08:41:12Z</time></trkpt>
      <trkpt lat="36.4785184" lon="101.6170260"><ele>2644.99</ele><time>2026-05-03T08:41:13Z</time></trkpt>
      <trkpt lat="36.4783998" lon="101.6169350"><ele>2645.22</ele><time>2026-05-03T08:41:20Z</time></trkpt>
      <trkpt lat="36.4783921" lon="101.6169124"><ele>2645.43</ele><time>2026-05-03T08:41:26Z</time></trkpt>
      <trkpt lat="36.4783921" lon="101.6169124"><ele>2645.46</ele><time>2026-05-03T08:41:27Z</time></trkpt>
    </trkseg>
    <trkseg>
      <trkpt lat="36.4783644" lon="101.6169299"><ele>2645.52</ele><time>2026-05-03T08:43:52Z</time></trkpt>
      <trkpt lat="36.4783566" lon="101.6169462"><ele>2645.52</ele><time>2026-05-03T08:43:53Z</time></trkpt>
      <trkpt lat="36.4783551" lon="101.6169649"><ele>2645.52</ele><time>2026-05-03T08:43:54Z</time></trkpt>
      <trkpt lat="36.4783547" lon="101.6169840"><ele>2645.52</ele><time>2026-05-03T08:43:55Z</time></trkpt>
      <trkpt lat="36.4783602" lon="101.6170009"><ele>2645.5</ele><time>2026-05-03T08:43:56Z</time></trkpt>
      <trkpt lat="36.4783692" lon="101.6170165"><ele>2645.49</ele><time>2026-05-03T08:43:57Z</time></trkpt>
      <trkpt lat="36.4783786" lon="101.6170362"><ele>2645.48</ele><time>2026-05-03T08:43:58Z</time></trkpt>
      <trkpt lat="36.4783858" lon="101.6170604"><ele>2645.48</ele><time>2026-05-03T08:43:59Z</time></trkpt>
      <trkpt lat="36.4783822" lon="101.6170859"><ele>2645.47</ele><time>2026-05-03T08:44:00Z</time></trkpt>
      <trkpt lat="36.4783723" lon="101.6171050"><ele>2645.46</ele><time>2026-05-03T08:44:01Z</time></trkpt>
      <trkpt lat="36.4783552" lon="101.6171189"><ele>2645.46</ele><time>2026-05-03T08:44:02Z</time></trkpt>
      <trkpt lat="36.4783367" lon="101.6171295"><ele>2645.46</ele><time>2026-05-03T08:44:03Z</time></trkpt>
      <trkpt lat="36.4783169" lon="101.6171372"><ele>2645.46</ele><time>2026-05-03T08:44:04Z</time></trkpt>
      <trkpt lat="36.4782753" lon="101.6171533"><ele>2645.47</ele><time>2026-05-03T08:44:10Z</time></trkpt>
    </trkseg>
    <trkseg>
      <trkpt lat="36.4781683" lon="101.6170267"><ele>2645.58</ele><time>2026-05-03T08:47:14Z</time></trkpt>
      <trkpt lat="36.4780137" lon="101.6171237"><ele>2645.55</ele><time>2026-05-03T08:47:19Z</time></trkpt>
      <trkpt lat="36.4778940" lon="101.6172552"><ele>2645.4</ele><time>2026-05-03T08:47:26Z</time></trkpt>
      <trkpt lat="36.4778215" lon="101.6172745"><ele>2645.31</ele><time>2026-05-03T08:47:28Z</time></trkpt>
      <trkpt lat="36.4777688" lon="101.6172660"><ele>2645.24</ele><time>2026-05-03T08:47:29Z</time></trkpt>
      <trkpt lat="36.4777066" lon="101.6172451"><ele>2645.17</ele><time>2026-05-03T08:47:30Z</time></trkpt>
      <trkpt lat="36.4776395" lon="101.6172164"><ele>2645.14</ele><time>2026-05-03T08:47:31Z</time></trkpt>
      <trkpt lat="36.4775622" lon="101.6171797"><ele>2645.13</ele><time>2026-05-03T08:47:32Z</time></trkpt>
      <trkpt lat="36.4770930" lon="101.6169196"><ele>2645.55</ele><time>2026-05-03T08:47:37Z</time></trkpt>
      <trkpt lat="36.4762297" lon="101.6164214"><ele>2647.56</ele><time>2026-05-03T08:47:45Z</time></trkpt>
      <trkpt lat="36.4755699" lon="101.6160366"><ele>2649.65</ele><time>2026-05-03T08:47:52Z</time></trkpt>
      <trkpt lat="36.4750607" lon="101.6157293"><ele>2651.45</ele><time>2026-05-03T08:47:59Z</time></trkpt>
      <trkpt lat="36.4745852" lon="101.6154299"><ele>2652.65</ele><time>2026-05-03T08:48:04Z</time></trkpt>
      <trkpt lat="36.4739890" lon="101.6150492"><ele>2654.05</ele><time>2026-05-03T08:48:09Z</time></trkpt>
      <trkpt lat="36.4730228" lon="101.6144311"><ele>2656.57</ele><time>2026-05-03T08:48:16Z</time></trkpt>
      <trkpt lat="36.4719524" lon="101.6137873"><ele>2659.7</ele><time>2026-05-03T08:48:23Z</time></trkpt>
      <trkpt lat="36.4708595" lon="101.6132613"><ele>2662.87</ele><time>2026-05-03T08:48:30Z</time></trkpt>
      <trkpt lat="36.4695325" lon="101.6127070"><ele>2666.09</ele><time>2026-05-03T08:48:38Z</time></trkpt>
      <trkpt lat="36.4683275" lon="101.6121466"><ele>2669.34</ele><time>2026-05-03T08:48:45Z</time></trkpt>
      <trkpt lat="36.4671292" lon="101.6115117"><ele>2672.49</ele><time>2026-05-03T08:48:52Z</time></trkpt>
      <trkpt lat="36.4659443" lon="101.6109567"><ele>2675.57</ele><time>2026-05-03T08:48:59Z</time></trkpt>
      <trkpt lat="36.4647884" lon="101.6104819"><ele>2678.59</ele><time>2026-05-03T08:49:06Z</time></trkpt>
      <trkpt lat="36.4635209" lon="101.6098893"><ele>2681.89</ele><time>2026-05-03T08:49:14Z</time></trkpt>
      <trkpt lat="36.4624301" lon="101.6093429"><ele>2684.91</ele><time>2026-05-03T08:49:21Z</time></trkpt>
      <trkpt lat="36.4615941" lon="101.6089240"><ele>2687.27</ele><time>2026-05-03T08:49:27Z</time></trkpt>
      <trkpt lat="36.4610698" lon="101.6086331"><ele>2688.98</ele><time>2026-05-03T08:49:32Z</time></trkpt>
      <trkpt lat="36.4603576" lon="101.6082928"><ele>2690.61</ele><time>2026-05-03T08:49:38Z</time></trkpt>
      <trkpt lat="36.4594021" lon="101.6078146"><ele>2693.31</ele><time>2026-05-03T08:49:45Z</time></trkpt>
      <trkpt lat="36.4584127" lon="101.6073311"><ele>2696.41</ele><time>2026-05-03T08:49:52Z</time></trkpt>
      <trkpt lat="36.4573290" lon="101.6067986"><ele>2699.64</ele><time>2026-05-03T08:50:00Z</time></trkpt>
      <trkpt lat="36.4560757" lon="101.6062483"><ele>2702.88</ele><time>2026-05-03T08:50:10Z</time></trkpt>
      <trkpt lat="36.4550992" lon="101.6058359"><ele>2705.6</ele><time>2026-05-03T08:50:18Z</time></trkpt>
      <trkpt lat="36.4547976" lon="101.6057095"><ele>2706.73</ele><time>2026-05-03T08:50:22Z</time></trkpt>
      <trkpt lat="36.4546607" lon="101.6056649"><ele>2707.39</ele><time>2026-05-03T08:50:26Z</time></trkpt>
      <trkpt lat="36.4546154" lon="101.6056514"><ele>2708.02</ele><time>2026-05-03T08:50:32Z</time></trkpt>
      <trkpt lat="36.4546133" lon="101.6056520"><ele>2708.21</ele><time>2026-05-03T08:50:34Z</time></trkpt>
    </trkseg>
    <trkseg>
      <trkpt lat="36.4545138" lon="101.6056245"><ele>2708.26</ele><time>2026-05-03T08:50:48Z</time></trkpt>
      <trkpt lat="36.4541669" lon="101.6054780"><ele>2708.68</ele><time>2026-05-03T08:50:56Z</time></trkpt>
      <trkpt lat="36.4536470" lon="101.6052663"><ele>2709.6</ele><time>2026-05-03T08:51:04Z</time></trkpt>
      <trkpt lat="36.4531545" lon="101.6050655"><ele>2710.67</ele><time>2026-05-03T08:51:09Z</time></trkpt>
      <trkpt lat="36.4524144" lon="101.6047343"><ele>2712.46</ele><time>2026-05-03T08:51:15Z</time></trkpt>
      <trkpt lat="36.4512836" lon="101.6041943"><ele>2715.74</ele><time>2026-05-03T08:51:24Z</time></trkpt>
      <trkpt lat="36.4504681" lon="101.6037413"><ele>2718.17</ele><time>2026-05-03T08:51:30Z</time></trkpt>
      <trkpt lat="36.4494042" lon="101.6031726"><ele>2721.52</ele><time>2026-05-03T08:51:37Z</time></trkpt>
      <trkpt lat="36.4484231" lon="101.6026506"><ele>2724.76</ele><time>2026-05-03T08:51:43Z</time></trkpt>
      <trkpt lat="36.4473860" lon="101.6021381"><ele>2728.46</ele><time>2026-05-03T08:51:49Z</time></trkpt>
      <trkpt lat="36.4464819" lon="101.6017296"><ele>2731.56</ele><time>2026-05-03T08:51:54Z</time></trkpt>
      <trkpt lat="36.4455708" lon="101.6013538"><ele>2734.63</ele><time>2026-05-03T08:51:59Z</time></trkpt>
      <trkpt lat="36.4445328" lon="101.6009552"><ele>2738.04</ele><time>2026-05-03T08:52:05Z</time></trkpt>
      <trkpt lat="36.4433253" lon="101.6004939"><ele>2741.42</ele><time>2026-05-03T08:52:12Z</time></trkpt>
      <trkpt lat="36.4420893" lon="101.6000191"><ele>2744.88</ele><time>2026-05-03T08:52:19Z</time></trkpt>
      <trkpt lat="36.4408367" lon="101.5995310"><ele>2748.43</ele><time>2026-05-03T08:52:26Z</time></trkpt>
      <trkpt lat="36.4397534" lon="101.5991115"><ele>2751.67</ele><time>2026-05-03T08:52:32Z</time></trkpt>
      <trkpt lat="36.4386781" lon="101.5986659"><ele>2754.7</ele><time>2026-05-03T08:52:38Z</time></trkpt>
      <trkpt lat="36.4378878" lon="101.5982198"><ele>2757.59</ele><time>2026-05-03T08:52:43Z</time></trkpt>
      <trkpt lat="36.4371867" lon="101.5977227"><ele>2759.95</ele><time>2026-05-03T08:52:48Z</time></trkpt>
      <trkpt lat="36.4366329" lon="101.5972797"><ele>2762.14</ele><time>2026-05-03T08:52:53Z</time></trkpt>
      <trkpt lat="36.4361435" lon="101.5967785"><ele>2763.99</ele><time>2026-05-03T08:52:58Z</time></trkpt>
      <trkpt lat="36.4355149" lon="101.5960147"><ele>2766.17</ele><time>2026-05-03T08:53:04Z</time></trkpt>
      <trkpt lat="36.4346371" lon="101.5949649"><ele>2769.41</ele><time>2026-05-03T08:53:11Z</time></trkpt>
      <trkpt lat="36.4337663" lon="101.5941402"><ele>2772.68</ele><time>2026-05-03T08:53:17Z</time></trkpt>
      <trkpt lat="36.4327766" lon="101.5934712"><ele>2776.21</ele><time>2026-05-03T08:53:23Z</time></trkpt>
      <trkpt lat="36.4317559" lon="101.5929528"><ele>2779.34</ele><time>2026-05-03T08:53:29Z</time></trkpt>
      <trkpt lat="36.4307713" lon="101.5925111"><ele>2782.55</ele><time>2026-05-03T08:53:35Z</time></trkpt>
      <trkpt lat="36.4300622" lon="101.5921931"><ele>2784.95</ele><time>2026-05-03T08:53:40Z</time></trkpt>
      <trkpt lat="36.4296769" lon="101.5920231"><ele>2786.5</ele><time>2026-05-03T08:53:44Z</time></trkpt>
      <trkpt lat="36.4294766" lon="101.5919293"><ele>2787.55</ele><time>2026-05-03T08:53:48Z</time></trkpt>
      <trkpt lat="36.4293736" lon="101.5918789"><ele>2788.44</ele><time>2026-05-03T08:53:53Z</time></trkpt>
      <trkpt lat="36.4291863" lon="101.5917957"><ele>2788.77</ele><time>2026-05-03T08:53:57Z</time></trkpt>
      <trkpt lat="36.4288599" lon="101.5916382"><ele>2789.22</ele><time>2026-05-03T08:54:01Z</time></trkpt>
      <trkpt lat="36.4282962" lon="101.5913770"><ele>2790.6</ele><time>2026-05-03T08:54:06Z</time></trkpt>
      <trkpt lat="36.4274623" lon="101.5909951"><ele>2792.96</ele><time>2026-05-03T08:54:12Z</time></trkpt>
      <trkpt lat="36.4265015" lon="101.5906157"><ele>2796.1</ele><time>2026-05-03T08:54:18Z</time></trkpt>
      <trkpt lat="36.4256208" lon="101.5904533"><ele>2798.78</ele><time>2026-05-03T08:54:23Z</time></trkpt>
      <trkpt lat="36.4245178" lon="101.5904671"><ele>2801.99</ele><time>2026-05-03T08:54:29Z</time></trkpt>
      <trkpt lat="36.4232062" lon="101.5904612"><ele>2805.49</ele><time>2026-05-03T08:54:36Z</time></trkpt>
      <trkpt lat="36.4222422" lon="101.5902834"><ele>2808.19</ele><time>2026-05-03T08:54:41Z</time></trkpt>
      <trkpt lat="36.4213099" lon="101.5899288"><ele>2810.96</ele><time>2026-05-03T08:54:46Z</time></trkpt>
      <trkpt lat="36.4204284" lon="101.5894140"><ele>2814.18</ele><time>2026-05-03T08:54:51Z</time></trkpt>
      <trkpt lat="36.4196228" lon="101.5887687"><ele>2817.61</ele><time>2026-05-03T08:54:56Z</time></trkpt>
      <trkpt lat="36.4188383" lon="101.5880977"><ele>2820.62</ele><time>2026-05-03T08:55:01Z</time></trkpt>
      <trkpt lat="36.4180698" lon="101.5874350"><ele>2823.88</ele><time>2026-05-03T08:55:06Z</time></trkpt>
      <trkpt lat="36.4173024" lon="101.5867699"><ele>2827.26</ele><time>2026-05-03T08:55:11Z</time></trkpt>
      <trkpt lat="36.4165354" lon="101.5861010"><ele>2830.72</ele><time>2026-05-03T08:55:16Z</time></trkpt>
      <trkpt lat="36.4157204" lon="101.5854573"><ele>2834.3</ele><time>2026-05-03T08:55:21Z</time></trkpt>
      <trkpt lat="36.4148291" lon="101.5849512"><ele>2837.76</ele><time>2026-05-03T08:55:26Z</time></trkpt>
      <trkpt lat="36.4139065" lon="101.5845602"><ele>2840.85</ele><time>2026-05-03T08:55:31Z</time></trkpt>
      <trkpt lat="36.4130019" lon="101.5842052"><ele>2844.43</ele><time>2026-05-03T08:55:36Z</time></trkpt>
      <trkpt lat="36.4122963" lon="101.5839225"><ele>2847.66</ele><time>2026-05-03T08:55:40Z</time></trkpt>
      <trkpt lat="36.4116056" lon="101.5836519"><ele>2851.36</ele><time>2026-05-03T08:55:44Z</time></trkpt>
      <trkpt lat="36.4110949" lon="101.5834546"><ele>2854.56</ele><time>2026-05-03T08:55:47Z</time></trkpt>
      <trkpt lat="36.4105959" lon="101.5832517"><ele>2857.83</ele><time>2026-05-03T08:55:50Z</time></trkpt>
      <trkpt lat="36.4100955" lon="101.5830595"><ele>2861.19</ele><time>2026-05-03T08:55:53Z</time></trkpt>
      <trkpt lat="36.4096151" lon="101.5828667"><ele>2864.51</ele><time>2026-05-03T08:55:56Z</time></trkpt>
      <trkpt lat="36.4091392" lon="101.5826651"><ele>2867.63</ele><time>2026-05-03T08:55:59Z</time></trkpt>
      <trkpt lat="36.4086672" lon="101.5824518"><ele>2870.65</ele><time>2026-05-03T08:56:02Z</time></trkpt>
      <trkpt lat="36.4080368" lon="101.5821223"><ele>2874.52</ele><time>2026-05-03T08:56:06Z</time></trkpt>
      <trkpt lat="36.4073902" lon="101.5817487"><ele>2878.23</ele><time>2026-05-03T08:56:10Z</time></trkpt>
      <trkpt lat="36.4067486" lon="101.5813380"><ele>2881.45</ele><time>2026-05-03T08:56:14Z</time></trkpt>
      <trkpt lat="36.4061247" lon="101.5808942"><ele>2884.67</ele><time>2026-05-03T08:56:18Z</time></trkpt>
      <trkpt lat="36.4055358" lon="101.5804294"><ele>2888.14</ele><time>2026-05-03T08:56:22Z</time></trkpt>
      <trkpt lat="36.4050952" lon="101.5800400"><ele>2891.15</ele><time>2026-05-03T08:56:25Z</time></trkpt>
      <trkpt lat="36.4046285" lon="101.5796160"><ele>2894.26</ele><time>2026-05-03T08:56:28Z</time></trkpt>
      <trkpt lat="36.4041446" lon="101.5791879"><ele>2897.75</ele><time>2026-05-03T08:56:31Z</time></trkpt>
      <trkpt lat="36.4036587" lon="101.5787566"><ele>2901.37</ele><time>2026-05-03T08:56:34Z</time></trkpt>
      <trkpt lat="36.4031693" lon="101.5783192"><ele>2905.08</ele><time>2026-05-03T08:56:37Z</time></trkpt>
      <trkpt lat="36.4026720" lon="101.5778729"><ele>2908.86</ele><time>2026-05-03T08:56:40Z</time></trkpt>
      <trkpt lat="36.4021612" lon="101.5774152"><ele>2912.38</ele><time>2026-05-03T08:56:43Z</time></trkpt>
      <trkpt lat="36.4014592" lon="101.5767864"><ele>2916.24</ele><time>2026-05-03T08:56:47Z</time></trkpt>
      <trkpt lat="36.4007423" lon="101.5761460"><ele>2920.02</ele><time>2026-05-03T08:56:51Z</time></trkpt>
      <trkpt lat="36.4002057" lon="101.5756711"><ele>2923.22</ele><time>2026-05-03T08:56:54Z</time></trkpt>
      <trkpt lat="36.3995207" lon="101.5750328"><ele>2926.89</ele><time>2026-05-03T08:56:58Z</time></trkpt>
      <trkpt lat="36.3988913" lon="101.5743538"><ele>2930.49</ele><time>2026-05-03T08:57:02Z</time></trkpt>
      <trkpt lat="36.3983248" lon="101.5736269"><ele>2934.12</ele><time>2026-05-03T08:57:06Z</time></trkpt>
      <trkpt lat="36.3978021" lon="101.5728389"><ele>2938.21</ele><time>2026-05-03T08:57:10Z</time></trkpt>
      <trkpt lat="36.3973126" lon="101.5720013"><ele>2941.96</ele><time>2026-05-03T08:57:14Z</time></trkpt>
      <trkpt lat="36.3968363" lon="101.5711368"><ele>2945.69</ele><time>2026-05-03T08:57:18Z</time></trkpt>
      <trkpt lat="36.3964838" lon="101.5704863"><ele>2948.77</ele><time>2026-05-03T08:57:21Z</time></trkpt>
      <trkpt lat="36.3961371" lon="101.5698541"><ele>2952.18</ele><time>2026-05-03T08:57:24Z</time></trkpt>
      <trkpt lat="36.3957866" lon="101.5692171"><ele>2955.18</ele><time>2026-05-03T08:57:27Z</time></trkpt>
      <trkpt lat="36.3953114" lon="101.5683510"><ele>2958.91</ele><time>2026-05-03T08:57:31Z</time></trkpt>
      <trkpt lat="36.3949135" lon="101.5674900"><ele>2962.3</ele><time>2026-05-03T08:57:35Z</time></trkpt>
      <trkpt lat="36.3946599" lon="101.5665708"><ele>2965.46</ele><time>2026-05-03T08:57:39Z</time></trkpt>
      <trkpt lat="36.3944526" lon="101.5656088"><ele>2968.52</ele><time>2026-05-03T08:57:43Z</time></trkpt>
      <trkpt lat="36.3942392" lon="101.5646353"><ele>2971.65</ele><time>2026-05-03T08:57:47Z</time></trkpt>
      <trkpt lat="36.3938652" lon="101.5634857"><ele>2975.22</ele><time>2026-05-03T08:57:52Z</time></trkpt>
      <trkpt lat="36.3933271" lon="101.5624386"><ele>2978.78</ele><time>2026-05-03T08:57:57Z</time></trkpt>
      <trkpt lat="36.3927974" lon="101.5617098"><ele>2982.36</ele><time>2026-05-03T08:58:01Z</time></trkpt>
      <trkpt lat="36.3923697" lon="101.5611968"><ele>2985.64</ele><time>2026-05-03T08:58:04Z</time></trkpt>
      <trkpt lat="36.3919754" lon="101.5607125"><ele>2989.26</ele><time>2026-05-03T08:58:07Z</time></trkpt>
      <trkpt lat="36.3918709" lon="101.5605507"><ele>2990.48</ele><time>2026-05-03T08:58:08Z</time></trkpt>
      <trkpt lat="36.3917895" lon="101.5603819"><ele>2991.68</ele><time>2026-05-03T08:58:09Z</time></trkpt>
      <trkpt lat="36.3917375" lon="101.5602099"><ele>2992.81</ele><time>2026-05-03T08:58:10Z</time></trkpt>
      <trkpt lat="36.3917164" lon="101.5600340"><ele>2993.9</ele><time>2026-05-03T08:58:11Z</time></trkpt>
      <trkpt lat="36.3917394" lon="101.5598639"><ele>2995</ele><time>2026-05-03T08:58:12Z</time></trkpt>
      <trkpt lat="36.3917925" lon="101.5596977"><ele>2996.02</ele><time>2026-05-03T08:58:13Z</time></trkpt>
      <trkpt lat="36.3918605" lon="101.5595395"><ele>2997.02</ele><time>2026-05-03T08:58:14Z</time></trkpt>
      <trkpt lat="36.3919215" lon="101.5593761"><ele>2997.91</ele><time>2026-05-03T08:58:15Z</time></trkpt>
      <trkpt lat="36.3919755" lon="101.5592113"><ele>2998.82</ele><time>2026-05-03T08:58:16Z</time></trkpt>
      <trkpt lat="36.3920097" lon="101.5590376"><ele>2999.62</ele><time>2026-05-03T08:58:17Z</time></trkpt>
      <trkpt lat="36.3920201" lon="101.5588606"><ele>3000.48</ele><time>2026-05-03T08:58:18Z</time></trkpt>
      <trkpt lat="36.3920081" lon="101.5586851"><ele>3001.28</ele><time>2026-05-03T08:58:19Z</time></trkpt>
      <trkpt lat="36.3919760" lon="101.5585119"><ele>3002.03</ele><time>2026-05-03T08:58:20Z</time></trkpt>
      <trkpt lat="36.3919247" lon="101.5583478"><ele>3002.83</ele><time>2026-05-03T08:58:21Z</time></trkpt>
      <trkpt lat="36.3918505" lon="101.5581981"><ele>3003.65</ele><time>2026-05-03T08:58:22Z</time></trkpt>
      <trkpt lat="36.3917547" lon="101.5580644"><ele>3004.49</ele><time>2026-05-03T08:58:23Z</time></trkpt>
      <trkpt lat="36.3916428" lon="101.5579489"><ele>3005.32</ele><time>2026-05-03T08:58:24Z</time></trkpt>
      <trkpt lat="36.3915145" lon="101.5578490"><ele>3006.18</ele><time>2026-05-03T08:58:25Z</time></trkpt>
      <trkpt lat="36.3913750" lon="101.5577561"><ele>3007</ele><time>2026-05-03T08:58:26Z</time></trkpt>
      <trkpt lat="36.3912295" lon="101.5576662"><ele>3007.89</ele><time>2026-05-03T08:58:27Z</time></trkpt>
      <trkpt lat="36.3906251" lon="101.5572921"><ele>3011.49</ele><time>2026-05-03T08:58:31Z</time></trkpt>
      <trkpt lat="36.3901764" lon="101.5569978"><ele>3014.51</ele><time>2026-05-03T08:58:34Z</time></trkpt>
      <trkpt lat="36.3897494" lon="101.5566504"><ele>3017.62</ele><time>2026-05-03T08:58:37Z</time></trkpt>
      <trkpt lat="36.3893412" lon="101.5562429"><ele>3020.6</ele><time>2026-05-03T08:58:40Z</time></trkpt>
      <trkpt lat="36.3892271" lon="101.5560814"><ele>3021.54</ele><time>2026-05-03T08:58:41Z</time></trkpt>
      <trkpt lat="36.3891325" lon="101.5559012"><ele>3022.46</ele><time>2026-05-03T08:58:42Z</time></trkpt>
      <trkpt lat="36.3890596" lon="101.5557048"><ele>3023.38</ele><time>2026-05-03T08:58:43Z</time></trkpt>
      <trkpt lat="36.3890017" lon="101.5555034"><ele>3024.23</ele><time>2026-05-03T08:58:44Z</time></trkpt>
      <trkpt lat="36.3889545" lon="101.5552931"><ele>3025.09</ele><time>2026-05-03T08:58:45Z</time></trkpt>
      <trkpt lat="36.3887281" lon="101.5544687"><ele>3028.03</ele><time>2026-05-03T08:58:49Z</time></trkpt>
      <trkpt lat="36.3886401" lon="101.5542804"><ele>3028.61</ele><time>2026-05-03T08:58:50Z</time></trkpt>
      <trkpt lat="36.3885404" lon="101.5540995"><ele>3029.13</ele><time>2026-05-03T08:58:51Z</time></trkpt>
      <trkpt lat="36.3877465" lon="101.5528527"><ele>3032.66</ele><time>2026-05-03T08:58:58Z</time></trkpt>
      <trkpt lat="36.3870418" lon="101.5517587"><ele>3036.17</ele><time>2026-05-03T08:59:04Z</time></trkpt>
      <trkpt lat="36.3864464" lon="101.5508212"><ele>3039.73</ele><time>2026-05-03T08:59:09Z</time></trkpt>
      <trkpt lat="36.3858858" lon="101.5498958"><ele>3043.06</ele><time>2026-05-03T08:59:14Z</time></trkpt>
      <trkpt lat="36.3854534" lon="101.5489889"><ele>3045.84</ele><time>2026-05-03T08:59:19Z</time></trkpt>
      <trkpt lat="36.3850958" lon="101.5478565"><ele>3048.26</ele><time>2026-05-03T08:59:25Z</time></trkpt>
      <trkpt lat="36.3849143" lon="101.5468960"><ele>3051.38</ele><time>2026-05-03T08:59:30Z</time></trkpt>
      <trkpt lat="36.3846818" lon="101.5461860"><ele>3054.88</ele><time>2026-05-03T08:59:34Z</time></trkpt>
      <trkpt lat="36.3843358" lon="101.5456172"><ele>3058.52</ele><time>2026-05-03T08:59:38Z</time></trkpt>
      <trkpt lat="36.3840613" lon="101.5452062"><ele>3062.33</ele><time>2026-05-03T08:59:42Z</time></trkpt>
      <trkpt lat="36.3840277" lon="101.5451041"><ele>3063.14</ele><time>2026-05-03T08:59:43Z</time></trkpt>
      <trkpt lat="36.3840178" lon="101.5450017"><ele>3063.9</ele><time>2026-05-03T08:59:44Z</time></trkpt>
      <trkpt lat="36.3840169" lon="101.5448956"><ele>3064.58</ele><time>2026-05-03T08:59:45Z</time></trkpt>
      <trkpt lat="36.3840101" lon="101.5447825"><ele>3065.2</ele><time>2026-05-03T08:59:46Z</time></trkpt>
      <trkpt lat="36.3839921" lon="101.5446683"><ele>3065.84</ele><time>2026-05-03T08:59:47Z</time></trkpt>
      <trkpt lat="36.3839588" lon="101.5445516"><ele>3066.44</ele><time>2026-05-03T08:59:48Z</time></trkpt>
      <trkpt lat="36.3839096" lon="101.5444400"><ele>3066.99</ele><time>2026-05-03T08:59:49Z</time></trkpt>
      <trkpt lat="36.3838485" lon="101.5443350"><ele>3067.45</ele><time>2026-05-03T08:59:50Z</time></trkpt>
      <trkpt lat="36.3837832" lon="101.5442323"><ele>3067.94</ele><time>2026-05-03T08:59:51Z</time></trkpt>
      <trkpt lat="36.3833677" lon="101.5435487"><ele>3071.48</ele><time>2026-05-03T08:59:57Z</time></trkpt>
      <trkpt lat="36.3829868" lon="101.5429224"><ele>3075.23</ele><time>2026-05-03T09:00:02Z</time></trkpt>
      <trkpt lat="36.3824755" lon="101.5422630"><ele>3078.91</ele><time>2026-05-03T09:00:07Z</time></trkpt>
      <trkpt lat="36.3819156" lon="101.5415138"><ele>3082.03</ele><time>2026-05-03T09:00:12Z</time></trkpt>
      <trkpt lat="36.3810787" lon="101.5401631"><ele>3085.47</ele><time>2026-05-03T09:00:20Z</time></trkpt>
      <trkpt lat="36.3804631" lon="101.5389270"><ele>3088.56</ele><time>2026-05-03T09:00:27Z</time></trkpt>
      <trkpt lat="36.3798587" lon="101.5376848"><ele>3091.79</ele><time>2026-05-03T09:00:34Z</time></trkpt>
      <trkpt lat="36.3792955" lon="101.5365896"><ele>3095</ele><time>2026-05-03T09:00:40Z</time></trkpt>
      <trkpt lat="36.3788045" lon="101.5355692"><ele>3098.38</ele><time>2026-05-03T09:00:45Z</time></trkpt>
      <trkpt lat="36.3783058" lon="101.5348475"><ele>3102.19</ele><time>2026-05-03T09:00:49Z</time></trkpt>
      <trkpt lat="36.3777062" lon="101.5342566"><ele>3106.04</ele><time>2026-05-03T09:00:53Z</time></trkpt>
      <trkpt lat="36.3771832" lon="101.5335744"><ele>3108.85</ele><time>2026-05-03T09:00:57Z</time></trkpt>
      <trkpt lat="36.3768231" lon="101.5327954"><ele>3111.55</ele><time>2026-05-03T09:01:01Z</time></trkpt>
      <trkpt lat="36.3764938" lon="101.5320173"><ele>3114.63</ele><time>2026-05-03T09:01:05Z</time></trkpt>
      <trkpt lat="36.3761577" lon="101.5312310"><ele>3118.18</ele><time>2026-05-03T09:01:09Z</time></trkpt>
      <trkpt lat="36.3758616" lon="101.5304721"><ele>3121.24</ele><time>2026-05-03T09:01:13Z</time></trkpt>
      <trkpt lat="36.3757261" lon="101.5296643"><ele>3123.23</ele><time>2026-05-03T09:01:17Z</time></trkpt>
      <trkpt lat="36.3756707" lon="101.5285358"><ele>3124.64</ele><time>2026-05-03T09:01:23Z</time></trkpt>
      <trkpt lat="36.3755857" lon="101.5270756"><ele>3125.69</ele><time>2026-05-03T09:01:31Z</time></trkpt>
      <trkpt lat="36.3753934" lon="101.5258571"><ele>3127</ele><time>2026-05-03T09:01:38Z</time></trkpt>
      <trkpt lat="36.3750894" lon="101.5247476"><ele>3129.03</ele><time>2026-05-03T09:01:44Z</time></trkpt>
      <trkpt lat="36.3747370" lon="101.5238587"><ele>3132.91</ele><time>2026-05-03T09:01:49Z</time></trkpt>
      <trkpt lat="36.3745037" lon="101.5233670"><ele>3135.92</ele><time>2026-05-03T09:01:52Z</time></trkpt>
      <trkpt lat="36.3742508" lon="101.5229050"><ele>3139.05</ele><time>2026-05-03T09:01:55Z</time></trkpt>
      <trkpt lat="36.3739739" lon="101.5224583"><ele>3142.11</ele><time>2026-05-03T09:01:58Z</time></trkpt>
      <trkpt lat="36.3736597" lon="101.5220177"><ele>3145.15</ele><time>2026-05-03T09:02:01Z</time></trkpt>
      <trkpt lat="36.3733038" lon="101.5215924"><ele>3148.3</ele><time>2026-05-03T09:02:04Z</time></trkpt>
      <trkpt lat="36.3729267" lon="101.5211661"><ele>3151.76</ele><time>2026-05-03T09:02:07Z</time></trkpt>
      <trkpt lat="36.3725613" lon="101.5207553"><ele>3155.43</ele><time>2026-05-03T09:02:10Z</time></trkpt>
      <trkpt lat="36.3722268" lon="101.5203754"><ele>3158.95</ele><time>2026-05-03T09:02:13Z</time></trkpt>
      <trkpt lat="36.3719097" lon="101.5200041"><ele>3162.16</ele><time>2026-05-03T09:02:16Z</time></trkpt>
      <trkpt lat="36.3716144" lon="101.5196667"><ele>3165.31</ele><time>2026-05-03T09:02:19Z</time></trkpt>
      <trkpt lat="36.3712330" lon="101.5192399"><ele>3168.58</ele><time>2026-05-03T09:02:23Z</time></trkpt>
      <trkpt lat="36.3707231" lon="101.5187138"><ele>3171.67</ele><time>2026-05-03T09:02:28Z</time></trkpt>
      <trkpt lat="36.3701663" lon="101.5181977"><ele>3175.2</ele><time>2026-05-03T09:02:33Z</time></trkpt>
      <trkpt lat="36.3697276" lon="101.5177777"><ele>3178.53</ele><time>2026-05-03T09:02:37Z</time></trkpt>
      <trkpt lat="36.3692948" lon="101.5173420"><ele>3182.08</ele><time>2026-05-03T09:02:41Z</time></trkpt>
      <trkpt lat="36.3688550" lon="101.5168405"><ele>3185.58</ele><time>2026-05-03T09:02:45Z</time></trkpt>
      <trkpt lat="36.3684652" lon="101.5163247"><ele>3188.96</ele><time>2026-05-03T09:02:49Z</time></trkpt>
      <trkpt lat="36.3680346" lon="101.5156622"><ele>3192.38</ele><time>2026-05-03T09:02:54Z</time></trkpt>
      <trkpt lat="36.3676326" lon="101.5149617"><ele>3195.93</ele><time>2026-05-03T09:02:59Z</time></trkpt>
      <trkpt lat="36.3673119" lon="101.5143459"><ele>3199.28</ele><time>2026-05-03T09:03:03Z</time></trkpt>
      <trkpt lat="36.3669940" lon="101.5137358"><ele>3203.15</ele><time>2026-05-03T09:03:07Z</time></trkpt>
      <trkpt lat="36.3667594" lon="101.5133548"><ele>3206.13</ele><time>2026-05-03T09:03:10Z</time></trkpt>
      <trkpt lat="36.3666687" lon="101.5132461"><ele>3207.14</ele><time>2026-05-03T09:03:11Z</time></trkpt>
      <trkpt lat="36.3665707" lon="101.5131509"><ele>3208.12</ele><time>2026-05-03T09:03:12Z</time></trkpt>
      <trkpt lat="36.3664667" lon="101.5130660"><ele>3209.08</ele><time>2026-05-03T09:03:13Z</time></trkpt>
      <trkpt lat="36.3663587" lon="101.5129919"><ele>3209.98</ele><time>2026-05-03T09:03:14Z</time></trkpt>
      <trkpt lat="36.3662485" lon="101.5129245"><ele>3210.9</ele><time>2026-05-03T09:03:15Z</time></trkpt>
      <trkpt lat="36.3657859" lon="101.5126904"><ele>3214.55</ele><time>2026-05-03T09:03:19Z</time></trkpt>
      <trkpt lat="36.3652928" lon="101.5124454"><ele>3218.42</ele><time>2026-05-03T09:03:23Z</time></trkpt>
      <trkpt lat="36.3648322" lon="101.5122008"><ele>3222.14</ele><time>2026-05-03T09:03:27Z</time></trkpt>
      <trkpt lat="36.3643193" lon="101.5118889"><ele>3225.32</ele><time>2026-05-03T09:03:32Z</time></trkpt>
      <trkpt lat="36.3637381" lon="101.5114409"><ele>3228.5</ele><time>2026-05-03T09:03:38Z</time></trkpt>
      <trkpt lat="36.3632470" lon="101.5109768"><ele>3231.57</ele><time>2026-05-03T09:03:43Z</time></trkpt>
      <trkpt lat="36.3627644" lon="101.5104304"><ele>3235.19</ele><time>2026-05-03T09:03:48Z</time></trkpt>
      <trkpt lat="36.3623933" lon="101.5099164"><ele>3238.59</ele><time>2026-05-03T09:03:52Z</time></trkpt>
      <trkpt lat="36.3620489" lon="101.5093070"><ele>3241.98</ele><time>2026-05-03T09:03:56Z</time></trkpt>
      <trkpt lat="36.3617948" lon="101.5086199"><ele>3245.74</ele><time>2026-05-03T09:04:00Z</time></trkpt>
      <trkpt lat="36.3617232" lon="101.5082631"><ele>3247.62</ele><time>2026-05-03T09:04:02Z</time></trkpt>
      <trkpt lat="36.3617082" lon="101.5080780"><ele>3248.47</ele><time>2026-05-03T09:04:03Z</time></trkpt>
      <trkpt lat="36.3617081" lon="101.5078905"><ele>3249.34</ele><time>2026-05-03T09:04:04Z</time></trkpt>
      <trkpt lat="36.3617217" lon="101.5077055"><ele>3250.25</ele><time>2026-05-03T09:04:05Z</time></trkpt>
      <trkpt lat="36.3617476" lon="101.5075217"><ele>3251.19</ele><time>2026-05-03T09:04:06Z</time></trkpt>
      <trkpt lat="36.3617884" lon="101.5073433"><ele>3252.14</ele><time>2026-05-03T09:04:07Z</time></trkpt>
      <trkpt lat="36.3618424" lon="101.5071714"><ele>3253.2</ele><time>2026-05-03T09:04:08Z</time></trkpt>
      <trkpt lat="36.3619095" lon="101.5070073"><ele>3254.22</ele><time>2026-05-03T09:04:09Z</time></trkpt>
      <trkpt lat="36.3619838" lon="101.5068550"><ele>3255.21</ele><time>2026-05-03T09:04:10Z</time></trkpt>
      <trkpt lat="36.3620656" lon="101.5067156"><ele>3256.1</ele><time>2026-05-03T09:04:11Z</time></trkpt>
      <trkpt lat="36.3621481" lon="101.5065906"><ele>3257.02</ele><time>2026-05-03T09:04:12Z</time></trkpt>
      <trkpt lat="36.3623359" lon="101.5062836"><ele>3259.49</ele><time>2026-05-03T09:04:15Z</time></trkpt>
      <trkpt lat="36.3623702" lon="101.5061976"><ele>3260.26</ele><time>2026-05-03T09:04:16Z</time></trkpt>
      <trkpt lat="36.3623876" lon="101.5061089"><ele>3260.97</ele><time>2026-05-03T09:04:17Z</time></trkpt>
      <trkpt lat="36.3623848" lon="101.5060190"><ele>3261.65</ele><time>2026-05-03T09:04:18Z</time></trkpt>
      <trkpt lat="36.3623633" lon="101.5059341"><ele>3262.26</ele><time>2026-05-03T09:04:19Z</time></trkpt>
      <trkpt lat="36.3623190" lon="101.5058590"><ele>3262.78</ele><time>2026-05-03T09:04:20Z</time></trkpt>
      <trkpt lat="36.3622538" lon="101.5057910"><ele>3263.22</ele><time>2026-05-03T09:04:21Z</time></trkpt>
      <trkpt lat="36.3621758" lon="101.5057428"><ele>3263.62</ele><time>2026-05-03T09:04:22Z</time></trkpt>
      <trkpt lat="36.3620875" lon="101.5057179"><ele>3263.97</ele><time>2026-05-03T09:04:23Z</time></trkpt>
      <trkpt lat="36.3619937" lon="101.5057255"><ele>3264.32</ele><time>2026-05-03T09:04:24Z</time></trkpt>
      <trkpt lat="36.3619056" lon="101.5057683"><ele>3264.66</ele><time>2026-05-03T09:04:25Z</time></trkpt>
      <trkpt lat="36.3618300" lon="101.5058613"><ele>3265</ele><time>2026-05-03T09:04:26Z</time></trkpt>
      <trkpt lat="36.3617698" lon="101.5059768"><ele>3265.26</ele><time>2026-05-03T09:04:27Z</time></trkpt>
      <trkpt lat="36.3617272" lon="101.5061157"><ele>3265.57</ele><time>2026-05-03T09:04:28Z</time></trkpt>
      <trkpt lat="36.3616857" lon="101.5062479"><ele>3265.99</ele><time>2026-05-03T09:04:29Z</time></trkpt>
      <trkpt lat="36.3614063" lon="101.5071374"><ele>3267.94</ele><time>2026-05-03T09:04:35Z</time></trkpt>
      <trkpt lat="36.3610814" lon="101.5081719"><ele>3271.17</ele><time>2026-05-03T09:04:42Z</time></trkpt>
      <trkpt lat="36.3610375" lon="101.5082947"><ele>3271.54</ele><time>2026-05-03T09:04:43Z</time></trkpt>
      <trkpt lat="36.3609841" lon="101.5084008"><ele>3271.98</ele><time>2026-05-03T09:04:44Z</time></trkpt>
      <trkpt lat="36.3609175" lon="101.5084893"><ele>3272.46</ele><time>2026-05-03T09:04:45Z</time></trkpt>
      <trkpt lat="36.3608408" lon="101.5085385"><ele>3272.79</ele><time>2026-05-03T09:04:46Z</time></trkpt>
      <trkpt lat="36.3607613" lon="101.5085627"><ele>3273.17</ele><time>2026-05-03T09:04:47Z</time></trkpt>
      <trkpt lat="36.3606799" lon="101.5085533"><ele>3273.54</ele><time>2026-05-03T09:04:48Z</time></trkpt>
      <trkpt lat="36.3606054" lon="101.5084830"><ele>3273.99</ele><time>2026-05-03T09:04:49Z</time></trkpt>
      <trkpt lat="36.3605396" lon="101.5083873"><ele>3274.36</ele><time>2026-05-03T09:04:50Z</time></trkpt>
      <trkpt lat="36.3604923" lon="101.5082685"><ele>3274.77</ele><time>2026-05-03T09:04:51Z</time></trkpt>
      <trkpt lat="36.3604653" lon="101.5081402"><ele>3275.15</ele><time>2026-05-03T09:04:52Z</time></trkpt>
      <trkpt lat="36.3604549" lon="101.5079947"><ele>3275.54</ele><time>2026-05-03T09:04:53Z</time></trkpt>
      <trkpt lat="36.3604539" lon="101.5078457"><ele>3275.94</ele><time>2026-05-03T09:04:54Z</time></trkpt>
      <trkpt lat="36.3604570" lon="101.5076951"><ele>3276.39</ele><time>2026-05-03T09:04:55Z</time></trkpt>
      <trkpt lat="36.3604692" lon="101.5075430"><ele>3276.79</ele><time>2026-05-03T09:04:56Z</time></trkpt>
      <trkpt lat="36.3604938" lon="101.5073875"><ele>3277.18</ele><time>2026-05-03T09:04:57Z</time></trkpt>
      <trkpt lat="36.3605296" lon="101.5072347"><ele>3277.58</ele><time>2026-05-03T09:04:58Z</time></trkpt>
      <trkpt lat="36.3605757" lon="101.5070829"><ele>3278.01</ele><time>2026-05-03T09:04:59Z</time></trkpt>
      <trkpt lat="36.3606389" lon="101.5069384"><ele>3278.42</ele><time>2026-05-03T09:05:00Z</time></trkpt>
      <trkpt lat="36.3607084" lon="101.5067974"><ele>3278.9</ele><time>2026-05-03T09:05:01Z</time></trkpt>
      <trkpt lat="36.3607892" lon="101.5066659"><ele>3279.32</ele><time>2026-05-03T09:05:02Z</time></trkpt>
      <trkpt lat="36.3608797" lon="101.5065411"><ele>3279.83</ele><time>2026-05-03T09:05:03Z</time></trkpt>
      <trkpt lat="36.3609769" lon="101.5064222"><ele>3280.37</ele><time>2026-05-03T09:05:04Z</time></trkpt>
      <trkpt lat="36.3610773" lon="101.5063060"><ele>3280.89</ele><time>2026-05-03T09:05:05Z</time></trkpt>
      <trkpt lat="36.3616914" lon="101.5056277"><ele>3284.05</ele><time>2026-05-03T09:05:11Z</time></trkpt>
      <trkpt lat="36.3619390" lon="101.5052910"><ele>3285.79</ele><time>2026-05-03T09:05:14Z</time></trkpt>
      <trkpt lat="36.3619979" lon="101.5051656"><ele>3286.42</ele><time>2026-05-03T09:05:15Z</time></trkpt>
      <trkpt lat="36.3620455" lon="101.5050352"><ele>3287.04</ele><time>2026-05-03T09:05:16Z</time></trkpt>
      <trkpt lat="36.3620739" lon="101.5048974"><ele>3287.69</ele><time>2026-05-03T09:05:17Z</time></trkpt>
      <trkpt lat="36.3620818" lon="101.5047523"><ele>3288.46</ele><time>2026-05-03T09:05:18Z</time></trkpt>
      <trkpt lat="36.3620729" lon="101.5046067"><ele>3289.19</ele><time>2026-05-03T09:05:19Z</time></trkpt>
      <trkpt lat="36.3620464" lon="101.5044628"><ele>3289.92</ele><time>2026-05-03T09:05:20Z</time></trkpt>
      <trkpt lat="36.3620106" lon="101.5043199"><ele>3290.72</ele><time>2026-05-03T09:05:21Z</time></trkpt>
      <trkpt lat="36.3619517" lon="101.5040277"><ele>3292.42</ele><time>2026-05-03T09:05:23Z</time></trkpt>
      <trkpt lat="36.3619423" lon="101.5038788"><ele>3293.24</ele><time>2026-05-03T09:05:24Z</time></trkpt>
      <trkpt lat="36.3619511" lon="101.5037304"><ele>3294.07</ele><time>2026-05-03T09:05:25Z</time></trkpt>
      <trkpt lat="36.3619828" lon="101.5035898"><ele>3294.93</ele><time>2026-05-03T09:05:26Z</time></trkpt>
      <trkpt lat="36.3620321" lon="101.5034615"><ele>3295.74</ele><time>2026-05-03T09:05:27Z</time></trkpt>
      <trkpt lat="36.3621008" lon="101.5033564"><ele>3296.56</ele><time>2026-05-03T09:05:28Z</time></trkpt>
      <trkpt lat="36.3621866" lon="101.5032760"><ele>3297.39</ele><time>2026-05-03T09:05:29Z</time></trkpt>
      <trkpt lat="36.3622925" lon="101.5032252"><ele>3298.25</ele><time>2026-05-03T09:05:30Z</time></trkpt>
      <trkpt lat="36.3624021" lon="101.5032021"><ele>3299.13</ele><time>2026-05-03T09:05:31Z</time></trkpt>
      <trkpt lat="36.3625194" lon="101.5032068"><ele>3300.02</ele><time>2026-05-03T09:05:32Z</time></trkpt>
      <trkpt lat="36.3626350" lon="101.5032257"><ele>3300.87</ele><time>2026-05-03T09:05:33Z</time></trkpt>
      <trkpt lat="36.3627488" lon="101.5032573"><ele>3301.72</ele><time>2026-05-03T09:05:34Z</time></trkpt>
      <trkpt lat="36.3628603" lon="101.5032978"><ele>3302.55</ele><time>2026-05-03T09:05:35Z</time></trkpt>
      <trkpt lat="36.3630937" lon="101.5033496"><ele>3304.18</ele><time>2026-05-03T09:05:37Z</time></trkpt>
      <trkpt lat="36.3632138" lon="101.5033507"><ele>3305</ele><time>2026-05-03T09:05:38Z</time></trkpt>
      <trkpt lat="36.3633320" lon="101.5033325"><ele>3305.86</ele><time>2026-05-03T09:05:39Z</time></trkpt>
      <trkpt lat="36.3634461" lon="101.5032931"><ele>3306.63</ele><time>2026-05-03T09:05:40Z</time></trkpt>
      <trkpt lat="36.3635566" lon="101.5032331"><ele>3307.45</ele><time>2026-05-03T09:05:41Z</time></trkpt>
      <trkpt lat="36.3636580" lon="101.5031560"><ele>3308.37</ele><time>2026-05-03T09:05:42Z</time></trkpt>
      <trkpt lat="36.3637495" lon="101.5030596"><ele>3309.22</ele><time>2026-05-03T09:05:43Z</time></trkpt>
      <trkpt lat="36.3638308" lon="101.5029482"><ele>3310.09</ele><time>2026-05-03T09:05:44Z</time></trkpt>
      <trkpt lat="36.3639010" lon="101.5028233"><ele>3310.94</ele><time>2026-05-03T09:05:45Z</time></trkpt>
      <trkpt lat="36.3639558" lon="101.5026879"><ele>3311.84</ele><time>2026-05-03T09:05:46Z</time></trkpt>
      <trkpt lat="36.3640023" lon="101.5025441"><ele>3312.75</ele><time>2026-05-03T09:05:47Z</time></trkpt>
      <trkpt lat="36.3641903" lon="101.5019194"><ele>3316.16</ele><time>2026-05-03T09:05:51Z</time></trkpt>
      <trkpt lat="36.3643990" lon="101.5012285"><ele>3319.44</ele><time>2026-05-03T09:05:55Z</time></trkpt>
      <trkpt lat="36.3646695" lon="101.5003584"><ele>3323.11</ele><time>2026-05-03T09:06:00Z</time></trkpt>
      <trkpt lat="36.3648728" lon="101.4996996"><ele>3326.33</ele><time>2026-05-03T09:06:04Z</time></trkpt>
      <trkpt lat="36.3650576" lon="101.4990758"><ele>3330.08</ele><time>2026-05-03T09:06:08Z</time></trkpt>
      <trkpt lat="36.3651581" lon="101.4985796"><ele>3333.2</ele><time>2026-05-03T09:06:11Z</time></trkpt>
      <trkpt lat="36.3651937" lon="101.4980476"><ele>3336.34</ele><time>2026-05-03T09:06:14Z</time></trkpt>
      <trkpt lat="36.3651753" lon="101.4975039"><ele>3339.49</ele><time>2026-05-03T09:06:17Z</time></trkpt>
      <trkpt lat="36.3651598" lon="101.4969791"><ele>3342.74</ele><time>2026-05-03T09:06:20Z</time></trkpt>
      <trkpt lat="36.3652121" lon="101.4964723"><ele>3345.79</ele><time>2026-05-03T09:06:23Z</time></trkpt>
      <trkpt lat="36.3652494" lon="101.4963081"><ele>3346.77</ele><time>2026-05-03T09:06:24Z</time></trkpt>
      <trkpt lat="36.3653012" lon="101.4961450"><ele>3347.76</ele><time>2026-05-03T09:06:25Z</time></trkpt>
      <trkpt lat="36.3653660" lon="101.4959835"><ele>3348.67</ele><time>2026-05-03T09:06:26Z</time></trkpt>
      <trkpt lat="36.3654389" lon="101.4958254"><ele>3349.59</ele><time>2026-05-03T09:06:27Z</time></trkpt>
      <trkpt lat="36.3655185" lon="101.4956730"><ele>3350.53</ele><time>2026-05-03T09:06:28Z</time></trkpt>
      <trkpt lat="36.3656039" lon="101.4955283"><ele>3351.5</ele><time>2026-05-03T09:06:29Z</time></trkpt>
      <trkpt lat="36.3656930" lon="101.4953925"><ele>3352.36</ele><time>2026-05-03T09:06:30Z</time></trkpt>
      <trkpt lat="36.3660284" lon="101.4949041"><ele>3355.47</ele><time>2026-05-03T09:06:34Z</time></trkpt>
      <trkpt lat="36.3664486" lon="101.4942882"><ele>3358.8</ele><time>2026-05-03T09:06:40Z</time></trkpt>
      <trkpt lat="36.3668809" lon="101.4936472"><ele>3362.25</ele><time>2026-05-03T09:06:46Z</time></trkpt>
      <trkpt lat="36.3672820" lon="101.4930701"><ele>3365.81</ele><time>2026-05-03T09:06:51Z</time></trkpt>
      <trkpt lat="36.3676156" lon="101.4925859"><ele>3368.96</ele><time>2026-05-03T09:06:55Z</time></trkpt>
      <trkpt lat="36.3679311" lon="101.4921135"><ele>3372.13</ele><time>2026-05-03T09:06:59Z</time></trkpt>
      <trkpt lat="36.3681812" lon="101.4915742"><ele>3375.24</ele><time>2026-05-03T09:07:03Z</time></trkpt>
      <trkpt lat="36.3683008" lon="101.4910084"><ele>3378.53</ele><time>2026-05-03T09:07:07Z</time></trkpt>
      <trkpt lat="36.3683035" lon="101.4905662"><ele>3381.37</ele><time>2026-05-03T09:07:11Z</time></trkpt>
      <trkpt lat="36.3682525" lon="101.4901999"><ele>3384.41</ele><time>2026-05-03T09:07:16Z</time></trkpt>
      <trkpt lat="36.3681787" lon="101.4899896"><ele>3385.8</ele><time>2026-05-03T09:07:19Z</time></trkpt>
      <trkpt lat="36.3681365" lon="101.4899227"><ele>3386.19</ele><time>2026-05-03T09:07:20Z</time></trkpt>
      <trkpt lat="36.3680832" lon="101.4898630"><ele>3386.58</ele><time>2026-05-03T09:07:21Z</time></trkpt>
      <trkpt lat="36.3680207" lon="101.4898162"><ele>3386.91</ele><time>2026-05-03T09:07:22Z</time></trkpt>
      <trkpt lat="36.3679508" lon="101.4897912"><ele>3387.24</ele><time>2026-05-03T09:07:23Z</time></trkpt>
      <trkpt lat="36.3678749" lon="101.4897928"><ele>3387.58</ele><time>2026-05-03T09:07:24Z</time></trkpt>
      <trkpt lat="36.3678024" lon="101.4898202"><ele>3387.94</ele><time>2026-05-03T09:07:25Z</time></trkpt>
      <trkpt lat="36.3677347" lon="101.4898637"><ele>3388.23</ele><time>2026-05-03T09:07:26Z</time></trkpt>
      <trkpt lat="36.3676766" lon="101.4899269"><ele>3388.54</ele><time>2026-05-03T09:07:27Z</time></trkpt>
      <trkpt lat="36.3676283" lon="101.4900070"><ele>3388.79</ele><time>2026-05-03T09:07:28Z</time></trkpt>
      <trkpt lat="36.3675834" lon="101.4900937"><ele>3389.03</ele><time>2026-05-03T09:07:29Z</time></trkpt>
      <trkpt lat="36.3675352" lon="101.4901886"><ele>3389.35</ele><time>2026-05-03T09:07:30Z</time></trkpt>
      <trkpt lat="36.3672324" lon="101.4906843"><ele>3390.63</ele><time>2026-05-03T09:07:35Z</time></trkpt>
      <trkpt lat="36.3668867" lon="101.4909980"><ele>3391.92</ele><time>2026-05-03T09:07:39Z</time></trkpt>
      <trkpt lat="36.3667847" lon="101.4910552"><ele>3392.29</ele><time>2026-05-03T09:07:40Z</time></trkpt>
      <trkpt lat="36.3666778" lon="101.4910981"><ele>3392.72</ele><time>2026-05-03T09:07:41Z</time></trkpt>
      <trkpt lat="36.3665677" lon="101.4911291"><ele>3393.22</ele><time>2026-05-03T09:07:42Z</time></trkpt>
      <trkpt lat="36.3664583" lon="101.4911494"><ele>3393.65</ele><time>2026-05-03T09:07:43Z</time></trkpt>
      <trkpt lat="36.3663516" lon="101.4911627"><ele>3394.26</ele><time>2026-05-03T09:07:44Z</time></trkpt>
      <trkpt lat="36.3658801" lon="101.4912062"><ele>3397.67</ele><time>2026-05-03T09:07:49Z</time></trkpt>
      <trkpt lat="36.3654203" lon="101.4912801"><ele>3400.89</ele><time>2026-05-03T09:07:54Z</time></trkpt>
      <trkpt lat="36.3651575" lon="101.4913318"><ele>3402.53</ele><time>2026-05-03T09:07:57Z</time></trkpt>
      <trkpt lat="36.3650762" lon="101.4913224"><ele>3403.08</ele><time>2026-05-03T09:07:58Z</time></trkpt>
      <trkpt lat="36.3650028" lon="101.4912889"><ele>3403.55</ele><time>2026-05-03T09:07:59Z</time></trkpt>
      <trkpt lat="36.3649406" lon="101.4912374"><ele>3403.94</ele><time>2026-05-03T09:08:00Z</time></trkpt>
      <trkpt lat="36.3648946" lon="101.4911694"><ele>3404.39</ele><time>2026-05-03T09:08:01Z</time></trkpt>
      <trkpt lat="36.3648716" lon="101.4910902"><ele>3404.79</ele><time>2026-05-03T09:08:02Z</time></trkpt>
      <trkpt lat="36.3648706" lon="101.4910121"><ele>3405.25</ele><time>2026-05-03T09:08:03Z</time></trkpt>
      <trkpt lat="36.3648881" lon="101.4909363"><ele>3405.65</ele><time>2026-05-03T09:08:04Z</time></trkpt>
      <trkpt lat="36.3649150" lon="101.4908680"><ele>3406.11</ele><time>2026-05-03T09:08:05Z</time></trkpt>
      <trkpt lat="36.3649508" lon="101.4908056"><ele>3406.48</ele><time>2026-05-03T09:08:06Z</time></trkpt>
      <trkpt lat="36.3649914" lon="101.4907507"><ele>3406.81</ele><time>2026-05-03T09:08:07Z</time></trkpt>
      <trkpt lat="36.3650372" lon="101.4907004"><ele>3407.12</ele><time>2026-05-03T09:08:08Z</time></trkpt>
      <trkpt lat="36.3650901" lon="101.4906531"><ele>3407.41</ele><time>2026-05-03T09:08:09Z</time></trkpt>
      <trkpt lat="36.3651548" lon="101.4906134"><ele>3407.77</ele><time>2026-05-03T09:08:10Z</time></trkpt>
      <trkpt lat="36.3652331" lon="101.4905765"><ele>3408</ele><time>2026-05-03T09:08:11Z</time></trkpt>
      <trkpt lat="36.3653175" lon="101.4905368"><ele>3408.25</ele><time>2026-05-03T09:08:12Z</time></trkpt>
      <trkpt lat="36.3654036" lon="101.4904889"><ele>3408.6</ele><time>2026-05-03T09:08:13Z</time></trkpt>
      <trkpt lat="36.3654891" lon="101.4904293"><ele>3408.89</ele><time>2026-05-03T09:08:14Z</time></trkpt>
      <trkpt lat="36.3655708" lon="101.4903610"><ele>3409.2</ele><time>2026-05-03T09:08:15Z</time></trkpt>
      <trkpt lat="36.3656518" lon="101.4902850"><ele>3409.48</ele><time>2026-05-03T09:08:16Z</time></trkpt>
      <trkpt lat="36.3657295" lon="101.4901999"><ele>3409.8</ele><time>2026-05-03T09:08:17Z</time></trkpt>
      <trkpt lat="36.3658037" lon="101.4901067"><ele>3410.14</ele><time>2026-05-03T09:08:18Z</time></trkpt>
      <trkpt lat="36.3658718" lon="101.4900072"><ele>3410.55</ele><time>2026-05-03T09:08:19Z</time></trkpt>
      <trkpt lat="36.3659377" lon="101.4898996"><ele>3410.88</ele><time>2026-05-03T09:08:20Z</time></trkpt>
      <trkpt lat="36.3662988" lon="101.4891588"><ele>3413.54</ele><time>2026-05-03T09:08:26Z</time></trkpt>
      <trkpt lat="36.3666545" lon="101.4881853"><ele>3416.7</ele><time>2026-05-03T09:08:33Z</time></trkpt>
      <trkpt lat="36.3669297" lon="101.4870726"><ele>3420.01</ele><time>2026-05-03T09:08:40Z</time></trkpt>
      <trkpt lat="36.3670566" lon="101.4861414"><ele>3423.27</ele><time>2026-05-03T09:08:45Z</time></trkpt>
      <trkpt lat="36.3671982" lon="101.4854010"><ele>3426.28</ele><time>2026-05-03T09:08:49Z</time></trkpt>
      <trkpt lat="36.3675250" lon="101.4845510"><ele>3429.96</ele><time>2026-05-03T09:08:54Z</time></trkpt>
      <trkpt lat="36.3678948" lon="101.4837047"><ele>3433.69</ele><time>2026-05-03T09:08:59Z</time></trkpt>
      <trkpt lat="36.3682107" lon="101.4829829"><ele>3436.82</ele><time>2026-05-03T09:09:03Z</time></trkpt>
      <trkpt lat="36.3685361" lon="101.4822597"><ele>3440.07</ele><time>2026-05-03T09:09:07Z</time></trkpt>
      <trkpt lat="36.3688630" lon="101.4815384"><ele>3443.25</ele><time>2026-05-03T09:09:11Z</time></trkpt>
      <trkpt lat="36.3691365" lon="101.4808899"><ele>3445.91</ele><time>2026-05-03T09:09:15Z</time></trkpt>
      <trkpt lat="36.3691792" lon="101.4807296"><ele>3446.52</ele><time>2026-05-03T09:09:16Z</time></trkpt>
      <trkpt lat="36.3692078" lon="101.4805660"><ele>3447</ele><time>2026-05-03T09:09:17Z</time></trkpt>
      <trkpt lat="36.3692197" lon="101.4803997"><ele>3447.54</ele><time>2026-05-03T09:09:18Z</time></trkpt>
      <trkpt lat="36.3692136" lon="101.4802319"><ele>3447.95</ele><time>2026-05-03T09:09:19Z</time></trkpt>
      <trkpt lat="36.3691918" lon="101.4800654"><ele>3448.39</ele><time>2026-05-03T09:09:20Z</time></trkpt>
      <trkpt lat="36.3691618" lon="101.4799015"><ele>3448.82</ele><time>2026-05-03T09:09:21Z</time></trkpt>
      <trkpt lat="36.3689148" lon="101.4786798"><ele>3452.31</ele><time>2026-05-03T09:09:28Z</time></trkpt>
      <trkpt lat="36.3687550" lon="101.4779325"><ele>3455.38</ele><time>2026-05-03T09:09:32Z</time></trkpt>
      <trkpt lat="36.3687070" lon="101.4771759"><ele>3458.93</ele><time>2026-05-03T09:09:36Z</time></trkpt>
      <trkpt lat="36.3688143" lon="101.4764467"><ele>3462.55</ele><time>2026-05-03T09:09:40Z</time></trkpt>
      <trkpt lat="36.3689689" lon="101.4757008"><ele>3466.28</ele><time>2026-05-03T09:09:44Z</time></trkpt>
      <trkpt lat="36.3691069" lon="101.4749528"><ele>3470.21</ele><time>2026-05-03T09:09:48Z</time></trkpt>
      <trkpt lat="36.3691192" lon="101.4747694"><ele>3471.21</ele><time>2026-05-03T09:09:49Z</time></trkpt>
      <trkpt lat="36.3691104" lon="101.4745857"><ele>3472.17</ele><time>2026-05-03T09:09:50Z</time></trkpt>
      <trkpt lat="36.3690790" lon="101.4744072"><ele>3473.17</ele><time>2026-05-03T09:09:51Z</time></trkpt>
      <trkpt lat="36.3690276" lon="101.4742353"><ele>3474.16</ele><time>2026-05-03T09:09:52Z</time></trkpt>
      <trkpt lat="36.3689581" lon="101.4740772"><ele>3475.13</ele><time>2026-05-03T09:09:53Z</time></trkpt>
      <trkpt lat="36.3688822" lon="101.4739261"><ele>3476.07</ele><time>2026-05-03T09:09:54Z</time></trkpt>
      <trkpt lat="36.3685625" lon="101.4733298"><ele>3479.41</ele><time>2026-05-03T09:09:58Z</time></trkpt>
      <trkpt lat="36.3682163" lon="101.4726533"><ele>3482.87</ele><time>2026-05-03T09:10:02Z</time></trkpt>
      <trkpt lat="36.3679367" lon="101.4718504"><ele>3486.17</ele><time>2026-05-03T09:10:06Z</time></trkpt>
      <trkpt lat="36.3678351" lon="101.4709629"><ele>3489.52</ele><time>2026-05-03T09:10:10Z</time></trkpt>
      <trkpt lat="36.3678906" lon="101.4700955"><ele>3493.16</ele><time>2026-05-03T09:10:14Z</time></trkpt>
      <trkpt lat="36.3679532" lon="101.4694732"><ele>3496.4</ele><time>2026-05-03T09:10:17Z</time></trkpt>
      <trkpt lat="36.3680125" lon="101.4688640"><ele>3499.79</ele><time>2026-05-03T09:10:20Z</time></trkpt>
      <trkpt lat="36.3680025" lon="101.4684667"><ele>3501.91</ele><time>2026-05-03T09:10:22Z</time></trkpt>
      <trkpt lat="36.3679690" lon="101.4682772"><ele>3502.85</ele><time>2026-05-03T09:10:23Z</time></trkpt>
      <trkpt lat="36.3679195" lon="101.4680944"><ele>3503.8</ele><time>2026-05-03T09:10:24Z</time></trkpt>
      <trkpt lat="36.3678565" lon="101.4679203"><ele>3504.87</ele><time>2026-05-03T09:10:25Z</time></trkpt>
      <trkpt lat="36.3677843" lon="101.4677526"><ele>3506.03</ele><time>2026-05-03T09:10:26Z</time></trkpt>
      <trkpt lat="36.3677029" lon="101.4675897"><ele>3507.13</ele><time>2026-05-03T09:10:27Z</time></trkpt>
      <trkpt lat="36.3676197" lon="101.4674254"><ele>3508.22</ele><time>2026-05-03T09:10:28Z</time></trkpt>
      <trkpt lat="36.3674746" lon="101.4670723"><ele>3510.29</ele><time>2026-05-03T09:10:30Z</time></trkpt>
      <trkpt lat="36.3674240" lon="101.4668825"><ele>3511.16</ele><time>2026-05-03T09:10:31Z</time></trkpt>
      <trkpt lat="36.3673914" lon="101.4666862"><ele>3512.05</ele><time>2026-05-03T09:10:32Z</time></trkpt>
      <trkpt lat="36.3673773" lon="101.4664861"><ele>3513.04</ele><time>2026-05-03T09:10:33Z</time></trkpt>
      <trkpt lat="36.3673814" lon="101.4662873"><ele>3514.01</ele><time>2026-05-03T09:10:34Z</time></trkpt>
      <trkpt lat="36.3674014" lon="101.4660892"><ele>3514.99</ele><time>2026-05-03T09:10:35Z</time></trkpt>
      <trkpt lat="36.3674336" lon="101.4658939"><ele>3516.03</ele><time>2026-05-03T09:10:36Z</time></trkpt>
      <trkpt lat="36.3675944" lon="101.4651125"><ele>3519.94</ele><time>2026-05-03T09:10:40Z</time></trkpt>
      <trkpt lat="36.3677485" lon="101.4643311"><ele>3523.37</ele><time>2026-05-03T09:10:44Z</time></trkpt>
      <trkpt lat="36.3678575" lon="101.4635742"><ele>3526.74</ele><time>2026-05-03T09:10:48Z</time></trkpt>
      <trkpt lat="36.3678959" lon="101.4628443"><ele>3530.5</ele><time>2026-05-03T09:10:52Z</time></trkpt>
      <trkpt lat="36.3678710" lon="101.4621854"><ele>3534.5</ele><time>2026-05-03T09:10:56Z</time></trkpt>
      <trkpt lat="36.3677974" lon="101.4616271"><ele>3538.17</ele><time>2026-05-03T09:11:00Z</time></trkpt>
      <trkpt lat="36.3676378" lon="101.4611126"><ele>3541.54</ele><time>2026-05-03T09:11:04Z</time></trkpt>
      <trkpt lat="36.3673788" lon="101.4606278"><ele>3544.78</ele><time>2026-05-03T09:11:08Z</time></trkpt>
      <trkpt lat="36.3670852" lon="101.4601486"><ele>3548.08</ele><time>2026-05-03T09:11:12Z</time></trkpt>
      <trkpt lat="36.3669295" lon="101.4597472"><ele>3550.44</ele><time>2026-05-03T09:11:15Z</time></trkpt>
      <trkpt lat="36.3668469" lon="101.4592453"><ele>3553.75</ele><time>2026-05-03T09:11:19Z</time></trkpt>
      <trkpt lat="36.3668023" lon="101.4587681"><ele>3556.92</ele><time>2026-05-03T09:11:23Z</time></trkpt>
      <trkpt lat="36.3667511" lon="101.4583264"><ele>3559.96</ele><time>2026-05-03T09:11:27Z</time></trkpt>
      <trkpt lat="36.3667039" lon="101.4578062"><ele>3563.37</ele><time>2026-05-03T09:11:32Z</time></trkpt>
      <trkpt lat="36.3666329" lon="101.4573192"><ele>3566.18</ele><time>2026-05-03T09:11:37Z</time></trkpt>
      <trkpt lat="36.3665956" lon="101.4572303"><ele>3566.63</ele><time>2026-05-03T09:11:38Z</time></trkpt>
      <trkpt lat="36.3665474" lon="101.4571530"><ele>3567.13</ele><time>2026-05-03T09:11:39Z</time></trkpt>
      <trkpt lat="36.3664919" lon="101.4570898"><ele>3567.59</ele><time>2026-05-03T09:11:40Z</time></trkpt>
      <trkpt lat="36.3664292" lon="101.4570436"><ele>3568.01</ele><time>2026-05-03T09:11:41Z</time></trkpt>
      <trkpt lat="36.3663608" lon="101.4570157"><ele>3568.42</ele><time>2026-05-03T09:11:42Z</time></trkpt>
      <trkpt lat="36.3662875" lon="101.4570062"><ele>3568.87</ele><time>2026-05-03T09:11:43Z</time></trkpt>
      <trkpt lat="36.3662092" lon="101.4570117"><ele>3569.24</ele><time>2026-05-03T09:11:44Z</time></trkpt>
      <trkpt lat="36.3661319" lon="101.4570354"><ele>3569.59</ele><time>2026-05-03T09:11:45Z</time></trkpt>
      <trkpt lat="36.3660572" lon="101.4570747"><ele>3569.85</ele><time>2026-05-03T09:11:46Z</time></trkpt>
      <trkpt lat="36.3659900" lon="101.4571298"><ele>3570.19</ele><time>2026-05-03T09:11:47Z</time></trkpt>
      <trkpt lat="36.3659324" lon="101.4572083"><ele>3570.48</ele><time>2026-05-03T09:11:48Z</time></trkpt>
      <trkpt lat="36.3658848" lon="101.4573119"><ele>3570.79</ele><time>2026-05-03T09:11:49Z</time></trkpt>
      <trkpt lat="36.3658505" lon="101.4574296"><ele>3571.08</ele><time>2026-05-03T09:11:50Z</time></trkpt>
      <trkpt lat="36.3658264" lon="101.4575544"><ele>3571.36</ele><time>2026-05-03T09:11:51Z</time></trkpt>
      <trkpt lat="36.3658098" lon="101.4576803"><ele>3571.68</ele><time>2026-05-03T09:11:52Z</time></trkpt>
      <trkpt lat="36.3657952" lon="101.4578103"><ele>3571.96</ele><time>2026-05-03T09:11:53Z</time></trkpt>
      <trkpt lat="36.3656910" lon="101.4587925"><ele>3574.42</ele><time>2026-05-03T09:12:00Z</time></trkpt>
      <trkpt lat="36.3655871" lon="101.4597755"><ele>3576.44</ele><time>2026-05-03T09:12:06Z</time></trkpt>
      <trkpt lat="36.3655093" lon="101.4605942"><ele>3578.48</ele><time>2026-05-03T09:12:12Z</time></trkpt>
      <trkpt lat="36.3654731" lon="101.4608288"><ele>3579.23</ele><time>2026-05-03T09:12:14Z</time></trkpt>
      <trkpt lat="36.3654050" lon="101.4610421"><ele>3579.81</ele><time>2026-05-03T09:12:16Z</time></trkpt>
      <trkpt lat="36.3653514" lon="101.4611212"><ele>3580.1</ele><time>2026-05-03T09:12:17Z</time></trkpt>
      <trkpt lat="36.3652830" lon="101.4611722"><ele>3580.32</ele><time>2026-05-03T09:12:18Z</time></trkpt>
      <trkpt lat="36.3652032" lon="101.4611892"><ele>3580.65</ele><time>2026-05-03T09:12:19Z</time></trkpt>
      <trkpt lat="36.3651219" lon="101.4611809"><ele>3581.06</ele><time>2026-05-03T09:12:20Z</time></trkpt>
      <trkpt lat="36.3650431" lon="101.4611428"><ele>3581.3</ele><time>2026-05-03T09:12:21Z</time></trkpt>
      <trkpt lat="36.3649772" lon="101.4610954"><ele>3581.63</ele><time>2026-05-03T09:12:22Z</time></trkpt>
      <trkpt lat="36.3649165" lon="101.4610312"><ele>3581.9</ele><time>2026-05-03T09:12:23Z</time></trkpt>
      <trkpt lat="36.3648604" lon="101.4609624"><ele>3582.12</ele><time>2026-05-03T09:12:24Z</time></trkpt>
      <trkpt lat="36.3648069" lon="101.4608841"><ele>3582.42</ele><time>2026-05-03T09:12:25Z</time></trkpt>
      <trkpt lat="36.3647567" lon="101.4608018"><ele>3582.71</ele><time>2026-05-03T09:12:26Z</time></trkpt>
      <trkpt lat="36.3645821" lon="101.4603947"><ele>3584.21</ele><time>2026-05-03T09:12:31Z</time></trkpt>
      <trkpt lat="36.3645589" lon="101.4602972"><ele>3584.46</ele><time>2026-05-03T09:12:32Z</time></trkpt>
      <trkpt lat="36.3645060" lon="101.4599483"><ele>3585.48</ele><time>2026-05-03T09:12:35Z</time></trkpt>
      <trkpt lat="36.3645018" lon="101.4598210"><ele>3585.85</ele><time>2026-05-03T09:12:36Z</time></trkpt>
      <trkpt lat="36.3645054" lon="101.4596941"><ele>3586.38</ele><time>2026-05-03T09:12:37Z</time></trkpt>
      <trkpt lat="36.3645159" lon="101.4595659"><ele>3586.85</ele><time>2026-05-03T09:12:38Z</time></trkpt>
      <trkpt lat="36.3645324" lon="101.4594471"><ele>3587.34</ele><time>2026-05-03T09:12:39Z</time></trkpt>
      <trkpt lat="36.3645529" lon="101.4593383"><ele>3587.92</ele><time>2026-05-03T09:12:40Z</time></trkpt>
      <trkpt lat="36.3645795" lon="101.4592352"><ele>3588.45</ele><time>2026-05-03T09:12:41Z</time></trkpt>
      <trkpt lat="36.3646106" lon="101.4591365"><ele>3589.04</ele><time>2026-05-03T09:12:42Z</time></trkpt>
      <trkpt lat="36.3646457" lon="101.4590383"><ele>3589.69</ele><time>2026-05-03T09:12:43Z</time></trkpt>
      <trkpt lat="36.3649008" lon="101.4585029"><ele>3592.01</ele><time>2026-05-03T09:12:48Z</time></trkpt>
      <trkpt lat="36.3650083" lon="101.4582452"><ele>3593.26</ele><time>2026-05-03T09:12:50Z</time></trkpt>
      <trkpt lat="36.3650458" lon="101.4581071"><ele>3593.98</ele><time>2026-05-03T09:12:51Z</time></trkpt>
      <trkpt lat="36.3650675" lon="101.4579640"><ele>3595.08</ele><time>2026-05-03T09:12:52Z</time></trkpt>
      <trkpt lat="36.3650694" lon="101.4578184"><ele>3596.02</ele><time>2026-05-03T09:12:53Z</time></trkpt>
      <trkpt lat="36.3650530" lon="101.4576746"><ele>3596.86</ele><time>2026-05-03T09:12:54Z</time></trkpt>
      <trkpt lat="36.3650213" lon="101.4575321"><ele>3597.69</ele><time>2026-05-03T09:12:55Z</time></trkpt>
      <trkpt lat="36.3649767" lon="101.4573918"><ele>3598.49</ele><time>2026-05-03T09:12:56Z</time></trkpt>
      <trkpt lat="36.3649184" lon="101.4572579"><ele>3599.37</ele><time>2026-05-03T09:12:57Z</time></trkpt>
      <trkpt lat="36.3648497" lon="101.4571275"><ele>3600.16</ele><time>2026-05-03T09:12:58Z</time></trkpt>
      <trkpt lat="36.3647716" lon="101.4570032"><ele>3601</ele><time>2026-05-03T09:12:59Z</time></trkpt>
      <trkpt lat="36.3646924" lon="101.4568782"><ele>3601.9</ele><time>2026-05-03T09:13:00Z</time></trkpt>
      <trkpt lat="36.3646221" lon="101.4567478"><ele>3602.66</ele><time>2026-05-03T09:13:01Z</time></trkpt>
      <trkpt lat="36.3645675" lon="101.4566070"><ele>3603.55</ele><time>2026-05-03T09:13:02Z</time></trkpt>
      <trkpt lat="36.3645433" lon="101.4564511"><ele>3604.36</ele><time>2026-05-03T09:13:03Z</time></trkpt>
      <trkpt lat="36.3645489" lon="101.4562962"><ele>3605.13</ele><time>2026-05-03T09:13:04Z</time></trkpt>
      <trkpt lat="36.3645851" lon="101.4561377"><ele>3605.94</ele><time>2026-05-03T09:13:05Z</time></trkpt>
      <trkpt lat="36.3646469" lon="101.4559942"><ele>3606.76</ele><time>2026-05-03T09:13:06Z</time></trkpt>
      <trkpt lat="36.3647363" lon="101.4558761"><ele>3607.48</ele><time>2026-05-03T09:13:07Z</time></trkpt>
      <trkpt lat="36.3648435" lon="101.4557823"><ele>3608.29</ele><time>2026-05-03T09:13:08Z</time></trkpt>
      <trkpt lat="36.3649736" lon="101.4557155"><ele>3609.1</ele><time>2026-05-03T09:13:09Z</time></trkpt>
      <trkpt lat="36.3650984" lon="101.4556445"><ele>3609.95</ele><time>2026-05-03T09:13:10Z</time></trkpt>
      <trkpt lat="36.3653286" lon="101.4554684"><ele>3611.64</ele><time>2026-05-03T09:13:12Z</time></trkpt>
      <trkpt lat="36.3654316" lon="101.4553539"><ele>3612.45</ele><time>2026-05-03T09:13:13Z</time></trkpt>
      <trkpt lat="36.3655174" lon="101.4552255"><ele>3613.35</ele><time>2026-05-03T09:13:14Z</time></trkpt>
      <trkpt lat="36.3655871" lon="101.4550861"><ele>3614.21</ele><time>2026-05-03T09:13:15Z</time></trkpt>
      <trkpt lat="36.3656377" lon="101.4549471"><ele>3615.1</ele><time>2026-05-03T09:13:16Z</time></trkpt>
      <trkpt lat="36.3656656" lon="101.4548072"><ele>3616</ele><time>2026-05-03T09:13:17Z</time></trkpt>
      <trkpt lat="36.3656766" lon="101.4546661"><ele>3616.94</ele><time>2026-05-03T09:13:18Z</time></trkpt>
      <trkpt lat="36.3656761" lon="101.4545288"><ele>3617.84</ele><time>2026-05-03T09:13:19Z</time></trkpt>
      <trkpt lat="36.3656630" lon="101.4543918"><ele>3618.68</ele><time>2026-05-03T09:13:20Z</time></trkpt>
      <trkpt lat="36.3656373" lon="101.4542607"><ele>3619.57</ele><time>2026-05-03T09:13:21Z</time></trkpt>
      <trkpt lat="36.3656068" lon="101.4541395"><ele>3620.35</ele><time>2026-05-03T09:13:22Z</time></trkpt>
      <trkpt lat="36.3655120" lon="101.4536802"><ele>3623.07</ele><time>2026-05-03T09:13:26Z</time></trkpt>
      <trkpt lat="36.3655093" lon="101.4535650"><ele>3623.55</ele><time>2026-05-03T09:13:27Z</time></trkpt>
      <trkpt lat="36.3655221" lon="101.4534466"><ele>3624.02</ele><time>2026-05-03T09:13:28Z</time></trkpt>
      <trkpt lat="36.3655522" lon="101.4533295"><ele>3624.46</ele><time>2026-05-03T09:13:29Z</time></trkpt>
      <trkpt lat="36.3655958" lon="101.4532176"><ele>3624.86</ele><time>2026-05-03T09:13:30Z</time></trkpt>
      <trkpt lat="36.3656506" lon="101.4531151"><ele>3625.25</ele><time>2026-05-03T09:13:31Z</time></trkpt>
      <trkpt lat="36.3657160" lon="101.4530176"><ele>3625.64</ele><time>2026-05-03T09:13:32Z</time></trkpt>
      <trkpt lat="36.3657874" lon="101.4529269"><ele>3625.97</ele><time>2026-05-03T09:13:33Z</time></trkpt>
      <trkpt lat="36.3658583" lon="101.4528441"><ele>3626.43</ele><time>2026-05-03T09:13:34Z</time></trkpt>
      <trkpt lat="36.3662325" lon="101.4523750"><ele>3629.76</ele><time>2026-05-03T09:13:40Z</time></trkpt>
      <trkpt lat="36.3662858" lon="101.4522778"><ele>3630.35</ele><time>2026-05-03T09:13:41Z</time></trkpt>
      <trkpt lat="36.3663335" lon="101.4521739"><ele>3630.96</ele><time>2026-05-03T09:13:42Z</time></trkpt>
      <trkpt lat="36.3663748" lon="101.4520660"><ele>3631.48</ele><time>2026-05-03T09:13:43Z</time></trkpt>
      <trkpt lat="36.3664113" lon="101.4519543"><ele>3632.06</ele><time>2026-05-03T09:13:44Z</time></trkpt>
      <trkpt lat="36.3664412" lon="101.4518378"><ele>3632.69</ele><time>2026-05-03T09:13:45Z</time></trkpt>
      <trkpt lat="36.3664640" lon="101.4517149"><ele>3633.31</ele><time>2026-05-03T09:13:46Z</time></trkpt>
      <trkpt lat="36.3664804" lon="101.4515878"><ele>3633.98</ele><time>2026-05-03T09:13:47Z</time></trkpt>
      <trkpt lat="36.3664538" lon="101.4509038"><ele>3637.43</ele><time>2026-05-03T09:13:52Z</time></trkpt>
      <trkpt lat="36.3663330" lon="101.4501547"><ele>3641.19</ele><time>2026-05-03T09:13:57Z</time></trkpt>
      <trkpt lat="36.3662447" lon="101.4495477"><ele>3644.29</ele><time>2026-05-03T09:14:01Z</time></trkpt>
      <trkpt lat="36.3662388" lon="101.4492404"><ele>3645.88</ele><time>2026-05-03T09:14:03Z</time></trkpt>
      <trkpt lat="36.3662543" lon="101.4490868"><ele>3646.73</ele><time>2026-05-03T09:14:04Z</time></trkpt>
      <trkpt lat="36.3662794" lon="101.4489342"><ele>3647.53</ele><time>2026-05-03T09:14:05Z</time></trkpt>
      <trkpt lat="36.3663138" lon="101.4487850"><ele>3648.3</ele><time>2026-05-03T09:14:06Z</time></trkpt>
      <trkpt lat="36.3663573" lon="101.4486415"><ele>3649.12</ele><time>2026-05-03T09:14:07Z</time></trkpt>
      <trkpt lat="36.3664097" lon="101.4485023"><ele>3649.96</ele><time>2026-05-03T09:14:08Z</time></trkpt>
      <trkpt lat="36.3664693" lon="101.4483691"><ele>3650.79</ele><time>2026-05-03T09:14:09Z</time></trkpt>
      <trkpt lat="36.3665341" lon="101.4482407"><ele>3651.54</ele><time>2026-05-03T09:14:10Z</time></trkpt>
      <trkpt lat="36.3668261" lon="101.4477826"><ele>3654.73</ele><time>2026-05-03T09:14:14Z</time></trkpt>
      <trkpt lat="36.3670980" lon="101.4474269"><ele>3658.06</ele><time>2026-05-03T09:14:18Z</time></trkpt>
      <trkpt lat="36.3673411" lon="101.4469611"><ele>3661.61</ele><time>2026-05-03T09:14:23Z</time></trkpt>
      <trkpt lat="36.3674348" lon="101.4465576"><ele>3664.07</ele><time>2026-05-03T09:14:27Z</time></trkpt>
      <trkpt lat="36.3674347" lon="101.4464597"><ele>3664.65</ele><time>2026-05-03T09:14:28Z</time></trkpt>
      <trkpt lat="36.3674214" lon="101.4463678"><ele>3665.14</ele><time>2026-05-03T09:14:29Z</time></trkpt>
      <trkpt lat="36.3673980" lon="101.4462825"><ele>3665.65</ele><time>2026-05-03T09:14:30Z</time></trkpt>
      <trkpt lat="36.3673622" lon="101.4462068"><ele>3666.15</ele><time>2026-05-03T09:14:31Z</time></trkpt>
      <trkpt lat="36.3673114" lon="101.4461471"><ele>3666.59</ele><time>2026-05-03T09:14:32Z</time></trkpt>
      <trkpt lat="36.3672509" lon="101.4460986"><ele>3667.06</ele><time>2026-05-03T09:14:33Z</time></trkpt>
      <trkpt lat="36.3671809" lon="101.4460701"><ele>3667.46</ele><time>2026-05-03T09:14:34Z</time></trkpt>
      <trkpt lat="36.3671048" lon="101.4460639"><ele>3667.87</ele><time>2026-05-03T09:14:35Z</time></trkpt>
      <trkpt lat="36.3670276" lon="101.4460810"><ele>3668.23</ele><time>2026-05-03T09:14:36Z</time></trkpt>
      <trkpt lat="36.3669518" lon="101.4461225"><ele>3668.59</ele><time>2026-05-03T09:14:37Z</time></trkpt>
      <trkpt lat="36.3668836" lon="101.4461945"><ele>3668.87</ele><time>2026-05-03T09:14:38Z</time></trkpt>
      <trkpt lat="36.3668278" lon="101.4462973"><ele>3669.13</ele><time>2026-05-03T09:14:39Z</time></trkpt>
      <trkpt lat="36.3667850" lon="101.4464172"><ele>3669.41</ele><time>2026-05-03T09:14:40Z</time></trkpt>
      <trkpt lat="36.3667443" lon="101.4465422"><ele>3669.64</ele><time>2026-05-03T09:14:41Z</time></trkpt>
      <trkpt lat="36.3666966" lon="101.4466679"><ele>3669.94</ele><time>2026-05-03T09:14:42Z</time></trkpt>
      <trkpt lat="36.3665118" lon="101.4470538"><ele>3670.63</ele><time>2026-05-03T09:14:45Z</time></trkpt>
      <trkpt lat="36.3664274" lon="101.4471757"><ele>3670.92</ele><time>2026-05-03T09:14:46Z</time></trkpt>
      <trkpt lat="36.3663326" lon="101.4472860"><ele>3671.17</ele><time>2026-05-03T09:14:47Z</time></trkpt>
      <trkpt lat="36.3662315" lon="101.4473797"><ele>3671.45</ele><time>2026-05-03T09:14:48Z</time></trkpt>
      <trkpt lat="36.3661227" lon="101.4474644"><ele>3671.75</ele><time>2026-05-03T09:14:49Z</time></trkpt>
      <trkpt lat="36.3660098" lon="101.4475393"><ele>3672.08</ele><time>2026-05-03T09:14:50Z</time></trkpt>
      <trkpt lat="36.3658928" lon="101.4476032"><ele>3672.4</ele><time>2026-05-03T09:14:51Z</time></trkpt>
      <trkpt lat="36.3657761" lon="101.4476574"><ele>3672.85</ele><time>2026-05-03T09:14:52Z</time></trkpt>
      <trkpt lat="36.3654558" lon="101.4478029"><ele>3674.24</ele><time>2026-05-03T09:14:55Z</time></trkpt>
      <trkpt lat="36.3653643" lon="101.4478631"><ele>3674.79</ele><time>2026-05-03T09:14:56Z</time></trkpt>
      <trkpt lat="36.3652843" lon="101.4479294"><ele>3675.47</ele><time>2026-05-03T09:14:57Z</time></trkpt>
      <trkpt lat="36.3652118" lon="101.4480075"><ele>3676.05</ele><time>2026-05-03T09:14:58Z</time></trkpt>
      <trkpt lat="36.3651488" lon="101.4480957"><ele>3676.61</ele><time>2026-05-03T09:14:59Z</time></trkpt>
      <trkpt lat="36.3650981" lon="101.4481956"><ele>3677.13</ele><time>2026-05-03T09:15:00Z</time></trkpt>
      <trkpt lat="36.3650593" lon="101.4483088"><ele>3677.75</ele><time>2026-05-03T09:15:01Z</time></trkpt>
      <trkpt lat="36.3650324" lon="101.4484277"><ele>3678.28</ele><time>2026-05-03T09:15:02Z</time></trkpt>
      <trkpt lat="36.3650227" lon="101.4485510"><ele>3678.81</ele><time>2026-05-03T09:15:03Z</time></trkpt>
      <trkpt lat="36.3650276" lon="101.4486773"><ele>3679.4</ele><time>2026-05-03T09:15:04Z</time></trkpt>
      <trkpt lat="36.3650503" lon="101.4488085"><ele>3679.89</ele><time>2026-05-03T09:15:05Z</time></trkpt>
      <trkpt lat="36.3650854" lon="101.4489397"><ele>3680.5</ele><time>2026-05-03T09:15:06Z</time></trkpt>
      <trkpt lat="36.3651306" lon="101.4490679"><ele>3681.07</ele><time>2026-05-03T09:15:07Z</time></trkpt>
      <trkpt lat="36.3651772" lon="101.4491930"><ele>3681.58</ele><time>2026-05-03T09:15:08Z</time></trkpt>
      <trkpt lat="36.3653741" lon="101.4499531"><ele>3685.02</ele><time>2026-05-03T09:15:14Z</time></trkpt>
      <trkpt lat="36.3653831" lon="101.4502359"><ele>3686.26</ele><time>2026-05-03T09:15:16Z</time></trkpt>
      <trkpt lat="36.3653660" lon="101.4503700"><ele>3686.89</ele><time>2026-05-03T09:15:17Z</time></trkpt>
      <trkpt lat="36.3653363" lon="101.4504868"><ele>3687.53</ele><time>2026-05-03T09:15:18Z</time></trkpt>
      <trkpt lat="36.3652902" lon="101.4505883"><ele>3688.13</ele><time>2026-05-03T09:15:19Z</time></trkpt>
      <trkpt lat="36.3652296" lon="101.4506712"><ele>3688.72</ele><time>2026-05-03T09:15:20Z</time></trkpt>
      <trkpt lat="36.3651555" lon="101.4507265"><ele>3689.31</ele><time>2026-05-03T09:15:21Z</time></trkpt>
      <trkpt lat="36.3650746" lon="101.4507452"><ele>3689.92</ele><time>2026-05-03T09:15:22Z</time></trkpt>
      <trkpt lat="36.3649949" lon="101.4507313"><ele>3690.42</ele><time>2026-05-03T09:15:23Z</time></trkpt>
      <trkpt lat="36.3649253" lon="101.4506882"><ele>3690.96</ele><time>2026-05-03T09:15:24Z</time></trkpt>
      <trkpt lat="36.3648661" lon="101.4506222"><ele>3691.47</ele><time>2026-05-03T09:15:25Z</time></trkpt>
      <trkpt lat="36.3648213" lon="101.4505231"><ele>3692.03</ele><time>2026-05-03T09:15:26Z</time></trkpt>
      <trkpt lat="36.3648023" lon="101.4504083"><ele>3692.46</ele><time>2026-05-03T09:15:27Z</time></trkpt>
      <trkpt lat="36.3648083" lon="101.4502733"><ele>3692.84</ele><time>2026-05-03T09:15:28Z</time></trkpt>
      <trkpt lat="36.3648297" lon="101.4501415"><ele>3693.25</ele><time>2026-05-03T09:15:29Z</time></trkpt>
      <trkpt lat="36.3648467" lon="101.4500164"><ele>3693.69</ele><time>2026-05-03T09:15:30Z</time></trkpt>
      <trkpt lat="36.3648445" lon="101.4493839"><ele>3695.96</ele><time>2026-05-03T09:15:35Z</time></trkpt>
      <trkpt lat="36.3648150" lon="101.4492606"><ele>3696.39</ele><time>2026-05-03T09:15:36Z</time></trkpt>
      <trkpt lat="36.3647784" lon="101.4491480"><ele>3696.86</ele><time>2026-05-03T09:15:37Z</time></trkpt>
      <trkpt lat="36.3647344" lon="101.4490416"><ele>3697.21</ele><time>2026-05-03T09:15:38Z</time></trkpt>
      <trkpt lat="36.3646834" lon="101.4489379"><ele>3697.56</ele><time>2026-05-03T09:15:39Z</time></trkpt>
      <trkpt lat="36.3646256" lon="101.4488404"><ele>3697.93</ele><time>2026-05-03T09:15:40Z</time></trkpt>
      <trkpt lat="36.3645625" lon="101.4487510"><ele>3698.36</ele><time>2026-05-03T09:15:41Z</time></trkpt>
      <trkpt lat="36.3644924" lon="101.4486659"><ele>3698.72</ele><time>2026-05-03T09:15:42Z</time></trkpt>
      <trkpt lat="36.3640470" lon="101.4481123"><ele>3700.86</ele><time>2026-05-03T09:15:48Z</time></trkpt>
      <trkpt lat="36.3639893" lon="101.4479965"><ele>3701.29</ele><time>2026-05-03T09:15:49Z</time></trkpt>
      <trkpt lat="36.3639427" lon="101.4478752"><ele>3701.65</ele><time>2026-05-03T09:15:50Z</time></trkpt>
      <trkpt lat="36.3639049" lon="101.4477498"><ele>3701.98</ele><time>2026-05-03T09:15:51Z</time></trkpt>
      <trkpt lat="36.3638761" lon="101.4476214"><ele>3702.38</ele><time>2026-05-03T09:15:52Z</time></trkpt>
      <trkpt lat="36.3638585" lon="101.4474869"><ele>3702.81</ele><time>2026-05-03T09:15:53Z</time></trkpt>
      <trkpt lat="36.3638553" lon="101.4473502"><ele>3703.21</ele><time>2026-05-03T09:15:54Z</time></trkpt>
      <trkpt lat="36.3638667" lon="101.4472150"><ele>3703.58</ele><time>2026-05-03T09:15:55Z</time></trkpt>
      <trkpt lat="36.3638907" lon="101.4470811"><ele>3704.01</ele><time>2026-05-03T09:15:56Z</time></trkpt>
      <trkpt lat="36.3639211" lon="101.4469517"><ele>3704.56</ele><time>2026-05-03T09:15:57Z</time></trkpt>
      <trkpt lat="36.3639595" lon="101.4468238"><ele>3705.1</ele><time>2026-05-03T09:15:58Z</time></trkpt>
      <trkpt lat="36.3640085" lon="101.4466928"><ele>3705.7</ele><time>2026-05-03T09:15:59Z</time></trkpt>
      <trkpt lat="36.3640673" lon="101.4465605"><ele>3706.27</ele><time>2026-05-03T09:16:00Z</time></trkpt>
      <trkpt lat="36.3644752" lon="101.4458489"><ele>3709.78</ele><time>2026-05-03T09:16:05Z</time></trkpt>
      <trkpt lat="36.3645846" lon="101.4457142"><ele>3710.59</ele><time>2026-05-03T09:16:06Z</time></trkpt>
      <trkpt lat="36.3647048" lon="101.4455877"><ele>3711.51</ele><time>2026-05-03T09:16:07Z</time></trkpt>
      <trkpt lat="36.3652027" lon="101.4450631"><ele>3715.36</ele><time>2026-05-03T09:16:11Z</time></trkpt>
      <trkpt lat="36.3657197" lon="101.4445083"><ele>3719.41</ele><time>2026-05-03T09:16:15Z</time></trkpt>
      <trkpt lat="36.3660869" lon="101.4440478"><ele>3722.75</ele><time>2026-05-03T09:16:18Z</time></trkpt>
      <trkpt lat="36.3663789" lon="101.4435191"><ele>3726.3</ele><time>2026-05-03T09:16:21Z</time></trkpt>
      <trkpt lat="36.3666500" lon="101.4430148"><ele>3729.86</ele><time>2026-05-03T09:16:24Z</time></trkpt>
      <trkpt lat="36.3667487" lon="101.4428771"><ele>3731.07</ele><time>2026-05-03T09:16:25Z</time></trkpt>
      <trkpt lat="36.3668521" lon="101.4427579"><ele>3732.25</ele><time>2026-05-03T09:16:26Z</time></trkpt>
      <trkpt lat="36.3669577" lon="101.4426544"><ele>3733.37</ele><time>2026-05-03T09:16:27Z</time></trkpt>
      <trkpt lat="36.3670639" lon="101.4425677"><ele>3734.52</ele><time>2026-05-03T09:16:28Z</time></trkpt>
      <trkpt lat="36.3671680" lon="101.4424948"><ele>3735.64</ele><time>2026-05-03T09:16:29Z</time></trkpt>
      <trkpt lat="36.3672674" lon="101.4424307"><ele>3736.61</ele><time>2026-05-03T09:16:30Z</time></trkpt>
      <trkpt lat="36.3675175" lon="101.4422271"><ele>3739.16</ele><time>2026-05-03T09:16:33Z</time></trkpt>
      <trkpt lat="36.3675814" lon="101.4421470"><ele>3739.9</ele><time>2026-05-03T09:16:34Z</time></trkpt>
      <trkpt lat="36.3676218" lon="101.4420628"><ele>3740.6</ele><time>2026-05-03T09:16:35Z</time></trkpt>
      <trkpt lat="36.3676415" lon="101.4419752"><ele>3741.19</ele><time>2026-05-03T09:16:36Z</time></trkpt>
      <trkpt lat="36.3676367" lon="101.4418924"><ele>3741.73</ele><time>2026-05-03T09:16:37Z</time></trkpt>
      <trkpt lat="36.3676182" lon="101.4418186"><ele>3742.3</ele><time>2026-05-03T09:16:38Z</time></trkpt>
      <trkpt lat="36.3675892" lon="101.4417546"><ele>3742.74</ele><time>2026-05-03T09:16:39Z</time></trkpt>
      <trkpt lat="36.3675483" lon="101.4416998"><ele>3743.16</ele><time>2026-05-03T09:16:40Z</time></trkpt>
      <trkpt lat="36.3674959" lon="101.4416493"><ele>3743.52</ele><time>2026-05-03T09:16:41Z</time></trkpt>
      <trkpt lat="36.3674317" lon="101.4416136"><ele>3743.89</ele><time>2026-05-03T09:16:42Z</time></trkpt>
      <trkpt lat="36.3673582" lon="101.4415995"><ele>3744.17</ele><time>2026-05-03T09:16:43Z</time></trkpt>
      <trkpt lat="36.3672773" lon="101.4416028"><ele>3744.58</ele><time>2026-05-03T09:16:44Z</time></trkpt>
      <trkpt lat="36.3671939" lon="101.4416287"><ele>3744.91</ele><time>2026-05-03T09:16:45Z</time></trkpt>
      <trkpt lat="36.3671095" lon="101.4416805"><ele>3745.23</ele><time>2026-05-03T09:16:46Z</time></trkpt>
      <trkpt lat="36.3670261" lon="101.4417536"><ele>3745.57</ele><time>2026-05-03T09:16:47Z</time></trkpt>
      <trkpt lat="36.3669423" lon="101.4418396"><ele>3745.89</ele><time>2026-05-03T09:16:48Z</time></trkpt>
      <trkpt lat="36.3665797" lon="101.4422579"><ele>3747.58</ele><time>2026-05-03T09:16:52Z</time></trkpt>
      <trkpt lat="36.3659919" lon="101.4427911"><ele>3750.95</ele><time>2026-05-03T09:16:57Z</time></trkpt>
      <trkpt lat="36.3655188" lon="101.4432677"><ele>3754.54</ele><time>2026-05-03T09:17:01Z</time></trkpt>
      <trkpt lat="36.3650412" lon="101.4437514"><ele>3758.52</ele><time>2026-05-03T09:17:05Z</time></trkpt>
      <trkpt lat="36.3648022" lon="101.4439492"><ele>3760.6</ele><time>2026-05-03T09:17:07Z</time></trkpt>
      <trkpt lat="36.3646748" lon="101.4440213"><ele>3761.7</ele><time>2026-05-03T09:17:08Z</time></trkpt>
      <trkpt lat="36.3645453" lon="101.4440665"><ele>3762.76</ele><time>2026-05-03T09:17:09Z</time></trkpt>
      <trkpt lat="36.3644105" lon="101.4440830"><ele>3763.78</ele><time>2026-05-03T09:17:10Z</time></trkpt>
      <trkpt lat="36.3642786" lon="101.4440759"><ele>3764.79</ele><time>2026-05-03T09:17:11Z</time></trkpt>
      <trkpt lat="36.3641545" lon="101.4440561"><ele>3765.79</ele><time>2026-05-03T09:17:12Z</time></trkpt>
      <trkpt lat="36.3640416" lon="101.4440353"><ele>3766.86</ele><time>2026-05-03T09:17:13Z</time></trkpt>
      <trkpt lat="36.3637332" lon="101.4440109"><ele>3769.88</ele><time>2026-05-03T09:17:16Z</time></trkpt>
      <trkpt lat="36.3636351" lon="101.4440300"><ele>3770.69</ele><time>2026-05-03T09:17:17Z</time></trkpt>
      <trkpt lat="36.3635397" lon="101.4440660"><ele>3771.49</ele><time>2026-05-03T09:17:18Z</time></trkpt>
      <trkpt lat="36.3634487" lon="101.4441187"><ele>3772.23</ele><time>2026-05-03T09:17:19Z</time></trkpt>
      <trkpt lat="36.3633637" lon="101.4441885"><ele>3772.92</ele><time>2026-05-03T09:17:20Z</time></trkpt>
      <trkpt lat="36.3632876" lon="101.4442738"><ele>3773.56</ele><time>2026-05-03T09:17:21Z</time></trkpt>
      <trkpt lat="36.3632177" lon="101.4443809"><ele>3774.22</ele><time>2026-05-03T09:17:22Z</time></trkpt>
      <trkpt lat="36.3631569" lon="101.4445085"><ele>3774.91</ele><time>2026-05-03T09:17:23Z</time></trkpt>
      <trkpt lat="36.3630985" lon="101.4446461"><ele>3775.6</ele><time>2026-05-03T09:17:24Z</time></trkpt>
      <trkpt lat="36.3629684" lon="101.4449119"><ele>3776.85</ele><time>2026-05-03T09:17:26Z</time></trkpt>
      <trkpt lat="36.3628854" lon="101.4450327"><ele>3777.55</ele><time>2026-05-03T09:17:27Z</time></trkpt>
      <trkpt lat="36.3627893" lon="101.4451377"><ele>3778.22</ele><time>2026-05-03T09:17:28Z</time></trkpt>
      <trkpt lat="36.3626765" lon="101.4452215"><ele>3778.95</ele><time>2026-05-03T09:17:29Z</time></trkpt>
      <trkpt lat="36.3625544" lon="101.4452812"><ele>3779.66</ele><time>2026-05-03T09:17:30Z</time></trkpt>
      <trkpt lat="36.3624262" lon="101.4453158"><ele>3780.42</ele><time>2026-05-03T09:17:31Z</time></trkpt>
      <trkpt lat="36.3622956" lon="101.4453442"><ele>3781.04</ele><time>2026-05-03T09:17:32Z</time></trkpt>
      <trkpt lat="36.3619243" lon="101.4454532"><ele>3783.24</ele><time>2026-05-03T09:17:35Z</time></trkpt>
      <trkpt lat="36.3618108" lon="101.4455226"><ele>3783.94</ele><time>2026-05-03T09:17:36Z</time></trkpt>
      <trkpt lat="36.3617075" lon="101.4456092"><ele>3784.63</ele><time>2026-05-03T09:17:37Z</time></trkpt>
      <trkpt lat="36.3616175" lon="101.4457143"><ele>3785.32</ele><time>2026-05-03T09:17:38Z</time></trkpt>
      <trkpt lat="36.3615418" lon="101.4458211"><ele>3785.85</ele><time>2026-05-03T09:17:39Z</time></trkpt>
      <trkpt lat="36.3614807" lon="101.4459351"><ele>3786.4</ele><time>2026-05-03T09:17:40Z</time></trkpt>
      <trkpt lat="36.3614347" lon="101.4460562"><ele>3786.97</ele><time>2026-05-03T09:17:41Z</time></trkpt>
      <trkpt lat="36.3614020" lon="101.4461715"><ele>3787.42</ele><time>2026-05-03T09:17:42Z</time></trkpt>
      <trkpt lat="36.3613777" lon="101.4462751"><ele>3787.95</ele><time>2026-05-03T09:17:43Z</time></trkpt>
      <trkpt lat="36.3613503" lon="101.4464465"><ele>3789.56</ele><time>2026-05-03T09:17:46Z</time></trkpt>
      <trkpt lat="36.3613508" lon="101.4465499"><ele>3792.03</ele><time>2026-05-03T09:17:51Z</time></trkpt>
      <trkpt lat="36.3613714" lon="101.4465815"><ele>3792.35</ele><time>2026-05-03T09:17:52Z</time></trkpt>
      <trkpt lat="36.3614285" lon="101.4466651"><ele>3792.95</ele><time>2026-05-03T09:17:54Z</time></trkpt>
      <trkpt lat="36.3614538" lon="101.4467190"><ele>3793.25</ele><time>2026-05-03T09:17:55Z</time></trkpt>
      <trkpt lat="36.3614744" lon="101.4467791"><ele>3793.49</ele><time>2026-05-03T09:17:56Z</time></trkpt>
      <trkpt lat="36.3614854" lon="101.4468407"><ele>3793.69</ele><time>2026-05-03T09:17:57Z</time></trkpt>
      <trkpt lat="36.3614890" lon="101.4469031"><ele>3793.92</ele><time>2026-05-03T09:17:58Z</time></trkpt>
      <trkpt lat="36.3614849" lon="101.4469630"><ele>3794.2</ele><time>2026-05-03T09:17:59Z</time></trkpt>
      <trkpt lat="36.3614742" lon="101.4470175"><ele>3794.43</ele><time>2026-05-03T09:18:00Z</time></trkpt>
      <trkpt lat="36.3614601" lon="101.4470658"><ele>3794.73</ele><time>2026-05-03T09:18:01Z</time></trkpt>
      <trkpt lat="36.3614455" lon="101.4471086"><ele>3795.02</ele><time>2026-05-03T09:18:02Z</time></trkpt>
      <trkpt lat="36.3614176" lon="101.4472663"><ele>3796.29</ele><time>2026-05-03T09:18:08Z</time></trkpt>
      <trkpt lat="36.3614278" lon="101.4472790"><ele>3796.46</ele><time>2026-05-03T09:18:09Z</time></trkpt>
      <trkpt lat="36.3614559" lon="101.4472987"><ele>3797.35</ele><time>2026-05-03T09:18:16Z</time></trkpt>
    </trkseg>
    <trkseg>
      <trkpt lat="36.3614500" lon="101.4472118"><ele>3797.41</ele><time>2026-05-03T09:47:02Z</time></trkpt>
      <trkpt lat="36.3614395" lon="101.4472377"><ele>3797.41</ele><time>2026-05-03T09:47:03Z</time></trkpt>
      <trkpt lat="36.3614267" lon="101.4472650"><ele>3797.41</ele><time>2026-05-03T09:47:04Z</time></trkpt>
      <trkpt lat="36.3612508" lon="101.4475719"><ele>3798.11</ele><time>2026-05-03T09:47:15Z</time></trkpt>
      <trkpt lat="36.3610818" lon="101.4476226"><ele>3799.02</ele><time>2026-05-03T09:47:21Z</time></trkpt>
      <trkpt lat="36.3608082" lon="101.4475085"><ele>3800.65</ele><time>2026-05-03T09:47:29Z</time></trkpt>
      <trkpt lat="36.3607514" lon="101.4474929"><ele>3801.26</ele><time>2026-05-03T09:47:35Z</time></trkpt>
      <trkpt lat="36.3606509" lon="101.4474671"><ele>3801.35</ele><time>2026-05-03T09:47:38Z</time></trkpt>
      <trkpt lat="36.3606078" lon="101.4474673"><ele>3801.38</ele><time>2026-05-03T09:47:39Z</time></trkpt>
      <trkpt lat="36.3605603" lon="101.4474780"><ele>3801.5</ele><time>2026-05-03T09:47:40Z</time></trkpt>
      <trkpt lat="36.3605104" lon="101.4474979"><ele>3801.61</ele><time>2026-05-03T09:47:41Z</time></trkpt>
      <trkpt lat="36.3604575" lon="101.4475250"><ele>3801.69</ele><time>2026-05-03T09:47:42Z</time></trkpt>
      <trkpt lat="36.3604007" lon="101.4475593"><ele>3801.81</ele><time>2026-05-03T09:47:43Z</time></trkpt>
      <trkpt lat="36.3600863" lon="101.4478676"><ele>3803.74</ele><time>2026-05-03T09:47:49Z</time></trkpt>
      <trkpt lat="36.3597625" lon="101.4483617"><ele>3806.78</ele><time>2026-05-03T09:47:57Z</time></trkpt>
      <trkpt lat="36.3596679" lon="101.4484473"><ele>3807.44</ele><time>2026-05-03T09:47:59Z</time></trkpt>
      <trkpt lat="36.3595635" lon="101.4485186"><ele>3808.29</ele><time>2026-05-03T09:48:01Z</time></trkpt>
      <trkpt lat="36.3595056" lon="101.4485460"><ele>3808.66</ele><time>2026-05-03T09:48:02Z</time></trkpt>
      <trkpt lat="36.3594462" lon="101.4485660"><ele>3809.02</ele><time>2026-05-03T09:48:03Z</time></trkpt>
      <trkpt lat="36.3593885" lon="101.4485799"><ele>3809.4</ele><time>2026-05-03T09:48:04Z</time></trkpt>
      <trkpt lat="36.3593303" lon="101.4485887"><ele>3809.75</ele><time>2026-05-03T09:48:05Z</time></trkpt>
      <trkpt lat="36.3592695" lon="101.4485934"><ele>3810.15</ele><time>2026-05-03T09:48:06Z</time></trkpt>
      <trkpt lat="36.3592083" lon="101.4485939"><ele>3810.5</ele><time>2026-05-03T09:48:07Z</time></trkpt>
      <trkpt lat="36.3591486" lon="101.4485890"><ele>3810.94</ele><time>2026-05-03T09:48:08Z</time></trkpt>
      <trkpt lat="36.3590858" lon="101.4485793"><ele>3811.32</ele><time>2026-05-03T09:48:09Z</time></trkpt>
      <trkpt lat="36.3586613" lon="101.4484329"><ele>3814.24</ele><time>2026-05-03T09:48:15Z</time></trkpt>
      <trkpt lat="36.3583307" lon="101.4482053"><ele>3817.27</ele><time>2026-05-03T09:48:20Z</time></trkpt>
      <trkpt lat="36.3580671" lon="101.4479240"><ele>3820.21</ele><time>2026-05-03T09:48:26Z</time></trkpt>
      <trkpt lat="36.3579013" lon="101.4476997"><ele>3821.47</ele><time>2026-05-03T09:48:33Z</time></trkpt>
      <trkpt lat="36.3578138" lon="101.4475703"><ele>3821.92</ele><time>2026-05-03T09:48:40Z</time></trkpt>
      <trkpt lat="36.3578055" lon="101.4475631"><ele>3821.92</ele><time>2026-05-03T09:48:44Z</time></trkpt>
      <trkpt lat="36.3577676" lon="101.4475067"><ele>3821.89</ele><time>2026-05-03T09:48:47Z</time></trkpt>
      <trkpt lat="36.3577506" lon="101.4474801"><ele>3821.89</ele><time>2026-05-03T09:48:48Z</time></trkpt>
      <trkpt lat="36.3576504" lon="101.4472983"><ele>3822.29</ele><time>2026-05-03T09:48:54Z</time></trkpt>
      <trkpt lat="36.3574786" lon="101.4468984"><ele>3822.73</ele><time>2026-05-03T09:49:01Z</time></trkpt>
      <trkpt lat="36.3573258" lon="101.4463769"><ele>3823.12</ele><time>2026-05-03T09:49:08Z</time></trkpt>
      <trkpt lat="36.3572146" lon="101.4457489"><ele>3822.43</ele><time>2026-05-03T09:49:16Z</time></trkpt>
      <trkpt lat="36.3571921" lon="101.4449940"><ele>3820.98</ele><time>2026-05-03T09:49:24Z</time></trkpt>
      <trkpt lat="36.3571298" lon="101.4441779"><ele>3819.44</ele><time>2026-05-03T09:49:32Z</time></trkpt>
      <trkpt lat="36.3569159" lon="101.4434449"><ele>3817.76</ele><time>2026-05-03T09:49:39Z</time></trkpt>
      <trkpt lat="36.3566078" lon="101.4424331"><ele>3814.7</ele><time>2026-05-03T09:49:49Z</time></trkpt>
      <trkpt lat="36.3564877" lon="101.4417758"><ele>3813.37</ele><time>2026-05-03T09:49:56Z</time></trkpt>
      <trkpt lat="36.3564643" lon="101.4409879"><ele>3811.43</ele><time>2026-05-03T09:50:05Z</time></trkpt>
      <trkpt lat="36.3564952" lon="101.4403692"><ele>3810.89</ele><time>2026-05-03T09:50:12Z</time></trkpt>
      <trkpt lat="36.3565056" lon="101.4403125"><ele>3810.85</ele><time>2026-05-03T09:50:13Z</time></trkpt>
      <trkpt lat="36.3565191" lon="101.4402729"><ele>3810.79</ele><time>2026-05-03T09:50:14Z</time></trkpt>
      <trkpt lat="36.3565380" lon="101.4402428"><ele>3810.69</ele><time>2026-05-03T09:50:15Z</time></trkpt>
      <trkpt lat="36.3565616" lon="101.4402234"><ele>3810.59</ele><time>2026-05-03T09:50:16Z</time></trkpt>
      <trkpt lat="36.3565855" lon="101.4402099"><ele>3810.28</ele><time>2026-05-03T09:50:17Z</time></trkpt>
      <trkpt lat="36.3566104" lon="101.4402020"><ele>3809.99</ele><time>2026-05-03T09:50:18Z</time></trkpt>
      <trkpt lat="36.3566343" lon="101.4401983"><ele>3809.62</ele><time>2026-05-03T09:50:19Z</time></trkpt>
      <trkpt lat="36.3567336" lon="101.4401750"><ele>3808.59</ele><time>2026-05-03T09:50:27Z</time></trkpt>
      <trkpt lat="36.3567336" lon="101.4401750"><ele>3808.49</ele><time>2026-05-03T09:50:28Z</time></trkpt>
    </trkseg>
    <trkseg>
      <trkpt lat="36.3568432" lon="101.4401147"><ele>3808.18</ele><time>2026-05-03T10:07:22Z</time></trkpt>
      <trkpt lat="36.3568818" lon="101.4400623"><ele>3808.18</ele><time>2026-05-03T10:07:24Z</time></trkpt>
      <trkpt lat="36.3570291" lon="101.4398821"><ele>3808.47</ele><time>2026-05-03T10:07:29Z</time></trkpt>
      <trkpt lat="36.3570720" lon="101.4395332"><ele>3808.58</ele><time>2026-05-03T10:07:35Z</time></trkpt>
      <trkpt lat="36.3570036" lon="101.4392022"><ele>3808.21</ele><time>2026-05-03T10:07:42Z</time></trkpt>
      <trkpt lat="36.3569596" lon="101.4388594"><ele>3806.98</ele><time>2026-05-03T10:07:49Z</time></trkpt>
      <trkpt lat="36.3569476" lon="101.4388320"><ele>3805.95</ele><time>2026-05-03T10:07:53Z</time></trkpt>
      <trkpt lat="36.3569476" lon="101.4388320"><ele>3805.56</ele><time>2026-05-03T10:07:54Z</time></trkpt>
    </trkseg>
    <trkseg>
      <trkpt lat="36.3569920" lon="101.4386757"><ele>3805.11</ele><time>2026-05-03T10:08:00Z</time></trkpt>
      <trkpt lat="36.3570284" lon="101.4386091"><ele>3804.93</ele><time>2026-05-03T10:08:01Z</time></trkpt>
      <trkpt lat="36.3572930" lon="101.4382110"><ele>3804.55</ele><time>2026-05-03T10:08:06Z</time></trkpt>
      <trkpt lat="36.3575154" lon="101.4377224"><ele>3803.46</ele><time>2026-05-03T10:08:11Z</time></trkpt>
      <trkpt lat="36.3575341" lon="101.4376054"><ele>3803.15</ele><time>2026-05-03T10:08:12Z</time></trkpt>
      <trkpt lat="36.3575387" lon="101.4374840"><ele>3802.84</ele><time>2026-05-03T10:08:13Z</time></trkpt>
      <trkpt lat="36.3575309" lon="101.4373645"><ele>3802.54</ele><time>2026-05-03T10:08:14Z</time></trkpt>
      <trkpt lat="36.3575097" lon="101.4372474"><ele>3802.21</ele><time>2026-05-03T10:08:15Z</time></trkpt>
      <trkpt lat="36.3574792" lon="101.4371291"><ele>3801.91</ele><time>2026-05-03T10:08:16Z</time></trkpt>
      <trkpt lat="36.3574425" lon="101.4370072"><ele>3801.59</ele><time>2026-05-03T10:08:17Z</time></trkpt>
      <trkpt lat="36.3572334" lon="101.4362103"><ele>3799.36</ele><time>2026-05-03T10:08:23Z</time></trkpt>
      <trkpt lat="36.3572221" lon="101.4360625"><ele>3799.07</ele><time>2026-05-03T10:08:24Z</time></trkpt>
      <trkpt lat="36.3571777" lon="101.4351987"><ele>3796.03</ele><time>2026-05-03T10:08:30Z</time></trkpt>
      <trkpt lat="36.3571417" lon="101.4350644"><ele>3795.35</ele><time>2026-05-03T10:08:31Z</time></trkpt>
      <trkpt lat="36.3570912" lon="101.4349371"><ele>3794.66</ele><time>2026-05-03T10:08:32Z</time></trkpt>
      <trkpt lat="36.3570257" lon="101.4348162"><ele>3793.98</ele><time>2026-05-03T10:08:33Z</time></trkpt>
      <trkpt lat="36.3569472" lon="101.4347046"><ele>3793.35</ele><time>2026-05-03T10:08:34Z</time></trkpt>
      <trkpt lat="36.3568597" lon="101.4346020"><ele>3792.75</ele><time>2026-05-03T10:08:35Z</time></trkpt>
      <trkpt lat="36.3567652" lon="101.4345083"><ele>3792.15</ele><time>2026-05-03T10:08:36Z</time></trkpt>
      <trkpt lat="36.3566617" lon="101.4344275"><ele>3791.52</ele><time>2026-05-03T10:08:37Z</time></trkpt>
      <trkpt lat="36.3565512" lon="101.4343621"><ele>3790.77</ele><time>2026-05-03T10:08:38Z</time></trkpt>
      <trkpt lat="36.3564359" lon="101.4343165"><ele>3789.98</ele><time>2026-05-03T10:08:39Z</time></trkpt>
      <trkpt lat="36.3563179" lon="101.4342839"><ele>3789.29</ele><time>2026-05-03T10:08:40Z</time></trkpt>
      <trkpt lat="36.3561970" lon="101.4342578"><ele>3788.43</ele><time>2026-05-03T10:08:41Z</time></trkpt>
      <trkpt lat="36.3557547" lon="101.4341456"><ele>3784.91</ele><time>2026-05-03T10:08:45Z</time></trkpt>
      <trkpt lat="36.3556527" lon="101.4340938"><ele>3783.92</ele><time>2026-05-03T10:08:46Z</time></trkpt>
      <trkpt lat="36.3555542" lon="101.4340285"><ele>3783.07</ele><time>2026-05-03T10:08:47Z</time></trkpt>
      <trkpt lat="36.3554593" lon="101.4339519"><ele>3782.2</ele><time>2026-05-03T10:08:48Z</time></trkpt>
      <trkpt lat="36.3553697" lon="101.4338632"><ele>3781.32</ele><time>2026-05-03T10:08:49Z</time></trkpt>
      <trkpt lat="36.3552873" lon="101.4337673"><ele>3780.51</ele><time>2026-05-03T10:08:50Z</time></trkpt>
      <trkpt lat="36.3552121" lon="101.4336637"><ele>3779.77</ele><time>2026-05-03T10:08:51Z</time></trkpt>
      <trkpt lat="36.3551469" lon="101.4335543"><ele>3779.14</ele><time>2026-05-03T10:08:52Z</time></trkpt>
      <trkpt lat="36.3550928" lon="101.4334390"><ele>3778.57</ele><time>2026-05-03T10:08:53Z</time></trkpt>
      <trkpt lat="36.3550519" lon="101.4333191"><ele>3778.07</ele><time>2026-05-03T10:08:54Z</time></trkpt>
      <trkpt lat="36.3550221" lon="101.4331939"><ele>3777.53</ele><time>2026-05-03T10:08:55Z</time></trkpt>
      <trkpt lat="36.3550005" lon="101.4330635"><ele>3777.04</ele><time>2026-05-03T10:08:56Z</time></trkpt>
      <trkpt lat="36.3549875" lon="101.4329303"><ele>3776.56</ele><time>2026-05-03T10:08:57Z</time></trkpt>
      <trkpt lat="36.3549844" lon="101.4327966"><ele>3776.03</ele><time>2026-05-03T10:08:58Z</time></trkpt>
      <trkpt lat="36.3549905" lon="101.4326656"><ele>3775.44</ele><time>2026-05-03T10:08:59Z</time></trkpt>
      <trkpt lat="36.3550057" lon="101.4325378"><ele>3774.82</ele><time>2026-05-03T10:09:00Z</time></trkpt>
      <trkpt lat="36.3550319" lon="101.4324102"><ele>3774.2</ele><time>2026-05-03T10:09:01Z</time></trkpt>
      <trkpt lat="36.3550682" lon="101.4322894"><ele>3773.69</ele><time>2026-05-03T10:09:02Z</time></trkpt>
      <trkpt lat="36.3551119" lon="101.4321749"><ele>3773.2</ele><time>2026-05-03T10:09:03Z</time></trkpt>
      <trkpt lat="36.3551636" lon="101.4320653"><ele>3772.75</ele><time>2026-05-03T10:09:04Z</time></trkpt>
      <trkpt lat="36.3552231" lon="101.4319616"><ele>3772.23</ele><time>2026-05-03T10:09:05Z</time></trkpt>
      <trkpt lat="36.3552885" lon="101.4318658"><ele>3771.64</ele><time>2026-05-03T10:09:06Z</time></trkpt>
      <trkpt lat="36.3553568" lon="101.4317772"><ele>3771.16</ele><time>2026-05-03T10:09:07Z</time></trkpt>
      <trkpt lat="36.3555984" lon="101.4314743"><ele>3769.03</ele><time>2026-05-03T10:09:11Z</time></trkpt>
      <trkpt lat="36.3556402" lon="101.4313991"><ele>3768.47</ele><time>2026-05-03T10:09:12Z</time></trkpt>
      <trkpt lat="36.3556713" lon="101.4313212"><ele>3767.97</ele><time>2026-05-03T10:09:13Z</time></trkpt>
      <trkpt lat="36.3556900" lon="101.4312406"><ele>3767.36</ele><time>2026-05-03T10:09:14Z</time></trkpt>
      <trkpt lat="36.3556958" lon="101.4311659"><ele>3766.75</ele><time>2026-05-03T10:09:15Z</time></trkpt>
      <trkpt lat="36.3556940" lon="101.4310932"><ele>3766.22</ele><time>2026-05-03T10:09:16Z</time></trkpt>
      <trkpt lat="36.3556904" lon="101.4310198"><ele>3765.69</ele><time>2026-05-03T10:09:17Z</time></trkpt>
      <trkpt lat="36.3556914" lon="101.4309440"><ele>3765.26</ele><time>2026-05-03T10:09:18Z</time></trkpt>
      <trkpt lat="36.3557007" lon="101.4308669"><ele>3764.83</ele><time>2026-05-03T10:09:19Z</time></trkpt>
      <trkpt lat="36.3557201" lon="101.4307895"><ele>3764.49</ele><time>2026-05-03T10:09:20Z</time></trkpt>
      <trkpt lat="36.3557519" lon="101.4307141"><ele>3764.15</ele><time>2026-05-03T10:09:21Z</time></trkpt>
      <trkpt lat="36.3557941" lon="101.4306418"><ele>3763.82</ele><time>2026-05-03T10:09:22Z</time></trkpt>
      <trkpt lat="36.3558423" lon="101.4305716"><ele>3763.44</ele><time>2026-05-03T10:09:23Z</time></trkpt>
      <trkpt lat="36.3561892" lon="101.4299953"><ele>3763.29</ele><time>2026-05-03T10:09:30Z</time></trkpt>
      <trkpt lat="36.3562228" lon="101.4299040"><ele>3763.44</ele><time>2026-05-03T10:09:31Z</time></trkpt>
      <trkpt lat="36.3562468" lon="101.4298096"><ele>3763.6</ele><time>2026-05-03T10:09:32Z</time></trkpt>
      <trkpt lat="36.3562629" lon="101.4297107"><ele>3763.81</ele><time>2026-05-03T10:09:33Z</time></trkpt>
      <trkpt lat="36.3562720" lon="101.4290155"><ele>3764.76</ele><time>2026-05-03T10:09:39Z</time></trkpt>
      <trkpt lat="36.3563075" lon="101.4286365"><ele>3765.26</ele><time>2026-05-03T10:09:42Z</time></trkpt>
      <trkpt lat="36.3563364" lon="101.4285139"><ele>3765.51</ele><time>2026-05-03T10:09:43Z</time></trkpt>
      <trkpt lat="36.3563717" lon="101.4283941"><ele>3765.65</ele><time>2026-05-03T10:09:44Z</time></trkpt>
      <trkpt lat="36.3564140" lon="101.4282787"><ele>3765.72</ele><time>2026-05-03T10:09:45Z</time></trkpt>
      <trkpt lat="36.3564632" lon="101.4281645"><ele>3765.76</ele><time>2026-05-03T10:09:46Z</time></trkpt>
      <trkpt lat="36.3568000" lon="101.4276036"><ele>3765.12</ele><time>2026-05-03T10:09:51Z</time></trkpt>
      <trkpt lat="36.3573372" lon="101.4267779"><ele>3761.55</ele><time>2026-05-03T10:09:58Z</time></trkpt>
      <trkpt lat="36.3577542" lon="101.4261535"><ele>3758.03</ele><time>2026-05-03T10:10:03Z</time></trkpt>
      <trkpt lat="36.3580878" lon="101.4256495"><ele>3754.92</ele><time>2026-05-03T10:10:07Z</time></trkpt>
      <trkpt lat="36.3585394" lon="101.4250400"><ele>3751.59</ele><time>2026-05-03T10:10:12Z</time></trkpt>
      <trkpt lat="36.3589972" lon="101.4244571"><ele>3748.09</ele><time>2026-05-03T10:10:17Z</time></trkpt>
      <trkpt lat="36.3594346" lon="101.4238874"><ele>3744.74</ele><time>2026-05-03T10:10:22Z</time></trkpt>
      <trkpt lat="36.3599566" lon="101.4232144"><ele>3741.34</ele><time>2026-05-03T10:10:28Z</time></trkpt>
      <trkpt lat="36.3605670" lon="101.4224345"><ele>3737.98</ele><time>2026-05-03T10:10:35Z</time></trkpt>
      <trkpt lat="36.3606359" lon="101.4223142"><ele>3737.48</ele><time>2026-05-03T10:10:36Z</time></trkpt>
      <trkpt lat="36.3606968" lon="101.4221863"><ele>3736.96</ele><time>2026-05-03T10:10:37Z</time></trkpt>
      <trkpt lat="36.3607492" lon="101.4220500"><ele>3736.35</ele><time>2026-05-03T10:10:38Z</time></trkpt>
      <trkpt lat="36.3607930" lon="101.4219063"><ele>3735.76</ele><time>2026-05-03T10:10:39Z</time></trkpt>
      <trkpt lat="36.3608323" lon="101.4217568"><ele>3735.12</ele><time>2026-05-03T10:10:40Z</time></trkpt>
      <trkpt lat="36.3610435" lon="101.4209905"><ele>3731.62</ele><time>2026-05-03T10:10:45Z</time></trkpt>
      <trkpt lat="36.3612152" lon="101.4203759"><ele>3728.32</ele><time>2026-05-03T10:10:49Z</time></trkpt>
      <trkpt lat="36.3613812" lon="101.4197709"><ele>3724.98</ele><time>2026-05-03T10:10:53Z</time></trkpt>
      <trkpt lat="36.3615699" lon="101.4191764"><ele>3721.25</ele><time>2026-05-03T10:10:57Z</time></trkpt>
      <trkpt lat="36.3618087" lon="101.4186004"><ele>3717.25</ele><time>2026-05-03T10:11:01Z</time></trkpt>
      <trkpt lat="36.3619810" lon="101.4182098"><ele>3714.24</ele><time>2026-05-03T10:11:04Z</time></trkpt>
      <trkpt lat="36.3620958" lon="101.4180002"><ele>3712.01</ele><time>2026-05-03T10:11:06Z</time></trkpt>
      <trkpt lat="36.3621696" lon="101.4179203"><ele>3710.87</ele><time>2026-05-03T10:11:07Z</time></trkpt>
      <trkpt lat="36.3622582" lon="101.4178624"><ele>3709.78</ele><time>2026-05-03T10:11:08Z</time></trkpt>
      <trkpt lat="36.3623566" lon="101.4178246"><ele>3708.66</ele><time>2026-05-03T10:11:09Z</time></trkpt>
      <trkpt lat="36.3624614" lon="101.4177968"><ele>3707.58</ele><time>2026-05-03T10:11:10Z</time></trkpt>
      <trkpt lat="36.3625718" lon="101.4177719"><ele>3706.57</ele><time>2026-05-03T10:11:11Z</time></trkpt>
      <trkpt lat="36.3630662" lon="101.4176768"><ele>3702.94</ele><time>2026-05-03T10:11:15Z</time></trkpt>
      <trkpt lat="36.3636953" lon="101.4175837"><ele>3699.94</ele><time>2026-05-03T10:11:20Z</time></trkpt>
      <trkpt lat="36.3638152" lon="101.4175889"><ele>3699.35</ele><time>2026-05-03T10:11:21Z</time></trkpt>
      <trkpt lat="36.3639375" lon="101.4176071"><ele>3698.66</ele><time>2026-05-03T10:11:22Z</time></trkpt>
      <trkpt lat="36.3644578" lon="101.4177231"><ele>3695.24</ele><time>2026-05-03T10:11:26Z</time></trkpt>
      <trkpt lat="36.3647112" lon="101.4177744"><ele>3693.57</ele><time>2026-05-03T10:11:28Z</time></trkpt>
      <trkpt lat="36.3648314" lon="101.4177733"><ele>3692.79</ele><time>2026-05-03T10:11:29Z</time></trkpt>
      <trkpt lat="36.3649489" lon="101.4177473"><ele>3692.08</ele><time>2026-05-03T10:11:30Z</time></trkpt>
      <trkpt lat="36.3650582" lon="101.4176963"><ele>3691.46</ele><time>2026-05-03T10:11:31Z</time></trkpt>
      <trkpt lat="36.3651557" lon="101.4176236"><ele>3690.9</ele><time>2026-05-03T10:11:32Z</time></trkpt>
      <trkpt lat="36.3652419" lon="101.4175336"><ele>3690.48</ele><time>2026-05-03T10:11:33Z</time></trkpt>
      <trkpt lat="36.3653089" lon="101.4174273"><ele>3690.22</ele><time>2026-05-03T10:11:34Z</time></trkpt>
      <trkpt lat="36.3653563" lon="101.4173061"><ele>3689.96</ele><time>2026-05-03T10:11:35Z</time></trkpt>
      <trkpt lat="36.3653807" lon="101.4171693"><ele>3689.76</ele><time>2026-05-03T10:11:36Z</time></trkpt>
      <trkpt lat="36.3653897" lon="101.4170339"><ele>3689.67</ele><time>2026-05-03T10:11:37Z</time></trkpt>
      <trkpt lat="36.3653880" lon="101.4169008"><ele>3689.61</ele><time>2026-05-03T10:11:38Z</time></trkpt>
      <trkpt lat="36.3653743" lon="101.4167758"><ele>3689.58</ele><time>2026-05-03T10:11:39Z</time></trkpt>
      <trkpt lat="36.3653406" lon="101.4166631"><ele>3689.63</ele><time>2026-05-03T10:11:40Z</time></trkpt>
      <trkpt lat="36.3652848" lon="101.4165679"><ele>3689.68</ele><time>2026-05-03T10:11:41Z</time></trkpt>
      <trkpt lat="36.3652099" lon="101.4164874"><ele>3689.8</ele><time>2026-05-03T10:11:42Z</time></trkpt>
      <trkpt lat="36.3651193" lon="101.4164291"><ele>3689.92</ele><time>2026-05-03T10:11:43Z</time></trkpt>
      <trkpt lat="36.3650183" lon="101.4163892"><ele>3690.01</ele><time>2026-05-03T10:11:44Z</time></trkpt>
      <trkpt lat="36.3649179" lon="101.4163535"><ele>3690.08</ele><time>2026-05-03T10:11:45Z</time></trkpt>
      <trkpt lat="36.3648142" lon="101.4163223"><ele>3690.18</ele><time>2026-05-03T10:11:46Z</time></trkpt>
      <trkpt lat="36.3647097" lon="101.4162929"><ele>3690.37</ele><time>2026-05-03T10:11:47Z</time></trkpt>
      <trkpt lat="36.3639263" lon="101.4161020"><ele>3693.19</ele><time>2026-05-03T10:11:54Z</time></trkpt>
      <trkpt lat="36.3633383" lon="101.4161357"><ele>3696.22</ele><time>2026-05-03T10:11:59Z</time></trkpt>
      <trkpt lat="36.3627614" lon="101.4161207"><ele>3698.76</ele><time>2026-05-03T10:12:04Z</time></trkpt>
      <trkpt lat="36.3622457" lon="101.4159909"><ele>3700.8</ele><time>2026-05-03T10:12:09Z</time></trkpt>
      <trkpt lat="36.3621576" lon="101.4159366"><ele>3701.15</ele><time>2026-05-03T10:12:10Z</time></trkpt>
      <trkpt lat="36.3620785" lon="101.4158669"><ele>3701.49</ele><time>2026-05-03T10:12:11Z</time></trkpt>
      <trkpt lat="36.3620148" lon="101.4157764"><ele>3701.69</ele><time>2026-05-03T10:12:12Z</time></trkpt>
      <trkpt lat="36.3619641" lon="101.4156759"><ele>3701.88</ele><time>2026-05-03T10:12:13Z</time></trkpt>
      <trkpt lat="36.3619290" lon="101.4155677"><ele>3702.12</ele><time>2026-05-03T10:12:14Z</time></trkpt>
      <trkpt lat="36.3619128" lon="101.4154502"><ele>3702.28</ele><time>2026-05-03T10:12:15Z</time></trkpt>
      <trkpt lat="36.3619081" lon="101.4153263"><ele>3702.54</ele><time>2026-05-03T10:12:16Z</time></trkpt>
      <trkpt lat="36.3619075" lon="101.4151999"><ele>3702.72</ele><time>2026-05-03T10:12:17Z</time></trkpt>
      <trkpt lat="36.3619092" lon="101.4140001"><ele>3703.73</ele><time>2026-05-03T10:12:26Z</time></trkpt>
      <trkpt lat="36.3619051" lon="101.4127761"><ele>3704.86</ele><time>2026-05-03T10:12:34Z</time></trkpt>
      <trkpt lat="36.3619527" lon="101.4110366"><ele>3705.28</ele><time>2026-05-03T10:12:45Z</time></trkpt>
      <trkpt lat="36.3621646" lon="101.4092339"><ele>3708.07</ele><time>2026-05-03T10:12:57Z</time></trkpt>
      <trkpt lat="36.3623071" lon="101.4081265"><ele>3711.62</ele><time>2026-05-03T10:13:04Z</time></trkpt>
      <trkpt lat="36.3625028" lon="101.4070617"><ele>3713.69</ele><time>2026-05-03T10:13:11Z</time></trkpt>
      <trkpt lat="36.3628104" lon="101.4064019"><ele>3711.91</ele><time>2026-05-03T10:13:16Z</time></trkpt>
      <trkpt lat="36.3632115" lon="101.4057936"><ele>3708.84</ele><time>2026-05-03T10:13:21Z</time></trkpt>
      <trkpt lat="36.3636357" lon="101.4051845"><ele>3705.14</ele><time>2026-05-03T10:13:26Z</time></trkpt>
      <trkpt lat="36.3639418" lon="101.4047070"><ele>3701.86</ele><time>2026-05-03T10:13:30Z</time></trkpt>
      <trkpt lat="36.3641475" lon="101.4042683"><ele>3698.18</ele><time>2026-05-03T10:13:34Z</time></trkpt>
      <trkpt lat="36.3641615" lon="101.4041552"><ele>3697.3</ele><time>2026-05-03T10:13:35Z</time></trkpt>
      <trkpt lat="36.3641533" lon="101.4040399"><ele>3696.44</ele><time>2026-05-03T10:13:36Z</time></trkpt>
      <trkpt lat="36.3641361" lon="101.4039242"><ele>3695.66</ele><time>2026-05-03T10:13:37Z</time></trkpt>
      <trkpt lat="36.3641133" lon="101.4038046"><ele>3695.01</ele><time>2026-05-03T10:13:38Z</time></trkpt>
      <trkpt lat="36.3640841" lon="101.4036881"><ele>3694.54</ele><time>2026-05-03T10:13:39Z</time></trkpt>
      <trkpt lat="36.3640449" lon="101.4035719"><ele>3694.18</ele><time>2026-05-03T10:13:40Z</time></trkpt>
      <trkpt lat="36.3639984" lon="101.4034545"><ele>3693.87</ele><time>2026-05-03T10:13:41Z</time></trkpt>
      <trkpt lat="36.3637721" lon="101.4026929"><ele>3693.72</ele><time>2026-05-03T10:13:47Z</time></trkpt>
      <trkpt lat="36.3636814" lon="101.4021652"><ele>3694.8</ele><time>2026-05-03T10:13:51Z</time></trkpt>
      <trkpt lat="36.3636803" lon="101.4020367"><ele>3695.37</ele><time>2026-05-03T10:13:52Z</time></trkpt>
      <trkpt lat="36.3636940" lon="101.4019099"><ele>3695.91</ele><time>2026-05-03T10:13:53Z</time></trkpt>
      <trkpt lat="36.3637242" lon="101.4017899"><ele>3696.56</ele><time>2026-05-03T10:13:54Z</time></trkpt>
      <trkpt lat="36.3637678" lon="101.4016768"><ele>3697.22</ele><time>2026-05-03T10:13:55Z</time></trkpt>
      <trkpt lat="36.3638213" lon="101.4015684"><ele>3697.84</ele><time>2026-05-03T10:13:56Z</time></trkpt>
      <trkpt lat="36.3638807" lon="101.4014591"><ele>3698.52</ele><time>2026-05-03T10:13:57Z</time></trkpt>
      <trkpt lat="36.3642546" lon="101.4007565"><ele>3701.6</ele><time>2026-05-03T10:14:03Z</time></trkpt>
      <trkpt lat="36.3648057" lon="101.3996927"><ele>3704.98</ele><time>2026-05-03T10:14:11Z</time></trkpt>
      <trkpt lat="36.3654026" lon="101.3985638"><ele>3708.14</ele><time>2026-05-03T10:14:19Z</time></trkpt>
      <trkpt lat="36.3658394" lon="101.3977391"><ele>3711.37</ele><time>2026-05-03T10:14:25Z</time></trkpt>
      <trkpt lat="36.3662274" lon="101.3970985"><ele>3714.63</ele><time>2026-05-03T10:14:30Z</time></trkpt>
      <trkpt lat="36.3666840" lon="101.3965534"><ele>3717.63</ele><time>2026-05-03T10:14:35Z</time></trkpt>
      <trkpt lat="36.3675223" lon="101.3955611"><ele>3718.4</ele><time>2026-05-03T10:14:44Z</time></trkpt>
      <trkpt lat="36.3681735" lon="101.3948001"><ele>3715.83</ele><time>2026-05-03T10:14:50Z</time></trkpt>
      <trkpt lat="36.3687367" lon="101.3941654"><ele>3714.76</ele><time>2026-05-03T10:14:55Z</time></trkpt>
      <trkpt lat="36.3693479" lon="101.3934342"><ele>3715.38</ele><time>2026-05-03T10:15:01Z</time></trkpt>
      <trkpt lat="36.3698912" lon="101.3926752"><ele>3716.88</ele><time>2026-05-03T10:15:07Z</time></trkpt>
      <trkpt lat="36.3705466" lon="101.3915651"><ele>3719.92</ele><time>2026-05-03T10:15:15Z</time></trkpt>
      <trkpt lat="36.3712846" lon="101.3902979"><ele>3722.51</ele><time>2026-05-03T10:15:24Z</time></trkpt>
      <trkpt lat="36.3717565" lon="101.3895488"><ele>3724.12</ele><time>2026-05-03T10:15:30Z</time></trkpt>
      <trkpt lat="36.3718529" lon="101.3894506"><ele>3724.22</ele><time>2026-05-03T10:15:31Z</time></trkpt>
      <trkpt lat="36.3719612" lon="101.3893666"><ele>3724.29</ele><time>2026-05-03T10:15:32Z</time></trkpt>
      <trkpt lat="36.3720803" lon="101.3892988"><ele>3724.34</ele><time>2026-05-03T10:15:33Z</time></trkpt>
      <trkpt lat="36.3722046" lon="101.3892470"><ele>3724.4</ele><time>2026-05-03T10:15:34Z</time></trkpt>
      <trkpt lat="36.3723345" lon="101.3892091"><ele>3724.43</ele><time>2026-05-03T10:15:35Z</time></trkpt>
      <trkpt lat="36.3724669" lon="101.3891840"><ele>3724.54</ele><time>2026-05-03T10:15:36Z</time></trkpt>
      <trkpt lat="36.3725995" lon="101.3891652"><ele>3724.73</ele><time>2026-05-03T10:15:37Z</time></trkpt>
      <trkpt lat="36.3735336" lon="101.3890517"><ele>3725.49</ele><time>2026-05-03T10:15:44Z</time></trkpt>
      <trkpt lat="36.3736446" lon="101.3890124"><ele>3725.51</ele><time>2026-05-03T10:15:45Z</time></trkpt>
      <trkpt lat="36.3737493" lon="101.3889576"><ele>3725.51</ele><time>2026-05-03T10:15:46Z</time></trkpt>
      <trkpt lat="36.3738440" lon="101.3888825"><ele>3725.45</ele><time>2026-05-03T10:15:47Z</time></trkpt>
      <trkpt lat="36.3739276" lon="101.3887855"><ele>3725.4</ele><time>2026-05-03T10:15:48Z</time></trkpt>
      <trkpt lat="36.3739986" lon="101.3886678"><ele>3725.32</ele><time>2026-05-03T10:15:49Z</time></trkpt>
      <trkpt lat="36.3740533" lon="101.3885282"><ele>3725.24</ele><time>2026-05-03T10:15:50Z</time></trkpt>
      <trkpt lat="36.3741057" lon="101.3883855"><ele>3725.06</ele><time>2026-05-03T10:15:51Z</time></trkpt>
      <trkpt lat="36.3742637" lon="101.3878111"><ele>3724.46</ele><time>2026-05-03T10:15:55Z</time></trkpt>
      <trkpt lat="36.3742723" lon="101.3876698"><ele>3724.41</ele><time>2026-05-03T10:15:56Z</time></trkpt>
      <trkpt lat="36.3742543" lon="101.3875335"><ele>3724.38</ele><time>2026-05-03T10:15:57Z</time></trkpt>
      <trkpt lat="36.3742114" lon="101.3874050"><ele>3724.49</ele><time>2026-05-03T10:15:58Z</time></trkpt>
      <trkpt lat="36.3741521" lon="101.3872926"><ele>3724.67</ele><time>2026-05-03T10:15:59Z</time></trkpt>
      <trkpt lat="36.3740768" lon="101.3872005"><ele>3724.93</ele><time>2026-05-03T10:16:00Z</time></trkpt>
      <trkpt lat="36.3739871" lon="101.3871367"><ele>3725.32</ele><time>2026-05-03T10:16:01Z</time></trkpt>
      <trkpt lat="36.3738876" lon="101.3870989"><ele>3725.68</ele><time>2026-05-03T10:16:02Z</time></trkpt>
      <trkpt lat="36.3737857" lon="101.3870761"><ele>3725.94</ele><time>2026-05-03T10:16:03Z</time></trkpt>
      <trkpt lat="36.3736828" lon="101.3870647"><ele>3726.22</ele><time>2026-05-03T10:16:04Z</time></trkpt>
      <trkpt lat="36.3735773" lon="101.3870601"><ele>3726.45</ele><time>2026-05-03T10:16:05Z</time></trkpt>
      <trkpt lat="36.3729267" lon="101.3869853"><ele>3728.3</ele><time>2026-05-03T10:16:11Z</time></trkpt>
      <trkpt lat="36.3728324" lon="101.3869377"><ele>3728.72</ele><time>2026-05-03T10:16:12Z</time></trkpt>
      <trkpt lat="36.3727499" lon="101.3868754"><ele>3729.14</ele><time>2026-05-03T10:16:13Z</time></trkpt>
      <trkpt lat="36.3726848" lon="101.3867944"><ele>3729.67</ele><time>2026-05-03T10:16:14Z</time></trkpt>
      <trkpt lat="36.3726403" lon="101.3866928"><ele>3730.13</ele><time>2026-05-03T10:16:15Z</time></trkpt>
      <trkpt lat="36.3726242" lon="101.3865706"><ele>3730.58</ele><time>2026-05-03T10:16:16Z</time></trkpt>
      <trkpt lat="36.3726682" lon="101.3864389"><ele>3731.14</ele><time>2026-05-03T10:16:17Z</time></trkpt>
      <trkpt lat="36.3727206" lon="101.3863186"><ele>3731.88</ele><time>2026-05-03T10:16:18Z</time></trkpt>
      <trkpt lat="36.3727775" lon="101.3862015"><ele>3732.66</ele><time>2026-05-03T10:16:19Z</time></trkpt>
      <trkpt lat="36.3728344" lon="101.3860893"><ele>3733.43</ele><time>2026-05-03T10:16:20Z</time></trkpt>
      <trkpt lat="36.3731293" lon="101.3855126"><ele>3736.57</ele><time>2026-05-03T10:16:25Z</time></trkpt>
      <trkpt lat="36.3735174" lon="101.3847481"><ele>3740.07</ele><time>2026-05-03T10:16:31Z</time></trkpt>
      <trkpt lat="36.3737218" lon="101.3843622"><ele>3742.15</ele><time>2026-05-03T10:16:34Z</time></trkpt>
      <trkpt lat="36.3738036" lon="101.3842559"><ele>3742.89</ele><time>2026-05-03T10:16:35Z</time></trkpt>
      <trkpt lat="36.3738962" lon="101.3841669"><ele>3743.52</ele><time>2026-05-03T10:16:36Z</time></trkpt>
      <trkpt lat="36.3739989" lon="101.3840950"><ele>3744.07</ele><time>2026-05-03T10:16:37Z</time></trkpt>
      <trkpt lat="36.3741074" lon="101.3840441"><ele>3744.64</ele><time>2026-05-03T10:16:38Z</time></trkpt>
      <trkpt lat="36.3742192" lon="101.3840176"><ele>3745.14</ele><time>2026-05-03T10:16:39Z</time></trkpt>
      <trkpt lat="36.3743345" lon="101.3840124"><ele>3745.61</ele><time>2026-05-03T10:16:40Z</time></trkpt>
      <trkpt lat="36.3744515" lon="101.3840163"><ele>3745.9</ele><time>2026-05-03T10:16:41Z</time></trkpt>
      <trkpt lat="36.3751469" lon="101.3839856"><ele>3747.72</ele><time>2026-05-03T10:16:47Z</time></trkpt>
      <trkpt lat="36.3752577" lon="101.3839455"><ele>3748.15</ele><time>2026-05-03T10:16:48Z</time></trkpt>
      <trkpt lat="36.3753629" lon="101.3838841"><ele>3748.55</ele><time>2026-05-03T10:16:49Z</time></trkpt>
      <trkpt lat="36.3754556" lon="101.3838021"><ele>3749.03</ele><time>2026-05-03T10:16:50Z</time></trkpt>
      <trkpt lat="36.3755337" lon="101.3837049"><ele>3749.48</ele><time>2026-05-03T10:16:51Z</time></trkpt>
      <trkpt lat="36.3755971" lon="101.3835926"><ele>3749.95</ele><time>2026-05-03T10:16:52Z</time></trkpt>
      <trkpt lat="36.3756580" lon="101.3834754"><ele>3750.49</ele><time>2026-05-03T10:16:53Z</time></trkpt>
      <trkpt lat="36.3759543" lon="101.3828613"><ele>3753.98</ele><time>2026-05-03T10:16:58Z</time></trkpt>
      <trkpt lat="36.3761954" lon="101.3823529"><ele>3757.04</ele><time>2026-05-03T10:17:02Z</time></trkpt>
      <trkpt lat="36.3764407" lon="101.3818395"><ele>3760.28</ele><time>2026-05-03T10:17:06Z</time></trkpt>
      <trkpt lat="36.3766838" lon="101.3813215"><ele>3763.69</ele><time>2026-05-03T10:17:10Z</time></trkpt>
      <trkpt lat="36.3769273" lon="101.3807988"><ele>3767.14</ele><time>2026-05-03T10:17:14Z</time></trkpt>
      <trkpt lat="36.3771739" lon="101.3802729"><ele>3770.82</ele><time>2026-05-03T10:17:18Z</time></trkpt>
      <trkpt lat="36.3774292" lon="101.3797118"><ele>3774.38</ele><time>2026-05-03T10:17:22Z</time></trkpt>
      <trkpt lat="36.3777043" lon="101.3791208"><ele>3777.83</ele><time>2026-05-03T10:17:26Z</time></trkpt>
      <trkpt lat="36.3781455" lon="101.3781932"><ele>3781.21</ele><time>2026-05-03T10:17:32Z</time></trkpt>
      <trkpt lat="36.3787959" lon="101.3769509"><ele>3784.55</ele><time>2026-05-03T10:17:40Z</time></trkpt>
      <trkpt lat="36.3794210" lon="101.3761374"><ele>3787.56</ele><time>2026-05-03T10:17:46Z</time></trkpt>
      <trkpt lat="36.3801198" lon="101.3754997"><ele>3789.94</ele><time>2026-05-03T10:17:52Z</time></trkpt>
      <trkpt lat="36.3813159" lon="101.3744966"><ele>3790.84</ele><time>2026-05-03T10:18:02Z</time></trkpt>
      <trkpt lat="36.3819566" lon="101.3738326"><ele>3789.49</ele><time>2026-05-03T10:18:08Z</time></trkpt>
      <trkpt lat="36.3820360" lon="101.3736900"><ele>3789.14</ele><time>2026-05-03T10:18:09Z</time></trkpt>
      <trkpt lat="36.3821038" lon="101.3735367"><ele>3788.74</ele><time>2026-05-03T10:18:10Z</time></trkpt>
      <trkpt lat="36.3821604" lon="101.3733742"><ele>3788.39</ele><time>2026-05-03T10:18:11Z</time></trkpt>
      <trkpt lat="36.3822093" lon="101.3732053"><ele>3788.09</ele><time>2026-05-03T10:18:12Z</time></trkpt>
      <trkpt lat="36.3822535" lon="101.3730328"><ele>3787.93</ele><time>2026-05-03T10:18:13Z</time></trkpt>
      <trkpt lat="36.3826886" lon="101.3713239"><ele>3790.52</ele><time>2026-05-03T10:18:23Z</time></trkpt>
      <trkpt lat="36.3829236" lon="101.3703629"><ele>3793.72</ele><time>2026-05-03T10:18:29Z</time></trkpt>
      <trkpt lat="36.3832394" lon="101.3691911"><ele>3797.08</ele><time>2026-05-03T10:18:36Z</time></trkpt>
      <trkpt lat="36.3837526" lon="101.3672643"><ele>3797.75</ele><time>2026-05-03T10:18:47Z</time></trkpt>
      <trkpt lat="36.3840526" lon="101.3664748"><ele>3796.72</ele><time>2026-05-03T10:18:52Z</time></trkpt>
      <trkpt lat="36.3844923" lon="101.3657941"><ele>3795.94</ele><time>2026-05-03T10:18:57Z</time></trkpt>
      <trkpt lat="36.3854790" lon="101.3645167"><ele>3795.02</ele><time>2026-05-03T10:19:07Z</time></trkpt>
      <trkpt lat="36.3858661" lon="101.3637526"><ele>3793.71</ele><time>2026-05-03T10:19:12Z</time></trkpt>
      <trkpt lat="36.3860997" lon="101.3629011"><ele>3791.45</ele><time>2026-05-03T10:19:17Z</time></trkpt>
      <trkpt lat="36.3863638" lon="101.3618097"><ele>3789.3</ele><time>2026-05-03T10:19:23Z</time></trkpt>
      <trkpt lat="36.3867559" lon="101.3602147"><ele>3791.43</ele><time>2026-05-03T10:19:32Z</time></trkpt>
      <trkpt lat="36.3869556" lon="101.3593848"><ele>3795.13</ele><time>2026-05-03T10:19:37Z</time></trkpt>
      <trkpt lat="36.3871207" lon="101.3587237"><ele>3798.34</ele><time>2026-05-03T10:19:41Z</time></trkpt>
      <trkpt lat="36.3872830" lon="101.3580544"><ele>3801.37</ele><time>2026-05-03T10:19:45Z</time></trkpt>
      <trkpt lat="36.3874814" lon="101.3572349"><ele>3804.87</ele><time>2026-05-03T10:19:50Z</time></trkpt>
      <trkpt lat="36.3877829" lon="101.3560981"><ele>3807.93</ele><time>2026-05-03T10:19:57Z</time></trkpt>
      <trkpt lat="36.3881537" lon="101.3551931"><ele>3809.96</ele><time>2026-05-03T10:20:03Z</time></trkpt>
      <trkpt lat="36.3887163" lon="101.3542980"><ele>3813.29</ele><time>2026-05-03T10:20:10Z</time></trkpt>
      <trkpt lat="36.3891195" lon="101.3537253"><ele>3816.64</ele><time>2026-05-03T10:20:15Z</time></trkpt>
      <trkpt lat="36.3893285" lon="101.3533982"><ele>3818.68</ele><time>2026-05-03T10:20:18Z</time></trkpt>
      <trkpt lat="36.3893816" lon="101.3532809"><ele>3819.31</ele><time>2026-05-03T10:20:19Z</time></trkpt>
      <trkpt lat="36.3894208" lon="101.3531573"><ele>3819.88</ele><time>2026-05-03T10:20:20Z</time></trkpt>
      <trkpt lat="36.3894455" lon="101.3530312"><ele>3820.34</ele><time>2026-05-03T10:20:21Z</time></trkpt>
      <trkpt lat="36.3894505" lon="101.3529066"><ele>3820.89</ele><time>2026-05-03T10:20:22Z</time></trkpt>
      <trkpt lat="36.3894319" lon="101.3527857"><ele>3821.33</ele><time>2026-05-03T10:20:23Z</time></trkpt>
      <trkpt lat="36.3893920" lon="101.3526683"><ele>3821.79</ele><time>2026-05-03T10:20:24Z</time></trkpt>
      <trkpt lat="36.3893338" lon="101.3525577"><ele>3822.13</ele><time>2026-05-03T10:20:25Z</time></trkpt>
      <trkpt lat="36.3892644" lon="101.3524521"><ele>3822.46</ele><time>2026-05-03T10:20:26Z</time></trkpt>
      <trkpt lat="36.3891881" lon="101.3523485"><ele>3822.83</ele><time>2026-05-03T10:20:27Z</time></trkpt>
      <trkpt lat="36.3891053" lon="101.3522444"><ele>3823.09</ele><time>2026-05-03T10:20:28Z</time></trkpt>
      <trkpt lat="36.3885264" lon="101.3515706"><ele>3825.95</ele><time>2026-05-03T10:20:35Z</time></trkpt>
      <trkpt lat="36.3881811" lon="101.3511385"><ele>3828.38</ele><time>2026-05-03T10:20:40Z</time></trkpt>
      <trkpt lat="36.3881309" lon="101.3510354"><ele>3828.9</ele><time>2026-05-03T10:20:41Z</time></trkpt>
      <trkpt lat="36.3880985" lon="101.3509241"><ele>3829.56</ele><time>2026-05-03T10:20:42Z</time></trkpt>
      <trkpt lat="36.3880864" lon="101.3508096"><ele>3830.2</ele><time>2026-05-03T10:20:43Z</time></trkpt>
      <trkpt lat="36.3880907" lon="101.3506992"><ele>3830.83</ele><time>2026-05-03T10:20:44Z</time></trkpt>
      <trkpt lat="36.3881151" lon="101.3505958"><ele>3831.48</ele><time>2026-05-03T10:20:45Z</time></trkpt>
      <trkpt lat="36.3881578" lon="101.3505002"><ele>3832.12</ele><time>2026-05-03T10:20:46Z</time></trkpt>
      <trkpt lat="36.3882089" lon="101.3504066"><ele>3832.71</ele><time>2026-05-03T10:20:47Z</time></trkpt>
      <trkpt lat="36.3882597" lon="101.3503096"><ele>3833.34</ele><time>2026-05-03T10:20:48Z</time></trkpt>
      <trkpt lat="36.3885344" lon="101.3498187"><ele>3836.38</ele><time>2026-05-03T10:20:53Z</time></trkpt>
      <trkpt lat="36.3888338" lon="101.3492799"><ele>3839.71</ele><time>2026-05-03T10:20:58Z</time></trkpt>
      <trkpt lat="36.3891651" lon="101.3486877"><ele>3843.36</ele><time>2026-05-03T10:21:03Z</time></trkpt>
      <trkpt lat="36.3895265" lon="101.3480391"><ele>3846.76</ele><time>2026-05-03T10:21:08Z</time></trkpt>
      <trkpt lat="36.3899610" lon="101.3472473"><ele>3850.29</ele><time>2026-05-03T10:21:14Z</time></trkpt>
      <trkpt lat="36.3902933" lon="101.3466065"><ele>3853.32</ele><time>2026-05-03T10:21:19Z</time></trkpt>
      <trkpt lat="36.3904785" lon="101.3460243"><ele>3856.02</ele><time>2026-05-03T10:21:23Z</time></trkpt>
      <trkpt lat="36.3905456" lon="101.3452166"><ele>3859.73</ele><time>2026-05-03T10:21:28Z</time></trkpt>
      <trkpt lat="36.3905632" lon="101.3443654"><ele>3862.99</ele><time>2026-05-03T10:21:33Z</time></trkpt>
      <trkpt lat="36.3905847" lon="101.3433911"><ele>3866.17</ele><time>2026-05-03T10:21:39Z</time></trkpt>
      <trkpt lat="36.3906043" lon="101.3422051"><ele>3869.41</ele><time>2026-05-03T10:21:47Z</time></trkpt>
      <trkpt lat="36.3906423" lon="101.3409565"><ele>3871.84</ele><time>2026-05-03T10:21:55Z</time></trkpt>
      <trkpt lat="36.3906875" lon="101.3393509"><ele>3874.47</ele><time>2026-05-03T10:22:05Z</time></trkpt>
      <trkpt lat="36.3907660" lon="101.3386903"><ele>3876.8</ele><time>2026-05-03T10:22:10Z</time></trkpt>
      <trkpt lat="36.3908362" lon="101.3383799"><ele>3877.91</ele><time>2026-05-03T10:22:14Z</time></trkpt>
      <trkpt lat="36.3909836" lon="101.3378247"><ele>3877.94</ele><time>2026-05-03T10:22:19Z</time></trkpt>
      <trkpt lat="36.3912099" lon="101.3369527"><ele>3878.1</ele><time>2026-05-03T10:22:25Z</time></trkpt>
      <trkpt lat="36.3916091" lon="101.3354449"><ele>3878.71</ele><time>2026-05-03T10:22:35Z</time></trkpt>
      <trkpt lat="36.3917725" lon="101.3349979"><ele>3879.5</ele><time>2026-05-03T10:22:39Z</time></trkpt>
      <trkpt lat="36.3918288" lon="101.3349316"><ele>3879.67</ele><time>2026-05-03T10:22:40Z</time></trkpt>
      <trkpt lat="36.3918938" lon="101.3348891"><ele>3879.9</ele><time>2026-05-03T10:22:41Z</time></trkpt>
      <trkpt lat="36.3919626" lon="101.3348566"><ele>3880.11</ele><time>2026-05-03T10:22:42Z</time></trkpt>
      <trkpt lat="36.3920335" lon="101.3348276"><ele>3880.21</ele><time>2026-05-03T10:22:43Z</time></trkpt>
      <trkpt lat="36.3926027" lon="101.3346224"><ele>3879.63</ele><time>2026-05-03T10:22:50Z</time></trkpt>
      <trkpt lat="36.3926803" lon="101.3345721"><ele>3879.41</ele><time>2026-05-03T10:22:51Z</time></trkpt>
      <trkpt lat="36.3927515" lon="101.3345063"><ele>3879.17</ele><time>2026-05-03T10:22:52Z</time></trkpt>
      <trkpt lat="36.3928132" lon="101.3344255"><ele>3878.86</ele><time>2026-05-03T10:22:53Z</time></trkpt>
      <trkpt lat="36.3928587" lon="101.3343308"><ele>3878.55</ele><time>2026-05-03T10:22:54Z</time></trkpt>
      <trkpt lat="36.3928886" lon="101.3342240"><ele>3878.26</ele><time>2026-05-03T10:22:55Z</time></trkpt>
      <trkpt lat="36.3929085" lon="101.3341101"><ele>3877.95</ele><time>2026-05-03T10:22:56Z</time></trkpt>
      <trkpt lat="36.3929261" lon="101.3339920"><ele>3877.58</ele><time>2026-05-03T10:22:57Z</time></trkpt>
      <trkpt lat="36.3930678" lon="101.3330404"><ele>3875.15</ele><time>2026-05-03T10:23:05Z</time></trkpt>
      <trkpt lat="36.3932385" lon="101.3323119"><ele>3872.61</ele><time>2026-05-03T10:23:11Z</time></trkpt>
      <trkpt lat="36.3935393" lon="101.3313494"><ele>3869.2</ele><time>2026-05-03T10:23:18Z</time></trkpt>
      <trkpt lat="36.3937689" lon="101.3305990"><ele>3865.99</ele><time>2026-05-03T10:23:23Z</time></trkpt>
      <trkpt lat="36.3940046" lon="101.3298028"><ele>3862.48</ele><time>2026-05-03T10:23:28Z</time></trkpt>
      <trkpt lat="36.3942004" lon="101.3292076"><ele>3859.23</ele><time>2026-05-03T10:23:32Z</time></trkpt>
      <trkpt lat="36.3943919" lon="101.3286159"><ele>3855.25</ele><time>2026-05-03T10:23:36Z</time></trkpt>
      <trkpt lat="36.3945179" lon="101.3281874"><ele>3852.09</ele><time>2026-05-03T10:23:39Z</time></trkpt>
      <trkpt lat="36.3945623" lon="101.3279224"><ele>3850.06</ele><time>2026-05-03T10:23:41Z</time></trkpt>
      <trkpt lat="36.3945664" lon="101.3277919"><ele>3849.03</ele><time>2026-05-03T10:23:42Z</time></trkpt>
      <trkpt lat="36.3945562" lon="101.3276582"><ele>3848.12</ele><time>2026-05-03T10:23:43Z</time></trkpt>
      <trkpt lat="36.3945323" lon="101.3275241"><ele>3847.22</ele><time>2026-05-03T10:23:44Z</time></trkpt>
      <trkpt lat="36.3944993" lon="101.3273880"><ele>3846.33</ele><time>2026-05-03T10:23:45Z</time></trkpt>
      <trkpt lat="36.3942849" lon="101.3266453"><ele>3843.06</ele><time>2026-05-03T10:23:50Z</time></trkpt>
      <trkpt lat="36.3942422" lon="101.3264877"><ele>3842.79</ele><time>2026-05-03T10:23:51Z</time></trkpt>
      <trkpt lat="36.3938533" lon="101.3252514"><ele>3840.27</ele><time>2026-05-03T10:23:59Z</time></trkpt>
      <trkpt lat="36.3934435" lon="101.3245223"><ele>3837.36</ele><time>2026-05-03T10:24:04Z</time></trkpt>
      <trkpt lat="36.3929618" lon="101.3237991"><ele>3834</ele><time>2026-05-03T10:24:09Z</time></trkpt>
      <trkpt lat="36.3925602" lon="101.3230418"><ele>3830.68</ele><time>2026-05-03T10:24:14Z</time></trkpt>
      <trkpt lat="36.3923880" lon="101.3223690"><ele>3827.69</ele><time>2026-05-03T10:24:18Z</time></trkpt>
      <trkpt lat="36.3922535" lon="101.3216540"><ele>3823.94</ele><time>2026-05-03T10:24:22Z</time></trkpt>
      <trkpt lat="36.3921402" lon="101.3209444"><ele>3819.91</ele><time>2026-05-03T10:24:26Z</time></trkpt>
      <trkpt lat="36.3921103" lon="101.3204076"><ele>3816.53</ele><time>2026-05-03T10:24:29Z</time></trkpt>
      <trkpt lat="36.3921355" lon="101.3198765"><ele>3813.35</ele><time>2026-05-03T10:24:32Z</time></trkpt>
      <trkpt lat="36.3922475" lon="101.3191711"><ele>3809.38</ele><time>2026-05-03T10:24:36Z</time></trkpt>
      <trkpt lat="36.3923770" lon="101.3185153"><ele>3805.54</ele><time>2026-05-03T10:24:40Z</time></trkpt>
      <trkpt lat="36.3924540" lon="101.3180585"><ele>3802.53</ele><time>2026-05-03T10:24:43Z</time></trkpt>
      <trkpt lat="36.3925493" lon="101.3174720"><ele>3798.73</ele><time>2026-05-03T10:24:47Z</time></trkpt>
      <trkpt lat="36.3926805" lon="101.3168687"><ele>3795.13</ele><time>2026-05-03T10:24:51Z</time></trkpt>
      <trkpt lat="36.3927990" lon="101.3162925"><ele>3791.58</ele><time>2026-05-03T10:24:55Z</time></trkpt>
      <trkpt lat="36.3928577" lon="101.3158196"><ele>3787.78</ele><time>2026-05-03T10:24:59Z</time></trkpt>
      <trkpt lat="36.3928451" lon="101.3157341"><ele>3786.87</ele><time>2026-05-03T10:25:00Z</time></trkpt>
      <trkpt lat="36.3928090" lon="101.3156622"><ele>3785.97</ele><time>2026-05-03T10:25:01Z</time></trkpt>
      <trkpt lat="36.3927562" lon="101.3156088"><ele>3784.98</ele><time>2026-05-03T10:25:02Z</time></trkpt>
      <trkpt lat="36.3926945" lon="101.3155824"><ele>3784</ele><time>2026-05-03T10:25:03Z</time></trkpt>
      <trkpt lat="36.3926225" lon="101.3155938"><ele>3783.11</ele><time>2026-05-03T10:25:04Z</time></trkpt>
      <trkpt lat="36.3925405" lon="101.3156403"><ele>3782.28</ele><time>2026-05-03T10:25:05Z</time></trkpt>
      <trkpt lat="36.3924470" lon="101.3157203"><ele>3781.58</ele><time>2026-05-03T10:25:06Z</time></trkpt>
      <trkpt lat="36.3923514" lon="101.3158137"><ele>3780.92</ele><time>2026-05-03T10:25:07Z</time></trkpt>
      <trkpt lat="36.3922589" lon="101.3158952"><ele>3780.28</ele><time>2026-05-03T10:25:08Z</time></trkpt>
      <trkpt lat="36.3916610" lon="101.3163841"><ele>3777.18</ele><time>2026-05-03T10:25:14Z</time></trkpt>
      <trkpt lat="36.3909302" lon="101.3169780"><ele>3773.87</ele><time>2026-05-03T10:25:21Z</time></trkpt>
      <trkpt lat="36.3903821" lon="101.3174191"><ele>3770.82</ele><time>2026-05-03T10:25:26Z</time></trkpt>
      <trkpt lat="36.3898285" lon="101.3178736"><ele>3767.68</ele><time>2026-05-03T10:25:31Z</time></trkpt>
      <trkpt lat="36.3893087" lon="101.3182989"><ele>3764.26</ele><time>2026-05-03T10:25:36Z</time></trkpt>
      <trkpt lat="36.3892154" lon="101.3183543"><ele>3763.47</ele><time>2026-05-03T10:25:37Z</time></trkpt>
      <trkpt lat="36.3891238" lon="101.3183896"><ele>3762.64</ele><time>2026-05-03T10:25:38Z</time></trkpt>
      <trkpt lat="36.3890333" lon="101.3184029"><ele>3761.9</ele><time>2026-05-03T10:25:39Z</time></trkpt>
      <trkpt lat="36.3889498" lon="101.3183885"><ele>3761.04</ele><time>2026-05-03T10:25:40Z</time></trkpt>
      <trkpt lat="36.3888845" lon="101.3183263"><ele>3760.11</ele><time>2026-05-03T10:25:41Z</time></trkpt>
      <trkpt lat="36.3888322" lon="101.3182589"><ele>3759.26</ele><time>2026-05-03T10:25:42Z</time></trkpt>
      <trkpt lat="36.3888048" lon="101.3181513"><ele>3758.48</ele><time>2026-05-03T10:25:43Z</time></trkpt>
      <trkpt lat="36.3887989" lon="101.3180253"><ele>3757.88</ele><time>2026-05-03T10:25:44Z</time></trkpt>
      <trkpt lat="36.3888187" lon="101.3178668"><ele>3757.3</ele><time>2026-05-03T10:25:45Z</time></trkpt>
      <trkpt lat="36.3888420" lon="101.3177055"><ele>3756.75</ele><time>2026-05-03T10:25:46Z</time></trkpt>
      <trkpt lat="36.3888638" lon="101.3175426"><ele>3756.25</ele><time>2026-05-03T10:25:47Z</time></trkpt>
      <trkpt lat="36.3889559" lon="101.3166581"><ele>3754.51</ele><time>2026-05-03T10:25:52Z</time></trkpt>
      <trkpt lat="36.3891235" lon="101.3155057"><ele>3751.78</ele><time>2026-05-03T10:25:58Z</time></trkpt>
      <trkpt lat="36.3892571" lon="101.3144858"><ele>3748.24</ele><time>2026-05-03T10:26:03Z</time></trkpt>
      <trkpt lat="36.3893864" lon="101.3134409"><ele>3744.64</ele><time>2026-05-03T10:26:08Z</time></trkpt>
      <trkpt lat="36.3895227" lon="101.3123785"><ele>3740.93</ele><time>2026-05-03T10:26:13Z</time></trkpt>
      <trkpt lat="36.3896586" lon="101.3112977"><ele>3737.39</ele><time>2026-05-03T10:26:18Z</time></trkpt>
      <trkpt lat="36.3897636" lon="101.3104276"><ele>3734.16</ele><time>2026-05-03T10:26:22Z</time></trkpt>
      <trkpt lat="36.3898957" lon="101.3095751"><ele>3730.3</ele><time>2026-05-03T10:26:26Z</time></trkpt>
      <trkpt lat="36.3900568" lon="101.3089570"><ele>3726.91</ele><time>2026-05-03T10:26:29Z</time></trkpt>
      <trkpt lat="36.3902604" lon="101.3083637"><ele>3723.16</ele><time>2026-05-03T10:26:32Z</time></trkpt>
      <trkpt lat="36.3904939" lon="101.3077936"><ele>3719.08</ele><time>2026-05-03T10:26:35Z</time></trkpt>
      <trkpt lat="36.3907509" lon="101.3072444"><ele>3714.94</ele><time>2026-05-03T10:26:38Z</time></trkpt>
      <trkpt lat="36.3910250" lon="101.3066933"><ele>3711.03</ele><time>2026-05-03T10:26:41Z</time></trkpt>
      <trkpt lat="36.3912954" lon="101.3061374"><ele>3707.66</ele><time>2026-05-03T10:26:44Z</time></trkpt>
      <trkpt lat="36.3915693" lon="101.3055753"><ele>3704.53</ele><time>2026-05-03T10:26:47Z</time></trkpt>
      <trkpt lat="36.3919385" lon="101.3048148"><ele>3700.75</ele><time>2026-05-03T10:26:51Z</time></trkpt>
      <trkpt lat="36.3922794" lon="101.3041318"><ele>3697.19</ele><time>2026-05-03T10:26:55Z</time></trkpt>
      <trkpt lat="36.3925225" lon="101.3036110"><ele>3694.03</ele><time>2026-05-03T10:26:58Z</time></trkpt>
      <trkpt lat="36.3928546" lon="101.3029194"><ele>3690.82</ele><time>2026-05-03T10:27:02Z</time></trkpt>
      <trkpt lat="36.3931130" lon="101.3023855"><ele>3687.06</ele><time>2026-05-03T10:27:05Z</time></trkpt>
      <trkpt lat="36.3933890" lon="101.3018299"><ele>3683.7</ele><time>2026-05-03T10:27:08Z</time></trkpt>
      <trkpt lat="36.3936837" lon="101.3012686"><ele>3680.31</ele><time>2026-05-03T10:27:11Z</time></trkpt>
      <trkpt lat="36.3939973" lon="101.3007288"><ele>3676.83</ele><time>2026-05-03T10:27:14Z</time></trkpt>
      <trkpt lat="36.3943257" lon="101.3001897"><ele>3673.17</ele><time>2026-05-03T10:27:17Z</time></trkpt>
      <trkpt lat="36.3946572" lon="101.2996488"><ele>3669.32</ele><time>2026-05-03T10:27:20Z</time></trkpt>
      <trkpt lat="36.3949810" lon="101.2991040"><ele>3666.19</ele><time>2026-05-03T10:27:23Z</time></trkpt>
      <trkpt lat="36.3953037" lon="101.2985709"><ele>3662.66</ele><time>2026-05-03T10:27:26Z</time></trkpt>
      <trkpt lat="36.3956160" lon="101.2980493"><ele>3658.76</ele><time>2026-05-03T10:27:29Z</time></trkpt>
      <trkpt lat="36.3959197" lon="101.2975406"><ele>3654.84</ele><time>2026-05-03T10:27:32Z</time></trkpt>
      <trkpt lat="36.3962212" lon="101.2970314"><ele>3650.81</ele><time>2026-05-03T10:27:35Z</time></trkpt>
      <trkpt lat="36.3965226" lon="101.2965196"><ele>3647.12</ele><time>2026-05-03T10:27:38Z</time></trkpt>
      <trkpt lat="36.3969364" lon="101.2958338"><ele>3643.8</ele><time>2026-05-03T10:27:42Z</time></trkpt>
      <trkpt lat="36.3974513" lon="101.2949810"><ele>3640.61</ele><time>2026-05-03T10:27:47Z</time></trkpt>
      <trkpt lat="36.3979645" lon="101.2941389"><ele>3637.51</ele><time>2026-05-03T10:27:52Z</time></trkpt>
      <trkpt lat="36.3985853" lon="101.2931179"><ele>3633.94</ele><time>2026-05-03T10:27:58Z</time></trkpt>
      <trkpt lat="36.3990629" lon="101.2922724"><ele>3630.14</ele><time>2026-05-03T10:28:03Z</time></trkpt>
      <trkpt lat="36.3994098" lon="101.2915882"><ele>3626.25</ele><time>2026-05-03T10:28:07Z</time></trkpt>
      <trkpt lat="36.3996348" lon="101.2910567"><ele>3622.85</ele><time>2026-05-03T10:28:10Z</time></trkpt>
      <trkpt lat="36.3998392" lon="101.2905295"><ele>3619.64</ele><time>2026-05-03T10:28:13Z</time></trkpt>
      <trkpt lat="36.4000575" lon="101.2900194"><ele>3616.3</ele><time>2026-05-03T10:28:16Z</time></trkpt>
      <trkpt lat="36.4002712" lon="101.2894959"><ele>3612.69</ele><time>2026-05-03T10:28:19Z</time></trkpt>
      <trkpt lat="36.4004881" lon="101.2889587"><ele>3609.61</ele><time>2026-05-03T10:28:22Z</time></trkpt>
      <trkpt lat="36.4008551" lon="101.2880434"><ele>3606.3</ele><time>2026-05-03T10:28:27Z</time></trkpt>
      <trkpt lat="36.4013606" lon="101.2868121"><ele>3603.22</ele><time>2026-05-03T10:28:34Z</time></trkpt>
      <trkpt lat="36.4020151" lon="101.2852102"><ele>3599.83</ele><time>2026-05-03T10:28:43Z</time></trkpt>
      <trkpt lat="36.4023990" lon="101.2842792"><ele>3596.76</ele><time>2026-05-03T10:28:48Z</time></trkpt>
      <trkpt lat="36.4026973" lon="101.2835449"><ele>3593.65</ele><time>2026-05-03T10:28:52Z</time></trkpt>
      <trkpt lat="36.4029920" lon="101.2828193"><ele>3589.99</ele><time>2026-05-03T10:28:56Z</time></trkpt>
      <trkpt lat="36.4032163" lon="101.2822737"><ele>3586.96</ele><time>2026-05-03T10:28:59Z</time></trkpt>
      <trkpt lat="36.4034437" lon="101.2817194"><ele>3583.92</ele><time>2026-05-03T10:29:02Z</time></trkpt>
      <trkpt lat="36.4037416" lon="101.2809919"><ele>3580.28</ele><time>2026-05-03T10:29:06Z</time></trkpt>
      <trkpt lat="36.4040339" lon="101.2802827"><ele>3576.35</ele><time>2026-05-03T10:29:10Z</time></trkpt>
      <trkpt lat="36.4042470" lon="101.2797553"><ele>3573.08</ele><time>2026-05-03T10:29:13Z</time></trkpt>
      <trkpt lat="36.4044636" lon="101.2792383"><ele>3569.83</ele><time>2026-05-03T10:29:16Z</time></trkpt>
      <trkpt lat="36.4046823" lon="101.2787061"><ele>3566.79</ele><time>2026-05-03T10:29:19Z</time></trkpt>
      <trkpt lat="36.4049843" lon="101.2779767"><ele>3562.89</ele><time>2026-05-03T10:29:23Z</time></trkpt>
      <trkpt lat="36.4052879" lon="101.2772325"><ele>3559.41</ele><time>2026-05-03T10:29:27Z</time></trkpt>
      <trkpt lat="36.4055985" lon="101.2764843"><ele>3556.19</ele><time>2026-05-03T10:29:31Z</time></trkpt>
      <trkpt lat="36.4059096" lon="101.2757341"><ele>3552.71</ele><time>2026-05-03T10:29:35Z</time></trkpt>
      <trkpt lat="36.4062150" lon="101.2749901"><ele>3549.46</ele><time>2026-05-03T10:29:39Z</time></trkpt>
      <trkpt lat="36.4065861" lon="101.2740944"><ele>3546.04</ele><time>2026-05-03T10:29:44Z</time></trkpt>
      <trkpt lat="36.4069263" lon="101.2734293"><ele>3542.97</ele><time>2026-05-03T10:29:48Z</time></trkpt>
      <trkpt lat="36.4073475" lon="101.2728505"><ele>3539.96</ele><time>2026-05-03T10:29:52Z</time></trkpt>
      <trkpt lat="36.4078463" lon="101.2724064"><ele>3537.57</ele><time>2026-05-03T10:29:56Z</time></trkpt>
      <trkpt lat="36.4083379" lon="101.2721336"><ele>3534.62</ele><time>2026-05-03T10:30:00Z</time></trkpt>
      <trkpt lat="36.4085450" lon="101.2720498"><ele>3532.33</ele><time>2026-05-03T10:30:03Z</time></trkpt>
      <trkpt lat="36.4087777" lon="101.2719685"><ele>3528.97</ele><time>2026-05-03T10:30:07Z</time></trkpt>
      <trkpt lat="36.4091077" lon="101.2718639"><ele>3526.46</ele><time>2026-05-03T10:30:11Z</time></trkpt>
      <trkpt lat="36.4096790" lon="101.2716666"><ele>3524.94</ele><time>2026-05-03T10:30:16Z</time></trkpt>
      <trkpt lat="36.4110948" lon="101.2711703"><ele>3525.05</ele><time>2026-05-03T10:30:27Z</time></trkpt>
      <trkpt lat="36.4121347" lon="101.2707405"><ele>3523.61</ele><time>2026-05-03T10:30:35Z</time></trkpt>
      <trkpt lat="36.4126978" lon="101.2702752"><ele>3521.03</ele><time>2026-05-03T10:30:40Z</time></trkpt>
      <trkpt lat="36.4132296" lon="101.2695936"><ele>3517.72</ele><time>2026-05-03T10:30:46Z</time></trkpt>
      <trkpt lat="36.4135297" lon="101.2689048"><ele>3514.05</ele><time>2026-05-03T10:30:51Z</time></trkpt>
      <trkpt lat="36.4136874" lon="101.2682466"><ele>3510.99</ele><time>2026-05-03T10:30:55Z</time></trkpt>
      <trkpt lat="36.4138413" lon="101.2675283"><ele>3507.79</ele><time>2026-05-03T10:30:59Z</time></trkpt>
      <trkpt lat="36.4140049" lon="101.2667702"><ele>3504.31</ele><time>2026-05-03T10:31:03Z</time></trkpt>
      <trkpt lat="36.4141541" lon="101.2660791"><ele>3500.33</ele><time>2026-05-03T10:31:07Z</time></trkpt>
      <trkpt lat="36.4142171" lon="101.2658015"><ele>3497.46</ele><time>2026-05-03T10:31:10Z</time></trkpt>
      <trkpt lat="36.4142318" lon="101.2657522"><ele>3496.36</ele><time>2026-05-03T10:31:11Z</time></trkpt>
      <trkpt lat="36.4142479" lon="101.2657182"><ele>3495.38</ele><time>2026-05-03T10:31:12Z</time></trkpt>
      <trkpt lat="36.4142897" lon="101.2656378"><ele>3491.52</ele><time>2026-05-03T10:31:16Z</time></trkpt>
      <trkpt lat="36.4142857" lon="101.2656401"><ele>3488.89</ele><time>2026-05-03T10:31:20Z</time></trkpt>
    </trkseg>
    <trkseg>
      <trkpt lat="36.4143046" lon="101.2655902"><ele>3487.59</ele><time>2026-05-03T10:34:50Z</time></trkpt>
      <trkpt lat="36.4143074" lon="101.2655552"><ele>3487.47</ele><time>2026-05-03T10:34:58Z</time></trkpt>
    </trkseg>
    <trkseg>
      <trkpt lat="36.4142295" lon="101.2655989"><ele>3487.59</ele><time>2026-05-03T10:35:16Z</time></trkpt>
      <trkpt lat="36.4141764" lon="101.2658933"><ele>3487.67</ele><time>2026-05-03T10:35:20Z</time></trkpt>
      <trkpt lat="36.4140677" lon="101.2664489"><ele>3488.7</ele><time>2026-05-03T10:35:25Z</time></trkpt>
      <trkpt lat="36.4138697" lon="101.2673925"><ele>3491.93</ele><time>2026-05-03T10:35:32Z</time></trkpt>
      <trkpt lat="36.4136890" lon="101.2682498"><ele>3495.2</ele><time>2026-05-03T10:35:38Z</time></trkpt>
      <trkpt lat="36.4135569" lon="101.2688344"><ele>3498.44</ele><time>2026-05-03T10:35:42Z</time></trkpt>
      <trkpt lat="36.4133475" lon="101.2694013"><ele>3501.72</ele><time>2026-05-03T10:35:46Z</time></trkpt>
      <trkpt lat="36.4130508" lon="101.2699087"><ele>3505.46</ele><time>2026-05-03T10:35:50Z</time></trkpt>
      <trkpt lat="36.4127612" lon="101.2702485"><ele>3508.59</ele><time>2026-05-03T10:35:53Z</time></trkpt>
      <trkpt lat="36.4124310" lon="101.2705671"><ele>3511.71</ele><time>2026-05-03T10:35:56Z</time></trkpt>
      <trkpt lat="36.4120451" lon="101.2708243"><ele>3514.72</ele><time>2026-05-03T10:35:59Z</time></trkpt>
      <trkpt lat="36.4114759" lon="101.2710501"><ele>3518.6</ele><time>2026-05-03T10:36:03Z</time></trkpt>
      <trkpt lat="36.4108988" lon="101.2712519"><ele>3522.05</ele><time>2026-05-03T10:36:07Z</time></trkpt>
      <trkpt lat="36.4103054" lon="101.2714625"><ele>3525.66</ele><time>2026-05-03T10:36:11Z</time></trkpt>
      <trkpt lat="36.4096924" lon="101.2716782"><ele>3528.73</ele><time>2026-05-03T10:36:15Z</time></trkpt>
      <trkpt lat="36.4090968" lon="101.2718940"><ele>3530.58</ele><time>2026-05-03T10:36:19Z</time></trkpt>
      <trkpt lat="36.4081394" lon="101.2722559"><ele>3531.69</ele><time>2026-05-03T10:36:26Z</time></trkpt>
      <trkpt lat="36.4075001" lon="101.2726985"><ele>3532.48</ele><time>2026-05-03T10:36:31Z</time></trkpt>
      <trkpt lat="36.4070557" lon="101.2732212"><ele>3533.65</ele><time>2026-05-03T10:36:35Z</time></trkpt>
      <trkpt lat="36.4066099" lon="101.2740212"><ele>3536.19</ele><time>2026-05-03T10:36:40Z</time></trkpt>
      <trkpt lat="36.4061684" lon="101.2751061"><ele>3539.62</ele><time>2026-05-03T10:36:46Z</time></trkpt>
      <trkpt lat="36.4057229" lon="101.2762333"><ele>3542.9</ele><time>2026-05-03T10:36:52Z</time></trkpt>
      <trkpt lat="36.4052577" lon="101.2773793"><ele>3546.5</ele><time>2026-05-03T10:36:58Z</time></trkpt>
      <trkpt lat="36.4048719" lon="101.2783251"><ele>3549.7</ele><time>2026-05-03T10:37:03Z</time></trkpt>
      <trkpt lat="36.4044979" lon="101.2792449"><ele>3553.25</ele><time>2026-05-03T10:37:08Z</time></trkpt>
      <trkpt lat="36.4042104" lon="101.2799449"><ele>3556.54</ele><time>2026-05-03T10:37:12Z</time></trkpt>
      <trkpt lat="36.4039338" lon="101.2806188"><ele>3559.67</ele><time>2026-05-03T10:37:16Z</time></trkpt>
      <trkpt lat="36.4035993" lon="101.2814278"><ele>3563.42</ele><time>2026-05-03T10:37:21Z</time></trkpt>
      <trkpt lat="36.4033345" lon="101.2820773"><ele>3566.77</ele><time>2026-05-03T10:37:25Z</time></trkpt>
      <trkpt lat="36.4030520" lon="101.2827603"><ele>3570.73</ele><time>2026-05-03T10:37:29Z</time></trkpt>
      <trkpt lat="36.4027796" lon="101.2834319"><ele>3574.51</ele><time>2026-05-03T10:37:33Z</time></trkpt>
      <trkpt lat="36.4025793" lon="101.2839184"><ele>3577.55</ele><time>2026-05-03T10:37:36Z</time></trkpt>
      <trkpt lat="36.4023804" lon="101.2844069"><ele>3580.63</ele><time>2026-05-03T10:37:39Z</time></trkpt>
      <trkpt lat="36.4021141" lon="101.2850598"><ele>3584.15</ele><time>2026-05-03T10:37:43Z</time></trkpt>
      <trkpt lat="36.4018452" lon="101.2857108"><ele>3587.74</ele><time>2026-05-03T10:37:47Z</time></trkpt>
      <trkpt lat="36.4015105" lon="101.2865236"><ele>3591.42</ele><time>2026-05-03T10:37:52Z</time></trkpt>
      <trkpt lat="36.4012247" lon="101.2872222"><ele>3594.6</ele><time>2026-05-03T10:37:56Z</time></trkpt>
      <trkpt lat="36.4009323" lon="101.2879424"><ele>3597.79</ele><time>2026-05-03T10:38:00Z</time></trkpt>
      <trkpt lat="36.4005696" lon="101.2888287"><ele>3600.91</ele><time>2026-05-03T10:38:05Z</time></trkpt>
      <trkpt lat="36.4000202" lon="101.2901577"><ele>3602.9</ele><time>2026-05-03T10:38:13Z</time></trkpt>
      <trkpt lat="36.3994970" lon="101.2914015"><ele>3606.07</ele><time>2026-05-03T10:38:21Z</time></trkpt>
      <trkpt lat="36.3991321" lon="101.2921906"><ele>3609.55</ele><time>2026-05-03T10:38:26Z</time></trkpt>
      <trkpt lat="36.3988108" lon="101.2927848"><ele>3612.96</ele><time>2026-05-03T10:38:30Z</time></trkpt>
      <trkpt lat="36.3984828" lon="101.2933401"><ele>3616.68</ele><time>2026-05-03T10:38:34Z</time></trkpt>
      <trkpt lat="36.3982336" lon="101.2937462"><ele>3619.85</ele><time>2026-05-03T10:38:37Z</time></trkpt>
      <trkpt lat="36.3978948" lon="101.2943010"><ele>3623.75</ele><time>2026-05-03T10:38:41Z</time></trkpt>
      <trkpt lat="36.3975486" lon="101.2948769"><ele>3627.39</ele><time>2026-05-03T10:38:45Z</time></trkpt>
      <trkpt lat="36.3970971" lon="101.2956241"><ele>3631.01</ele><time>2026-05-03T10:38:50Z</time></trkpt>
      <trkpt lat="36.3964641" lon="101.2966709"><ele>3634.11</ele><time>2026-05-03T10:38:57Z</time></trkpt>
      <trkpt lat="36.3959248" lon="101.2975696"><ele>3637.38</ele><time>2026-05-03T10:39:03Z</time></trkpt>
      <trkpt lat="36.3953978" lon="101.2984335"><ele>3640.75</ele><time>2026-05-03T10:39:09Z</time></trkpt>
      <trkpt lat="36.3948979" lon="101.2992573"><ele>3644.11</ele><time>2026-05-03T10:39:15Z</time></trkpt>
      <trkpt lat="36.3945819" lon="101.2997795"><ele>3647.27</ele><time>2026-05-03T10:39:19Z</time></trkpt>
      <trkpt lat="36.3942661" lon="101.3002988"><ele>3650.4</ele><time>2026-05-03T10:39:23Z</time></trkpt>
      <trkpt lat="36.3939520" lon="101.3008107"><ele>3653.45</ele><time>2026-05-03T10:39:27Z</time></trkpt>
      <trkpt lat="36.3936725" lon="101.3012822"><ele>3656.64</ele><time>2026-05-03T10:39:31Z</time></trkpt>
      <trkpt lat="36.3933903" lon="101.3018238"><ele>3660.11</ele><time>2026-05-03T10:39:36Z</time></trkpt>
      <trkpt lat="36.3931473" lon="101.3023248"><ele>3663.46</ele><time>2026-05-03T10:39:41Z</time></trkpt>
      <trkpt lat="36.3929260" lon="101.3027807"><ele>3666.84</ele><time>2026-05-03T10:39:46Z</time></trkpt>
      <trkpt lat="36.3927117" lon="101.3032247"><ele>3669.91</ele><time>2026-05-03T10:39:51Z</time></trkpt>
      <trkpt lat="36.3924545" lon="101.3037520"><ele>3673.27</ele><time>2026-05-03T10:39:56Z</time></trkpt>
      <trkpt lat="36.3921557" lon="101.3043778"><ele>3676.88</ele><time>2026-05-03T10:40:01Z</time></trkpt>
      <trkpt lat="36.3918952" lon="101.3049242"><ele>3679.91</ele><time>2026-05-03T10:40:05Z</time></trkpt>
      <trkpt lat="36.3916319" lon="101.3054839"><ele>3683.02</ele><time>2026-05-03T10:40:09Z</time></trkpt>
      <trkpt lat="36.3913688" lon="101.3060334"><ele>3686.33</ele><time>2026-05-03T10:40:13Z</time></trkpt>
      <trkpt lat="36.3910294" lon="101.3067181"><ele>3689.84</ele><time>2026-05-03T10:40:18Z</time></trkpt>
      <trkpt lat="36.3907607" lon="101.3072764"><ele>3692.89</ele><time>2026-05-03T10:40:22Z</time></trkpt>
      <trkpt lat="36.3904992" lon="101.3078416"><ele>3696.1</ele><time>2026-05-03T10:40:26Z</time></trkpt>
      <trkpt lat="36.3902091" lon="101.3085720"><ele>3699.62</ele><time>2026-05-03T10:40:31Z</time></trkpt>
      <trkpt lat="36.3899848" lon="101.3093098"><ele>3703.29</ele><time>2026-05-03T10:40:36Z</time></trkpt>
      <trkpt lat="36.3898511" lon="101.3099064"><ele>3706.44</ele><time>2026-05-03T10:40:40Z</time></trkpt>
      <trkpt lat="36.3897719" lon="101.3105049"><ele>3709.61</ele><time>2026-05-03T10:40:44Z</time></trkpt>
      <trkpt lat="36.3896978" lon="101.3110887"><ele>3712.94</ele><time>2026-05-03T10:40:48Z</time></trkpt>
      <trkpt lat="36.3896254" lon="101.3116507"><ele>3716.13</ele><time>2026-05-03T10:40:52Z</time></trkpt>
      <trkpt lat="36.3895570" lon="101.3122179"><ele>3719.2</ele><time>2026-05-03T10:40:56Z</time></trkpt>
      <trkpt lat="36.3894773" lon="101.3128540"><ele>3722.25</ele><time>2026-05-03T10:41:00Z</time></trkpt>
      <trkpt lat="36.3893886" lon="101.3135504"><ele>3725.42</ele><time>2026-05-03T10:41:04Z</time></trkpt>
      <trkpt lat="36.3892973" lon="101.3142667"><ele>3728.87</ele><time>2026-05-03T10:41:08Z</time></trkpt>
      <trkpt lat="36.3891783" lon="101.3151869"><ele>3732.34</ele><time>2026-05-03T10:41:13Z</time></trkpt>
      <trkpt lat="36.3890778" lon="101.3161082"><ele>3735.39</ele><time>2026-05-03T10:41:18Z</time></trkpt>
      <trkpt lat="36.3889567" lon="101.3169936"><ele>3738.56</ele><time>2026-05-03T10:41:23Z</time></trkpt>
      <trkpt lat="36.3888685" lon="101.3176763"><ele>3741.97</ele><time>2026-05-03T10:41:27Z</time></trkpt>
      <trkpt lat="36.3888245" lon="101.3180942"><ele>3745.15</ele><time>2026-05-03T10:41:30Z</time></trkpt>
      <trkpt lat="36.3888353" lon="101.3182054"><ele>3746.03</ele><time>2026-05-03T10:41:31Z</time></trkpt>
      <trkpt lat="36.3888672" lon="101.3182994"><ele>3746.8</ele><time>2026-05-03T10:41:32Z</time></trkpt>
      <trkpt lat="36.3889180" lon="101.3183765"><ele>3747.48</ele><time>2026-05-03T10:41:33Z</time></trkpt>
      <trkpt lat="36.3889822" lon="101.3184326"><ele>3748.02</ele><time>2026-05-03T10:41:34Z</time></trkpt>
      <trkpt lat="36.3890674" lon="101.3184522"><ele>3748.47</ele><time>2026-05-03T10:41:35Z</time></trkpt>
      <trkpt lat="36.3891568" lon="101.3184469"><ele>3748.99</ele><time>2026-05-03T10:41:36Z</time></trkpt>
      <trkpt lat="36.3892491" lon="101.3184087"><ele>3749.36</ele><time>2026-05-03T10:41:37Z</time></trkpt>
      <trkpt lat="36.3893418" lon="101.3183408"><ele>3749.73</ele><time>2026-05-03T10:41:38Z</time></trkpt>
      <trkpt lat="36.3894396" lon="101.3182490"><ele>3750.14</ele><time>2026-05-03T10:41:39Z</time></trkpt>
      <trkpt lat="36.3895290" lon="101.3181688"><ele>3750.63</ele><time>2026-05-03T10:41:40Z</time></trkpt>
      <trkpt lat="36.3900940" lon="101.3176861"><ele>3753.69</ele><time>2026-05-03T10:41:46Z</time></trkpt>
      <trkpt lat="36.3906006" lon="101.3172743"><ele>3756.71</ele><time>2026-05-03T10:41:51Z</time></trkpt>
      <trkpt lat="36.3911203" lon="101.3168521"><ele>3760.01</ele><time>2026-05-03T10:41:56Z</time></trkpt>
      <trkpt lat="36.3916512" lon="101.3164224"><ele>3763.56</ele><time>2026-05-03T10:42:01Z</time></trkpt>
      <trkpt lat="36.3921836" lon="101.3159977"><ele>3766.97</ele><time>2026-05-03T10:42:06Z</time></trkpt>
      <trkpt lat="36.3926211" lon="101.3156697"><ele>3770.38</ele><time>2026-05-03T10:42:11Z</time></trkpt>
      <trkpt lat="36.3926998" lon="101.3156477"><ele>3771.15</ele><time>2026-05-03T10:42:12Z</time></trkpt>
      <trkpt lat="36.3927743" lon="101.3156512"><ele>3771.82</ele><time>2026-05-03T10:42:13Z</time></trkpt>
      <trkpt lat="36.3928400" lon="101.3156832"><ele>3772.5</ele><time>2026-05-03T10:42:14Z</time></trkpt>
      <trkpt lat="36.3928827" lon="101.3157518"><ele>3773.09</ele><time>2026-05-03T10:42:15Z</time></trkpt>
      <trkpt lat="36.3929090" lon="101.3158331"><ele>3773.62</ele><time>2026-05-03T10:42:16Z</time></trkpt>
      <trkpt lat="36.3929161" lon="101.3159329"><ele>3774.06</ele><time>2026-05-03T10:42:17Z</time></trkpt>
      <trkpt lat="36.3928990" lon="101.3160465"><ele>3774.5</ele><time>2026-05-03T10:42:18Z</time></trkpt>
      <trkpt lat="36.3928702" lon="101.3161691"><ele>3774.91</ele><time>2026-05-03T10:42:19Z</time></trkpt>
      <trkpt lat="36.3928415" lon="101.3162896"><ele>3775.29</ele><time>2026-05-03T10:42:20Z</time></trkpt>
      <trkpt lat="36.3926262" lon="101.3173234"><ele>3778.55</ele><time>2026-05-03T10:42:28Z</time></trkpt>
      <trkpt lat="36.3925006" lon="101.3180477"><ele>3781.93</ele><time>2026-05-03T10:42:33Z</time></trkpt>
      <trkpt lat="36.3923846" lon="101.3186794"><ele>3785.14</ele><time>2026-05-03T10:42:37Z</time></trkpt>
      <trkpt lat="36.3922578" lon="101.3193313"><ele>3788.63</ele><time>2026-05-03T10:42:41Z</time></trkpt>
      <trkpt lat="36.3921608" lon="101.3199902"><ele>3792.11</ele><time>2026-05-03T10:42:45Z</time></trkpt>
      <trkpt lat="36.3921422" lon="101.3206531"><ele>3795.39</ele><time>2026-05-03T10:42:49Z</time></trkpt>
      <trkpt lat="36.3922314" lon="101.3214494"><ele>3798.66</ele><time>2026-05-03T10:42:54Z</time></trkpt>
      <trkpt lat="36.3923750" lon="101.3222077"><ele>3802.25</ele><time>2026-05-03T10:42:59Z</time></trkpt>
      <trkpt lat="36.3925003" lon="101.3227911"><ele>3805.72</ele><time>2026-05-03T10:43:03Z</time></trkpt>
      <trkpt lat="36.3926894" lon="101.3233268"><ele>3809.25</ele><time>2026-05-03T10:43:07Z</time></trkpt>
      <trkpt lat="36.3929546" lon="101.3238163"><ele>3812.55</ele><time>2026-05-03T10:43:11Z</time></trkpt>
      <trkpt lat="36.3932698" lon="101.3242900"><ele>3815.67</ele><time>2026-05-03T10:43:15Z</time></trkpt>
      <trkpt lat="36.3935860" lon="101.3247604"><ele>3818.75</ele><time>2026-05-03T10:43:19Z</time></trkpt>
      <trkpt lat="36.3939080" lon="101.3253795"><ele>3822.37</ele><time>2026-05-03T10:43:24Z</time></trkpt>
      <trkpt lat="36.3940891" lon="101.3259054"><ele>3825.77</ele><time>2026-05-03T10:43:28Z</time></trkpt>
      <trkpt lat="36.3942411" lon="101.3264570"><ele>3828.84</ele><time>2026-05-03T10:43:32Z</time></trkpt>
      <trkpt lat="36.3944322" lon="101.3271417"><ele>3832.14</ele><time>2026-05-03T10:43:37Z</time></trkpt>
      <trkpt lat="36.3945783" lon="101.3278042"><ele>3834.7</ele><time>2026-05-03T10:43:42Z</time></trkpt>
      <trkpt lat="36.3945774" lon="101.3279375"><ele>3835.15</ele><time>2026-05-03T10:43:43Z</time></trkpt>
      <trkpt lat="36.3945623" lon="101.3280716"><ele>3835.61</ele><time>2026-05-03T10:43:44Z</time></trkpt>
      <trkpt lat="36.3945338" lon="101.3282053"><ele>3835.97</ele><time>2026-05-03T10:43:45Z</time></trkpt>
      <trkpt lat="36.3944983" lon="101.3283354"><ele>3836.43</ele><time>2026-05-03T10:43:46Z</time></trkpt>
      <trkpt lat="36.3942186" lon="101.3292408"><ele>3839.71</ele><time>2026-05-03T10:43:53Z</time></trkpt>
      <trkpt lat="36.3940383" lon="101.3298397"><ele>3843.06</ele><time>2026-05-03T10:43:58Z</time></trkpt>
      <trkpt lat="36.3938625" lon="101.3303814"><ele>3846.7</ele><time>2026-05-03T10:44:03Z</time></trkpt>
      <trkpt lat="36.3936864" lon="101.3309541"><ele>3850.14</ele><time>2026-05-03T10:44:08Z</time></trkpt>
      <trkpt lat="36.3934975" lon="101.3315807"><ele>3853.84</ele><time>2026-05-03T10:44:13Z</time></trkpt>
      <trkpt lat="36.3933244" lon="101.3321192"><ele>3857.24</ele><time>2026-05-03T10:44:17Z</time></trkpt>
      <trkpt lat="36.3931669" lon="101.3326853"><ele>3860.76</ele><time>2026-05-03T10:44:21Z</time></trkpt>
      <trkpt lat="36.3930474" lon="101.3332460"><ele>3864.11</ele><time>2026-05-03T10:44:25Z</time></trkpt>
      <trkpt lat="36.3929457" lon="101.3339456"><ele>3867.83</ele><time>2026-05-03T10:44:30Z</time></trkpt>
      <trkpt lat="36.3928759" lon="101.3343250"><ele>3869.96</ele><time>2026-05-03T10:44:33Z</time></trkpt>
      <trkpt lat="36.3928359" lon="101.3344377"><ele>3870.56</ele><time>2026-05-03T10:44:34Z</time></trkpt>
      <trkpt lat="36.3927799" lon="101.3345388"><ele>3871.11</ele><time>2026-05-03T10:44:35Z</time></trkpt>
      <trkpt lat="36.3927100" lon="101.3346193"><ele>3871.68</ele><time>2026-05-03T10:44:36Z</time></trkpt>
      <trkpt lat="36.3926277" lon="101.3346792"><ele>3872.18</ele><time>2026-05-03T10:44:37Z</time></trkpt>
      <trkpt lat="36.3925376" lon="101.3347223"><ele>3872.74</ele><time>2026-05-03T10:44:38Z</time></trkpt>
      <trkpt lat="36.3924454" lon="101.3347555"><ele>3873.34</ele><time>2026-05-03T10:44:39Z</time></trkpt>
      <trkpt lat="36.3923531" lon="101.3347850"><ele>3873.92</ele><time>2026-05-03T10:44:40Z</time></trkpt>
      <trkpt lat="36.3919005" lon="101.3349192"><ele>3877.05</ele><time>2026-05-03T10:44:45Z</time></trkpt>
      <trkpt lat="36.3918235" lon="101.3349674"><ele>3877.69</ele><time>2026-05-03T10:44:46Z</time></trkpt>
      <trkpt lat="36.3917584" lon="101.3350347"><ele>3878.14</ele><time>2026-05-03T10:44:47Z</time></trkpt>
      <trkpt lat="36.3917026" lon="101.3351169"><ele>3878.6</ele><time>2026-05-03T10:44:48Z</time></trkpt>
      <trkpt lat="36.3916609" lon="101.3352145"><ele>3879</ele><time>2026-05-03T10:44:49Z</time></trkpt>
      <trkpt lat="36.3916263" lon="101.3353290"><ele>3879.3</ele><time>2026-05-03T10:44:50Z</time></trkpt>
      <trkpt lat="36.3915922" lon="101.3354578"><ele>3879.58</ele><time>2026-05-03T10:44:51Z</time></trkpt>
      <trkpt lat="36.3915590" lon="101.3355942"><ele>3879.78</ele><time>2026-05-03T10:44:52Z</time></trkpt>
      <trkpt lat="36.3912978" lon="101.3366391"><ele>3879.73</ele><time>2026-05-03T10:44:59Z</time></trkpt>
      <trkpt lat="36.3909367" lon="101.3380419"><ele>3878.43</ele><time>2026-05-03T10:45:07Z</time></trkpt>
      <trkpt lat="36.3908478" lon="101.3383373"><ele>3878.45</ele><time>2026-05-03T10:45:10Z</time></trkpt>
      <trkpt lat="36.3908121" lon="101.3384254"><ele>3878.34</ele><time>2026-05-03T10:45:13Z</time></trkpt>
      <trkpt lat="36.3907368" lon="101.3385980"><ele>3877.46</ele><time>2026-05-03T10:45:20Z</time></trkpt>
      <trkpt lat="36.3907085" lon="101.3387003"><ele>3877.24</ele><time>2026-05-03T10:45:27Z</time></trkpt>
      <trkpt lat="36.3907069" lon="101.3387028"><ele>3877.22</ele><time>2026-05-03T10:45:29Z</time></trkpt>
    </trkseg>
    <trkseg>
      <trkpt lat="36.3906497" lon="101.3387375"><ele>3877.14</ele><time>2026-05-03T11:43:17Z</time></trkpt>
      <trkpt lat="36.3906392" lon="101.3387457"><ele>3877.14</ele><time>2026-05-03T11:43:18Z</time></trkpt>
      <trkpt lat="36.3906261" lon="101.3387530"><ele>3877.14</ele><time>2026-05-03T11:43:19Z</time></trkpt>
      <trkpt lat="36.3905954" lon="101.3387178"><ele>3876.99</ele><time>2026-05-03T11:43:26Z</time></trkpt>
      <trkpt lat="36.3906022" lon="101.3387269"><ele>3876.82</ele><time>2026-05-03T11:43:29Z</time></trkpt>
    </trkseg>
    <trkseg>
      <trkpt lat="36.3906834" lon="101.3386748"><ele>3876.67</ele><time>2026-05-03T11:43:46Z</time></trkpt>
      <trkpt lat="36.3906980" lon="101.3386432"><ele>3876.88</ele><time>2026-05-03T11:43:52Z</time></trkpt>
    </trkseg>
    <trkseg>
      <trkpt lat="36.3907503" lon="101.3384814"><ele>3876.79</ele><time>2026-05-03T12:00:29Z</time></trkpt>
      <trkpt lat="36.3907497" lon="101.3384677"><ele>3876.79</ele><time>2026-05-03T12:00:30Z</time></trkpt>
      <trkpt lat="36.3907499" lon="101.3384551"><ele>3876.79</ele><time>2026-05-03T12:00:31Z</time></trkpt>
      <trkpt lat="36.3907886" lon="101.3383667"><ele>3876.61</ele><time>2026-05-03T12:00:40Z</time></trkpt>
      <trkpt lat="36.3907629" lon="101.3383931"><ele>3876.48</ele><time>2026-05-03T12:00:49Z</time></trkpt>
      <trkpt lat="36.3907654" lon="101.3383938"><ele>3876.42</ele><time>2026-05-03T12:00:51Z</time></trkpt>
    </trkseg>
    <trkseg>
      <trkpt lat="36.3907694" lon="101.3384721"><ele>3876.41</ele><time>2026-05-03T12:00:57Z</time></trkpt>
      <trkpt lat="36.3907634" lon="101.3385013"><ele>3876.44</ele><time>2026-05-03T12:00:58Z</time></trkpt>
      <trkpt lat="36.3907533" lon="101.3385349"><ele>3876.47</ele><time>2026-05-03T12:00:59Z</time></trkpt>
      <trkpt lat="36.3906961" lon="101.3387080"><ele>3876.57</ele><time>2026-05-03T12:01:06Z</time></trkpt>
      <trkpt lat="36.3906898" lon="101.3387075"><ele>3876.59</ele><time>2026-05-03T12:01:09Z</time></trkpt>
    </trkseg>
    <trkseg>
      <trkpt lat="36.3906996" lon="101.3388243"><ele>3876.51</ele><time>2026-05-03T12:01:52Z</time></trkpt>
      <trkpt lat="36.3906898" lon="101.3390338"><ele>3876.53</ele><time>2026-05-03T12:01:56Z</time></trkpt>
      <trkpt lat="36.3906639" lon="101.3394661"><ele>3876.47</ele><time>2026-05-03T12:02:00Z</time></trkpt>
      <trkpt lat="36.3906490" lon="101.3400899"><ele>3876.04</ele><time>2026-05-03T12:02:04Z</time></trkpt>
      <trkpt lat="36.3906285" lon="101.3410467"><ele>3874.56</ele><time>2026-05-03T12:02:09Z</time></trkpt>
      <trkpt lat="36.3905927" lon="101.3427319"><ele>3871.49</ele><time>2026-05-03T12:02:17Z</time></trkpt>
      <trkpt lat="36.3905562" lon="101.3443333"><ele>3870</ele><time>2026-05-03T12:02:24Z</time></trkpt>
      <trkpt lat="36.3904806" lon="101.3459399"><ele>3867.22</ele><time>2026-05-03T12:02:31Z</time></trkpt>
      <trkpt lat="36.3904364" lon="101.3461526"><ele>3866.7</ele><time>2026-05-03T12:02:32Z</time></trkpt>
      <trkpt lat="36.3903788" lon="101.3463624"><ele>3866.09</ele><time>2026-05-03T12:02:33Z</time></trkpt>
      <trkpt lat="36.3903042" lon="101.3465682"><ele>3865.5</ele><time>2026-05-03T12:02:34Z</time></trkpt>
      <trkpt lat="36.3902131" lon="101.3467733"><ele>3864.93</ele><time>2026-05-03T12:02:35Z</time></trkpt>
      <trkpt lat="36.3901133" lon="101.3469760"><ele>3864.3</ele><time>2026-05-03T12:02:36Z</time></trkpt>
      <trkpt lat="36.3895673" lon="101.3479880"><ele>3860.56</ele><time>2026-05-03T12:02:41Z</time></trkpt>
      <trkpt lat="36.3891387" lon="101.3487761"><ele>3856.96</ele><time>2026-05-03T12:02:45Z</time></trkpt>
      <trkpt lat="36.3887234" lon="101.3495369"><ele>3853.17</ele><time>2026-05-03T12:02:49Z</time></trkpt>
      <trkpt lat="36.3883379" lon="101.3502450"><ele>3849.84</ele><time>2026-05-03T12:02:53Z</time></trkpt>
      <trkpt lat="36.3881303" lon="101.3506417"><ele>3847.05</ele><time>2026-05-03T12:02:56Z</time></trkpt>
      <trkpt lat="36.3880972" lon="101.3507501"><ele>3846.02</ele><time>2026-05-03T12:02:57Z</time></trkpt>
      <trkpt lat="36.3880795" lon="101.3508615"><ele>3844.89</ele><time>2026-05-03T12:02:58Z</time></trkpt>
      <trkpt lat="36.3880800" lon="101.3509743"><ele>3843.84</ele><time>2026-05-03T12:02:59Z</time></trkpt>
      <trkpt lat="36.3881012" lon="101.3510831"><ele>3842.78</ele><time>2026-05-03T12:03:00Z</time></trkpt>
      <trkpt lat="36.3881397" lon="101.3511925"><ele>3841.67</ele><time>2026-05-03T12:03:01Z</time></trkpt>
      <trkpt lat="36.3882054" lon="101.3513016"><ele>3840.69</ele><time>2026-05-03T12:03:02Z</time></trkpt>
      <trkpt lat="36.3882935" lon="101.3514107"><ele>3839.76</ele><time>2026-05-03T12:03:03Z</time></trkpt>
      <trkpt lat="36.3883980" lon="101.3515230"><ele>3838.84</ele><time>2026-05-03T12:03:04Z</time></trkpt>
      <trkpt lat="36.3885026" lon="101.3516385"><ele>3838.03</ele><time>2026-05-03T12:03:05Z</time></trkpt>
      <trkpt lat="36.3889486" lon="101.3521435"><ele>3834.79</ele><time>2026-05-03T12:03:09Z</time></trkpt>
      <trkpt lat="36.3892498" lon="101.3525258"><ele>3832.23</ele><time>2026-05-03T12:03:12Z</time></trkpt>
      <trkpt lat="36.3893228" lon="101.3526553"><ele>3831.37</ele><time>2026-05-03T12:03:13Z</time></trkpt>
      <trkpt lat="36.3893797" lon="101.3527909"><ele>3830.47</ele><time>2026-05-03T12:03:14Z</time></trkpt>
      <trkpt lat="36.3894179" lon="101.3529283"><ele>3829.57</ele><time>2026-05-03T12:03:15Z</time></trkpt>
      <trkpt lat="36.3894340" lon="101.3530692"><ele>3828.81</ele><time>2026-05-03T12:03:16Z</time></trkpt>
      <trkpt lat="36.3894176" lon="101.3532144"><ele>3827.96</ele><time>2026-05-03T12:03:17Z</time></trkpt>
      <trkpt lat="36.3893720" lon="101.3533557"><ele>3827.17</ele><time>2026-05-03T12:03:18Z</time></trkpt>
      <trkpt lat="36.3893034" lon="101.3534943"><ele>3826.4</ele><time>2026-05-03T12:03:19Z</time></trkpt>
      <trkpt lat="36.3892210" lon="101.3536275"><ele>3825.72</ele><time>2026-05-03T12:03:20Z</time></trkpt>
      <trkpt lat="36.3891286" lon="101.3537592"><ele>3825.11</ele><time>2026-05-03T12:03:21Z</time></trkpt>
      <trkpt lat="36.3890302" lon="101.3538949"><ele>3824.56</ele><time>2026-05-03T12:03:22Z</time></trkpt>
      <trkpt lat="36.3884851" lon="101.3546792"><ele>3822.17</ele><time>2026-05-03T12:03:27Z</time></trkpt>
      <trkpt lat="36.3879701" lon="101.3556128"><ele>3819.06</ele><time>2026-05-03T12:03:32Z</time></trkpt>
      <trkpt lat="36.3876763" lon="101.3564708"><ele>3815.45</ele><time>2026-05-03T12:03:36Z</time></trkpt>
      <trkpt lat="36.3874516" lon="101.3573620"><ele>3811.84</ele><time>2026-05-03T12:03:40Z</time></trkpt>
      <trkpt lat="36.3871730" lon="101.3584742"><ele>3808.56</ele><time>2026-05-03T12:03:45Z</time></trkpt>
      <trkpt lat="36.3868465" lon="101.3598399"><ele>3805.18</ele><time>2026-05-03T12:03:51Z</time></trkpt>
      <trkpt lat="36.3865576" lon="101.3609907"><ele>3801.45</ele><time>2026-05-03T12:03:56Z</time></trkpt>
      <trkpt lat="36.3863296" lon="101.3619141"><ele>3797.58</ele><time>2026-05-03T12:04:00Z</time></trkpt>
      <trkpt lat="36.3861646" lon="101.3626084"><ele>3794.06</ele><time>2026-05-03T12:04:03Z</time></trkpt>
      <trkpt lat="36.3859998" lon="101.3632755"><ele>3790.67</ele><time>2026-05-03T12:04:06Z</time></trkpt>
      <trkpt lat="36.3857148" lon="101.3640928"><ele>3787.29</ele><time>2026-05-03T12:04:10Z</time></trkpt>
      <trkpt lat="36.3854201" lon="101.3646234"><ele>3786.02</ele><time>2026-05-03T12:04:13Z</time></trkpt>
      <trkpt lat="36.3847234" lon="101.3655238"><ele>3786.34</ele><time>2026-05-03T12:04:19Z</time></trkpt>
      <trkpt lat="36.3840555" lon="101.3664888"><ele>3788.31</ele><time>2026-05-03T12:04:25Z</time></trkpt>
      <trkpt lat="36.3837489" lon="101.3672599"><ele>3789.18</ele><time>2026-05-03T12:04:29Z</time></trkpt>
      <trkpt lat="36.3833934" lon="101.3685469"><ele>3790.12</ele><time>2026-05-03T12:04:35Z</time></trkpt>
      <trkpt lat="36.3828275" lon="101.3707158"><ele>3792.22</ele><time>2026-05-03T12:04:45Z</time></trkpt>
      <trkpt lat="36.3822978" lon="101.3728124"><ele>3791.29</ele><time>2026-05-03T12:04:55Z</time></trkpt>
      <trkpt lat="36.3819850" lon="101.3737853"><ele>3788.09</ele><time>2026-05-03T12:05:00Z</time></trkpt>
      <trkpt lat="36.3818881" lon="101.3739567"><ele>3787.36</ele><time>2026-05-03T12:05:01Z</time></trkpt>
      <trkpt lat="36.3817791" lon="101.3741118"><ele>3786.61</ele><time>2026-05-03T12:05:02Z</time></trkpt>
      <trkpt lat="36.3816505" lon="101.3742486"><ele>3785.78</ele><time>2026-05-03T12:05:03Z</time></trkpt>
      <trkpt lat="36.3815153" lon="101.3743760"><ele>3785.03</ele><time>2026-05-03T12:05:04Z</time></trkpt>
      <trkpt lat="36.3813758" lon="101.3744952"><ele>3784.33</ele><time>2026-05-03T12:05:05Z</time></trkpt>
      <trkpt lat="36.3809559" lon="101.3748489"><ele>3783.01</ele><time>2026-05-03T12:05:08Z</time></trkpt>
      <trkpt lat="36.3796397" lon="101.3759451"><ele>3783.97</ele><time>2026-05-03T12:05:17Z</time></trkpt>
      <trkpt lat="36.3791128" lon="101.3764976"><ele>3784.29</ele><time>2026-05-03T12:05:21Z</time></trkpt>
      <trkpt lat="36.3785540" lon="101.3773269"><ele>3784.23</ele><time>2026-05-03T12:05:26Z</time></trkpt>
      <trkpt lat="36.3779903" lon="101.3784686"><ele>3782.43</ele><time>2026-05-03T12:05:32Z</time></trkpt>
      <trkpt lat="36.3773512" lon="101.3798254"><ele>3778.95</ele><time>2026-05-03T12:05:39Z</time></trkpt>
      <trkpt lat="36.3767071" lon="101.3811812"><ele>3775.86</ele><time>2026-05-03T12:05:46Z</time></trkpt>
      <trkpt lat="36.3762446" lon="101.3821617"><ele>3772.23</ele><time>2026-05-03T12:05:51Z</time></trkpt>
      <trkpt lat="36.3759757" lon="101.3827349"><ele>3769.05</ele><time>2026-05-03T12:05:54Z</time></trkpt>
      <trkpt lat="36.3757209" lon="101.3832773"><ele>3765.58</ele><time>2026-05-03T12:05:57Z</time></trkpt>
      <trkpt lat="36.3754945" lon="101.3837271"><ele>3761.88</ele><time>2026-05-03T12:06:00Z</time></trkpt>
      <trkpt lat="36.3754153" lon="101.3838442"><ele>3760.65</ele><time>2026-05-03T12:06:01Z</time></trkpt>
      <trkpt lat="36.3753272" lon="101.3839405"><ele>3759.41</ele><time>2026-05-03T12:06:02Z</time></trkpt>
      <trkpt lat="36.3752267" lon="101.3840105"><ele>3758.14</ele><time>2026-05-03T12:06:03Z</time></trkpt>
      <trkpt lat="36.3751130" lon="101.3840576"><ele>3756.91</ele><time>2026-05-03T12:06:04Z</time></trkpt>
      <trkpt lat="36.3749868" lon="101.3840774"><ele>3755.69</ele><time>2026-05-03T12:06:05Z</time></trkpt>
      <trkpt lat="36.3748531" lon="101.3840743"><ele>3754.49</ele><time>2026-05-03T12:06:06Z</time></trkpt>
      <trkpt lat="36.3747180" lon="101.3840676"><ele>3753.39</ele><time>2026-05-03T12:06:07Z</time></trkpt>
      <trkpt lat="36.3741758" lon="101.3840567"><ele>3749.63</ele><time>2026-05-03T12:06:11Z</time></trkpt>
      <trkpt lat="36.3740498" lon="101.3840774"><ele>3748.91</ele><time>2026-05-03T12:06:12Z</time></trkpt>
      <trkpt lat="36.3739286" lon="101.3841238"><ele>3748.14</ele><time>2026-05-03T12:06:13Z</time></trkpt>
      <trkpt lat="36.3738172" lon="101.3841960"><ele>3747.41</ele><time>2026-05-03T12:06:14Z</time></trkpt>
      <trkpt lat="36.3737180" lon="101.3842949"><ele>3746.7</ele><time>2026-05-03T12:06:15Z</time></trkpt>
      <trkpt lat="36.3736362" lon="101.3844299"><ele>3746.06</ele><time>2026-05-03T12:06:16Z</time></trkpt>
      <trkpt lat="36.3735635" lon="101.3845808"><ele>3745.36</ele><time>2026-05-03T12:06:17Z</time></trkpt>
      <trkpt lat="36.3734938" lon="101.3847348"><ele>3744.7</ele><time>2026-05-03T12:06:18Z</time></trkpt>
      <trkpt lat="36.3731439" lon="101.3855004"><ele>3741.64</ele><time>2026-05-03T12:06:23Z</time></trkpt>
      <trkpt lat="36.3728095" lon="101.3861567"><ele>3738.57</ele><time>2026-05-03T12:06:28Z</time></trkpt>
      <trkpt lat="36.3726789" lon="101.3864617"><ele>3736.55</ele><time>2026-05-03T12:06:31Z</time></trkpt>
      <trkpt lat="36.3726610" lon="101.3865538"><ele>3735.87</ele><time>2026-05-03T12:06:32Z</time></trkpt>
      <trkpt lat="36.3726564" lon="101.3866470"><ele>3735.14</ele><time>2026-05-03T12:06:33Z</time></trkpt>
      <trkpt lat="36.3726682" lon="101.3867378"><ele>3734.49</ele><time>2026-05-03T12:06:34Z</time></trkpt>
      <trkpt lat="36.3727009" lon="101.3868275"><ele>3733.8</ele><time>2026-05-03T12:06:35Z</time></trkpt>
      <trkpt lat="36.3727537" lon="101.3869125"><ele>3733.19</ele><time>2026-05-03T12:06:36Z</time></trkpt>
      <trkpt lat="36.3728265" lon="101.3869828"><ele>3732.54</ele><time>2026-05-03T12:06:37Z</time></trkpt>
      <trkpt lat="36.3729143" lon="101.3870394"><ele>3731.98</ele><time>2026-05-03T12:06:38Z</time></trkpt>
      <trkpt lat="36.3730195" lon="101.3870745"><ele>3731.39</ele><time>2026-05-03T12:06:39Z</time></trkpt>
      <trkpt lat="36.3731418" lon="101.3870946"><ele>3730.88</ele><time>2026-05-03T12:06:40Z</time></trkpt>
      <trkpt lat="36.3732762" lon="101.3871114"><ele>3730.38</ele><time>2026-05-03T12:06:41Z</time></trkpt>
      <trkpt lat="36.3734104" lon="101.3871231"><ele>3729.93</ele><time>2026-05-03T12:06:42Z</time></trkpt>
      <trkpt lat="36.3739167" lon="101.3871785"><ele>3728.11</ele><time>2026-05-03T12:06:46Z</time></trkpt>
      <trkpt lat="36.3740216" lon="101.3872199"><ele>3727.7</ele><time>2026-05-03T12:06:47Z</time></trkpt>
      <trkpt lat="36.3741126" lon="101.3872787"><ele>3727.19</ele><time>2026-05-03T12:06:48Z</time></trkpt>
      <trkpt lat="36.3741889" lon="101.3873526"><ele>3726.64</ele><time>2026-05-03T12:06:49Z</time></trkpt>
      <trkpt lat="36.3742383" lon="101.3874510"><ele>3725.98</ele><time>2026-05-03T12:06:50Z</time></trkpt>
      <trkpt lat="36.3742668" lon="101.3875765"><ele>3725.29</ele><time>2026-05-03T12:06:51Z</time></trkpt>
      <trkpt lat="36.3742751" lon="101.3877137"><ele>3724.59</ele><time>2026-05-03T12:06:52Z</time></trkpt>
      <trkpt lat="36.3742627" lon="101.3878624"><ele>3723.87</ele><time>2026-05-03T12:06:53Z</time></trkpt>
      <trkpt lat="36.3742280" lon="101.3880200"><ele>3723.16</ele><time>2026-05-03T12:06:54Z</time></trkpt>
      <trkpt lat="36.3741803" lon="101.3881808"><ele>3722.46</ele><time>2026-05-03T12:06:55Z</time></trkpt>
      <trkpt lat="36.3741227" lon="101.3883473"><ele>3721.76</ele><time>2026-05-03T12:06:56Z</time></trkpt>
      <trkpt lat="36.3740627" lon="101.3885109"><ele>3721.09</ele><time>2026-05-03T12:06:57Z</time></trkpt>
      <trkpt lat="36.3739974" lon="101.3886649"><ele>3720.48</ele><time>2026-05-03T12:06:58Z</time></trkpt>
      <trkpt lat="36.3739265" lon="101.3888009"><ele>3719.85</ele><time>2026-05-03T12:06:59Z</time></trkpt>
      <trkpt lat="36.3738507" lon="101.3889179"><ele>3719.28</ele><time>2026-05-03T12:07:00Z</time></trkpt>
      <trkpt lat="36.3737576" lon="101.3890096"><ele>3718.81</ele><time>2026-05-03T12:07:01Z</time></trkpt>
      <trkpt lat="36.3736486" lon="101.3890700"><ele>3718.38</ele><time>2026-05-03T12:07:02Z</time></trkpt>
      <trkpt lat="36.3735308" lon="101.3891118"><ele>3717.93</ele><time>2026-05-03T12:07:03Z</time></trkpt>
      <trkpt lat="36.3734063" lon="101.3891362"><ele>3717.59</ele><time>2026-05-03T12:07:04Z</time></trkpt>
      <trkpt lat="36.3732758" lon="101.3891526"><ele>3717.36</ele><time>2026-05-03T12:07:05Z</time></trkpt>
      <trkpt lat="36.3724119" lon="101.3892522"><ele>3717.1</ele><time>2026-05-03T12:07:11Z</time></trkpt>
      <trkpt lat="36.3720083" lon="101.3893834"><ele>3717.52</ele><time>2026-05-03T12:07:14Z</time></trkpt>
      <trkpt lat="36.3718840" lon="101.3894609"><ele>3717.57</ele><time>2026-05-03T12:07:15Z</time></trkpt>
      <trkpt lat="36.3717685" lon="101.3895608"><ele>3717.59</ele><time>2026-05-03T12:07:16Z</time></trkpt>
      <trkpt lat="36.3716623" lon="101.3896764"><ele>3717.6</ele><time>2026-05-03T12:07:17Z</time></trkpt>
      <trkpt lat="36.3715613" lon="101.3898039"><ele>3717.53</ele><time>2026-05-03T12:07:18Z</time></trkpt>
      <trkpt lat="36.3714685" lon="101.3899461"><ele>3717.46</ele><time>2026-05-03T12:07:19Z</time></trkpt>
      <trkpt lat="36.3713816" lon="101.3901015"><ele>3717.39</ele><time>2026-05-03T12:07:20Z</time></trkpt>
      <trkpt lat="36.3712993" lon="101.3902637"><ele>3717.31</ele><time>2026-05-03T12:07:21Z</time></trkpt>
      <trkpt lat="36.3707287" lon="101.3912324"><ele>3716.21</ele><time>2026-05-03T12:07:27Z</time></trkpt>
      <trkpt lat="36.3699077" lon="101.3926342"><ele>3714.51</ele><time>2026-05-03T12:07:35Z</time></trkpt>
      <trkpt lat="36.3691831" lon="101.3936401"><ele>3712.85</ele><time>2026-05-03T12:07:41Z</time></trkpt>
      <trkpt lat="36.3682416" lon="101.3947362"><ele>3709.74</ele><time>2026-05-03T12:07:48Z</time></trkpt>
      <trkpt lat="36.3674525" lon="101.3956643"><ele>3706.36</ele><time>2026-05-03T12:07:54Z</time></trkpt>
      <trkpt lat="36.3665812" lon="101.3966800"><ele>3705.59</ele><time>2026-05-03T12:08:01Z</time></trkpt>
      <trkpt lat="36.3660399" lon="101.3973680"><ele>3708.32</ele><time>2026-05-03T12:08:06Z</time></trkpt>
      <trkpt lat="36.3655859" lon="101.3981957"><ele>3709.44</ele><time>2026-05-03T12:08:11Z</time></trkpt>
      <trkpt lat="36.3648504" lon="101.3996212"><ele>3705.95</ele><time>2026-05-03T12:08:19Z</time></trkpt>
      <trkpt lat="36.3643817" lon="101.4005128"><ele>3702.42</ele><time>2026-05-03T12:08:24Z</time></trkpt>
      <trkpt lat="36.3638349" lon="101.4015446"><ele>3699.14</ele><time>2026-05-03T12:08:30Z</time></trkpt>
      <trkpt lat="36.3637045" lon="101.4018368"><ele>3698.14</ele><time>2026-05-03T12:08:32Z</time></trkpt>
      <trkpt lat="36.3636656" lon="101.4019809"><ele>3697.66</ele><time>2026-05-03T12:08:33Z</time></trkpt>
      <trkpt lat="36.3636445" lon="101.4021294"><ele>3697.05</ele><time>2026-05-03T12:08:34Z</time></trkpt>
      <trkpt lat="36.3636477" lon="101.4022827"><ele>3696.53</ele><time>2026-05-03T12:08:35Z</time></trkpt>
      <trkpt lat="36.3636740" lon="101.4024356"><ele>3695.96</ele><time>2026-05-03T12:08:36Z</time></trkpt>
      <trkpt lat="36.3637089" lon="101.4025901"><ele>3695.49</ele><time>2026-05-03T12:08:37Z</time></trkpt>
      <trkpt lat="36.3639823" lon="101.4035268"><ele>3691.9</ele><time>2026-05-03T12:08:43Z</time></trkpt>
      <trkpt lat="36.3640997" lon="101.4039767"><ele>3689.66</ele><time>2026-05-03T12:08:46Z</time></trkpt>
      <trkpt lat="36.3641185" lon="101.4041227"><ele>3688.93</ele><time>2026-05-03T12:08:47Z</time></trkpt>
      <trkpt lat="36.3641242" lon="101.4042590"><ele>3688.19</ele><time>2026-05-03T12:08:48Z</time></trkpt>
      <trkpt lat="36.3641179" lon="101.4043842"><ele>3687.54</ele><time>2026-05-03T12:08:49Z</time></trkpt>
      <trkpt lat="36.3640895" lon="101.4044988"><ele>3686.94</ele><time>2026-05-03T12:08:50Z</time></trkpt>
      <trkpt lat="36.3640407" lon="101.4046097"><ele>3686.39</ele><time>2026-05-03T12:08:51Z</time></trkpt>
      <trkpt lat="36.3639771" lon="101.4047219"><ele>3685.85</ele><time>2026-05-03T12:08:52Z</time></trkpt>
      <trkpt lat="36.3639117" lon="101.4048370"><ele>3685.27</ele><time>2026-05-03T12:08:53Z</time></trkpt>
      <trkpt lat="36.3633689" lon="101.4056359"><ele>3683.99</ele><time>2026-05-03T12:09:00Z</time></trkpt>
      <trkpt lat="36.3627031" lon="101.4066533"><ele>3687.56</ele><time>2026-05-03T12:09:08Z</time></trkpt>
      <trkpt lat="36.3624666" lon="101.4072558"><ele>3690.37</ele><time>2026-05-03T12:09:12Z</time></trkpt>
      <trkpt lat="36.3623457" lon="101.4078876"><ele>3693.38</ele><time>2026-05-03T12:09:16Z</time></trkpt>
      <trkpt lat="36.3622645" lon="101.4085636"><ele>3696.5</ele><time>2026-05-03T12:09:20Z</time></trkpt>
      <trkpt lat="36.3621748" lon="101.4093106"><ele>3699.5</ele><time>2026-05-03T12:09:24Z</time></trkpt>
      <trkpt lat="36.3620321" lon="101.4105346"><ele>3701.2</ele><time>2026-05-03T12:09:30Z</time></trkpt>
      <trkpt lat="36.3619191" lon="101.4120462"><ele>3699.14</ele><time>2026-05-03T12:09:37Z</time></trkpt>
      <trkpt lat="36.3619305" lon="101.4133242"><ele>3696.05</ele><time>2026-05-03T12:09:43Z</time></trkpt>
      <trkpt lat="36.3619465" lon="101.4151314"><ele>3694.45</ele><time>2026-05-03T12:09:52Z</time></trkpt>
      <trkpt lat="36.3619610" lon="101.4155866"><ele>3694.25</ele><time>2026-05-03T12:09:55Z</time></trkpt>
      <trkpt lat="36.3619848" lon="101.4157168"><ele>3694.2</ele><time>2026-05-03T12:09:56Z</time></trkpt>
      <trkpt lat="36.3620268" lon="101.4158365"><ele>3694.12</ele><time>2026-05-03T12:09:57Z</time></trkpt>
      <trkpt lat="36.3620892" lon="101.4159371"><ele>3694.01</ele><time>2026-05-03T12:09:58Z</time></trkpt>
      <trkpt lat="36.3621754" lon="101.4160213"><ele>3693.8</ele><time>2026-05-03T12:09:59Z</time></trkpt>
      <trkpt lat="36.3622810" lon="101.4160815"><ele>3693.7</ele><time>2026-05-03T12:10:00Z</time></trkpt>
      <trkpt lat="36.3624002" lon="101.4161162"><ele>3693.64</ele><time>2026-05-03T12:10:01Z</time></trkpt>
      <trkpt lat="36.3625261" lon="101.4161297"><ele>3693.61</ele><time>2026-05-03T12:10:02Z</time></trkpt>
      <trkpt lat="36.3626497" lon="101.4161455"><ele>3693.6</ele><time>2026-05-03T12:10:03Z</time></trkpt>
      <trkpt lat="36.3631565" lon="101.4162047"><ele>3693.89</ele><time>2026-05-03T12:10:07Z</time></trkpt>
      <trkpt lat="36.3639878" lon="101.4161519"><ele>3693.58</ele><time>2026-05-03T12:10:13Z</time></trkpt>
      <trkpt lat="36.3646780" lon="101.4163320"><ele>3691.57</ele><time>2026-05-03T12:10:18Z</time></trkpt>
      <trkpt lat="36.3650613" lon="101.4164564"><ele>3689.76</ele><time>2026-05-03T12:10:21Z</time></trkpt>
      <trkpt lat="36.3651684" lon="101.4165224"><ele>3689.05</ele><time>2026-05-03T12:10:22Z</time></trkpt>
      <trkpt lat="36.3652624" lon="101.4166088"><ele>3688.38</ele><time>2026-05-03T12:10:23Z</time></trkpt>
      <trkpt lat="36.3653296" lon="101.4167181"><ele>3687.71</ele><time>2026-05-03T12:10:24Z</time></trkpt>
      <trkpt lat="36.3653685" lon="101.4168477"><ele>3686.9</ele><time>2026-05-03T12:10:25Z</time></trkpt>
      <trkpt lat="36.3653731" lon="101.4169911"><ele>3686.11</ele><time>2026-05-03T12:10:26Z</time></trkpt>
      <trkpt lat="36.3653518" lon="101.4171432"><ele>3685.31</ele><time>2026-05-03T12:10:27Z</time></trkpt>
      <trkpt lat="36.3653167" lon="101.4172942"><ele>3684.52</ele><time>2026-05-03T12:10:28Z</time></trkpt>
      <trkpt lat="36.3652641" lon="101.4174370"><ele>3683.73</ele><time>2026-05-03T12:10:29Z</time></trkpt>
      <trkpt lat="36.3651968" lon="101.4175673"><ele>3683</ele><time>2026-05-03T12:10:30Z</time></trkpt>
      <trkpt lat="36.3651018" lon="101.4176734"><ele>3682.32</ele><time>2026-05-03T12:10:31Z</time></trkpt>
      <trkpt lat="36.3649897" lon="101.4177537"><ele>3681.73</ele><time>2026-05-03T12:10:32Z</time></trkpt>
      <trkpt lat="36.3648596" lon="101.4178013"><ele>3681.21</ele><time>2026-05-03T12:10:33Z</time></trkpt>
      <trkpt lat="36.3647244" lon="101.4178211"><ele>3680.77</ele><time>2026-05-03T12:10:34Z</time></trkpt>
      <trkpt lat="36.3645800" lon="101.4178049"><ele>3680.31</ele><time>2026-05-03T12:10:35Z</time></trkpt>
      <trkpt lat="36.3644346" lon="101.4177748"><ele>3679.95</ele><time>2026-05-03T12:10:36Z</time></trkpt>
      <trkpt lat="36.3637159" lon="101.4176303"><ele>3678.7</ele><time>2026-05-03T12:10:41Z</time></trkpt>
      <trkpt lat="36.3635788" lon="101.4176340"><ele>3678.64</ele><time>2026-05-03T12:10:42Z</time></trkpt>
      <trkpt lat="36.3626559" lon="101.4177830"><ele>3680.92</ele><time>2026-05-03T12:10:49Z</time></trkpt>
      <trkpt lat="36.3622935" lon="101.4178681"><ele>3682.82</ele><time>2026-05-03T12:10:52Z</time></trkpt>
      <trkpt lat="36.3621858" lon="101.4179194"><ele>3683.44</ele><time>2026-05-03T12:10:53Z</time></trkpt>
      <trkpt lat="36.3620832" lon="101.4179888"><ele>3683.97</ele><time>2026-05-03T12:10:54Z</time></trkpt>
      <trkpt lat="36.3619988" lon="101.4180758"><ele>3684.55</ele><time>2026-05-03T12:10:55Z</time></trkpt>
      <trkpt lat="36.3619304" lon="101.4181837"><ele>3685.06</ele><time>2026-05-03T12:10:56Z</time></trkpt>
      <trkpt lat="36.3618794" lon="101.4183069"><ele>3685.56</ele><time>2026-05-03T12:10:57Z</time></trkpt>
      <trkpt lat="36.3618273" lon="101.4184333"><ele>3686.1</ele><time>2026-05-03T12:10:58Z</time></trkpt>
      <trkpt lat="36.3617781" lon="101.4185560"><ele>3686.66</ele><time>2026-05-03T12:10:59Z</time></trkpt>
      <trkpt lat="36.3615467" lon="101.4191806"><ele>3689.69</ele><time>2026-05-03T12:11:04Z</time></trkpt>
      <trkpt lat="36.3613558" lon="101.4198574"><ele>3693.4</ele><time>2026-05-03T12:11:09Z</time></trkpt>
      <trkpt lat="36.3612029" lon="101.4204095"><ele>3696.62</ele><time>2026-05-03T12:11:13Z</time></trkpt>
      <trkpt lat="36.3610472" lon="101.4209762"><ele>3699.87</ele><time>2026-05-03T12:11:17Z</time></trkpt>
      <trkpt lat="36.3608912" lon="101.4215439"><ele>3703.28</ele><time>2026-05-03T12:11:21Z</time></trkpt>
      <trkpt lat="36.3607296" lon="101.4221054"><ele>3706.86</ele><time>2026-05-03T12:11:25Z</time></trkpt>
      <trkpt lat="36.3606797" lon="101.4222384"><ele>3707.71</ele><time>2026-05-03T12:11:26Z</time></trkpt>
      <trkpt lat="36.3606155" lon="101.4223629"><ele>3708.6</ele><time>2026-05-03T12:11:27Z</time></trkpt>
      <trkpt lat="36.3605432" lon="101.4224800"><ele>3709.45</ele><time>2026-05-03T12:11:28Z</time></trkpt>
      <trkpt lat="36.3604633" lon="101.4225892"><ele>3710.35</ele><time>2026-05-03T12:11:29Z</time></trkpt>
      <trkpt lat="36.3603795" lon="101.4226955"><ele>3711.26</ele><time>2026-05-03T12:11:30Z</time></trkpt>
      <trkpt lat="36.3600276" lon="101.4231332"><ele>3714.77</ele><time>2026-05-03T12:11:34Z</time></trkpt>
      <trkpt lat="36.3596558" lon="101.4236041"><ele>3718.01</ele><time>2026-05-03T12:11:38Z</time></trkpt>
      <trkpt lat="36.3591652" lon="101.4242313"><ele>3721.58</ele><time>2026-05-03T12:11:43Z</time></trkpt>
      <trkpt lat="36.3585590" lon="101.4249947"><ele>3724.84</ele><time>2026-05-03T12:11:49Z</time></trkpt>
      <trkpt lat="36.3579854" lon="101.4257890"><ele>3728.01</ele><time>2026-05-03T12:11:55Z</time></trkpt>
      <trkpt lat="36.3574490" lon="101.4266178"><ele>3731.68</ele><time>2026-05-03T12:12:01Z</time></trkpt>
      <trkpt lat="36.3570244" lon="101.4272729"><ele>3735</ele><time>2026-05-03T12:12:06Z</time></trkpt>
      <trkpt lat="36.3566850" lon="101.4277994"><ele>3738.22</ele><time>2026-05-03T12:12:10Z</time></trkpt>
      <trkpt lat="36.3563992" lon="101.4283055"><ele>3741.71</ele><time>2026-05-03T12:12:14Z</time></trkpt>
      <trkpt lat="36.3562954" lon="101.4286057"><ele>3744.43</ele><time>2026-05-03T12:12:17Z</time></trkpt>
      <trkpt lat="36.3562525" lon="101.4288613"><ele>3747.23</ele><time>2026-05-03T12:12:21Z</time></trkpt>
      <trkpt lat="36.3562526" lon="101.4294182"><ele>3749.65</ele><time>2026-05-03T12:12:27Z</time></trkpt>
      <trkpt lat="36.3562308" lon="101.4298305"><ele>3750.76</ele><time>2026-05-03T12:12:31Z</time></trkpt>
      <trkpt lat="36.3562089" lon="101.4299288"><ele>3750.95</ele><time>2026-05-03T12:12:32Z</time></trkpt>
      <trkpt lat="36.3561799" lon="101.4300207"><ele>3751.09</ele><time>2026-05-03T12:12:33Z</time></trkpt>
      <trkpt lat="36.3561423" lon="101.4301072"><ele>3751.28</ele><time>2026-05-03T12:12:34Z</time></trkpt>
      <trkpt lat="36.3560992" lon="101.4301925"><ele>3751.39</ele><time>2026-05-03T12:12:35Z</time></trkpt>
      <trkpt lat="36.3560537" lon="101.4302760"><ele>3751.5</ele><time>2026-05-03T12:12:36Z</time></trkpt>
      <trkpt lat="36.3558064" lon="101.4306538"><ele>3751.37</ele><time>2026-05-03T12:12:42Z</time></trkpt>
      <trkpt lat="36.3557372" lon="101.4307257"><ele>3751.14</ele><time>2026-05-03T12:12:44Z</time></trkpt>
      <trkpt lat="36.3557019" lon="101.4307509"><ele>3750.95</ele><time>2026-05-03T12:12:45Z</time></trkpt>
      <trkpt lat="36.3556687" lon="101.4307688"><ele>3750.75</ele><time>2026-05-03T12:12:46Z</time></trkpt>
      <trkpt lat="36.3555751" lon="101.4307961"><ele>3749.79</ele><time>2026-05-03T12:12:51Z</time></trkpt>
      <trkpt lat="36.3555428" lon="101.4308019"><ele>3748.45</ele><time>2026-05-03T12:12:58Z</time></trkpt>
    </trkseg>
    <trkseg>
      <trkpt lat="36.3554625" lon="101.4308577"><ele>3747.74</ele><time>2026-05-03T12:18:37Z</time></trkpt>
      <trkpt lat="36.3554732" lon="101.4308805"><ele>3747.74</ele><time>2026-05-03T12:18:38Z</time></trkpt>
      <trkpt lat="36.3554968" lon="101.4309093"><ele>3747.74</ele><time>2026-05-03T12:18:39Z</time></trkpt>
      <trkpt lat="36.3555294" lon="101.4309456"><ele>3747.74</ele><time>2026-05-03T12:18:40Z</time></trkpt>
      <trkpt lat="36.3555646" lon="101.4309919"><ele>3747.77</ele><time>2026-05-03T12:18:41Z</time></trkpt>
      <trkpt lat="36.3555947" lon="101.4310483"><ele>3747.83</ele><time>2026-05-03T12:18:42Z</time></trkpt>
      <trkpt lat="36.3556177" lon="101.4311158"><ele>3747.89</ele><time>2026-05-03T12:18:43Z</time></trkpt>
      <trkpt lat="36.3556340" lon="101.4311945"><ele>3747.93</ele><time>2026-05-03T12:18:44Z</time></trkpt>
      <trkpt lat="36.3556350" lon="101.4312797"><ele>3748</ele><time>2026-05-03T12:18:45Z</time></trkpt>
      <trkpt lat="36.3556181" lon="101.4313640"><ele>3748.12</ele><time>2026-05-03T12:18:46Z</time></trkpt>
      <trkpt lat="36.3555843" lon="101.4314446"><ele>3748.24</ele><time>2026-05-03T12:18:47Z</time></trkpt>
      <trkpt lat="36.3555377" lon="101.4315185"><ele>3748.4</ele><time>2026-05-03T12:18:48Z</time></trkpt>
      <trkpt lat="36.3554812" lon="101.4315871"><ele>3748.62</ele><time>2026-05-03T12:18:49Z</time></trkpt>
      <trkpt lat="36.3554235" lon="101.4316554"><ele>3748.78</ele><time>2026-05-03T12:18:50Z</time></trkpt>
      <trkpt lat="36.3551750" lon="101.4320072"><ele>3749.94</ele><time>2026-05-03T12:18:55Z</time></trkpt>
      <trkpt lat="36.3550108" lon="101.4324962"><ele>3752.04</ele><time>2026-05-03T12:19:02Z</time></trkpt>
      <trkpt lat="36.3549640" lon="101.4327688"><ele>3753.55</ele><time>2026-05-03T12:19:07Z</time></trkpt>
      <trkpt lat="36.3549678" lon="101.4328173"><ele>3754.39</ele><time>2026-05-03T12:19:12Z</time></trkpt>
      <trkpt lat="36.3549678" lon="101.4328173"><ele>3754.53</ele><time>2026-05-03T12:19:13Z</time></trkpt>
    </trkseg>
    <trkseg>
      <trkpt lat="36.3549963" lon="101.4329778"><ele>3754.67</ele><time>2026-05-03T12:19:23Z</time></trkpt>
      <trkpt lat="36.3550067" lon="101.4330405"><ele>3754.71</ele><time>2026-05-03T12:19:24Z</time></trkpt>
      <trkpt lat="36.3551132" lon="101.4334453"><ele>3755.1</ele><time>2026-05-03T12:19:29Z</time></trkpt>
      <trkpt lat="36.3553567" lon="101.4338744"><ele>3756.17</ele><time>2026-05-03T12:19:34Z</time></trkpt>
      <trkpt lat="36.3557376" lon="101.4341839"><ele>3758.01</ele><time>2026-05-03T12:19:39Z</time></trkpt>
      <trkpt lat="36.3561784" lon="101.4343077"><ele>3760.39</ele><time>2026-05-03T12:19:44Z</time></trkpt>
      <trkpt lat="36.3566970" lon="101.4344800"><ele>3763.36</ele><time>2026-05-03T12:19:50Z</time></trkpt>
      <trkpt lat="36.3567783" lon="101.4345408"><ele>3763.88</ele><time>2026-05-03T12:19:51Z</time></trkpt>
      <trkpt lat="36.3568553" lon="101.4346111"><ele>3764.36</ele><time>2026-05-03T12:19:52Z</time></trkpt>
      <trkpt lat="36.3569270" lon="101.4346915"><ele>3764.87</ele><time>2026-05-03T12:19:53Z</time></trkpt>
      <trkpt lat="36.3569964" lon="101.4347816"><ele>3765.37</ele><time>2026-05-03T12:19:54Z</time></trkpt>
      <trkpt lat="36.3570569" lon="101.4348792"><ele>3765.93</ele><time>2026-05-03T12:19:55Z</time></trkpt>
      <trkpt lat="36.3571087" lon="101.4349853"><ele>3766.5</ele><time>2026-05-03T12:19:56Z</time></trkpt>
      <trkpt lat="36.3571503" lon="101.4350982"><ele>3767.08</ele><time>2026-05-03T12:19:57Z</time></trkpt>
      <trkpt lat="36.3571839" lon="101.4352194"><ele>3767.72</ele><time>2026-05-03T12:19:58Z</time></trkpt>
      <trkpt lat="36.3572039" lon="101.4353435"><ele>3768.28</ele><time>2026-05-03T12:19:59Z</time></trkpt>
      <trkpt lat="36.3572159" lon="101.4354713"><ele>3768.89</ele><time>2026-05-03T12:20:00Z</time></trkpt>
      <trkpt lat="36.3572226" lon="101.4356006"><ele>3769.42</ele><time>2026-05-03T12:20:01Z</time></trkpt>
      <trkpt lat="36.3572383" lon="101.4362606"><ele>3772.56</ele><time>2026-05-03T12:20:06Z</time></trkpt>
      <trkpt lat="36.3572813" lon="101.4365227"><ele>3773.88</ele><time>2026-05-03T12:20:08Z</time></trkpt>
      <trkpt lat="36.3573144" lon="101.4366507"><ele>3774.46</ele><time>2026-05-03T12:20:09Z</time></trkpt>
      <trkpt lat="36.3574979" lon="101.4372821"><ele>3777.81</ele><time>2026-05-03T12:20:14Z</time></trkpt>
      <trkpt lat="36.3575165" lon="101.4374119"><ele>3778.51</ele><time>2026-05-03T12:20:15Z</time></trkpt>
      <trkpt lat="36.3575227" lon="101.4375420"><ele>3779.17</ele><time>2026-05-03T12:20:16Z</time></trkpt>
      <trkpt lat="36.3575145" lon="101.4376676"><ele>3779.88</ele><time>2026-05-03T12:20:17Z</time></trkpt>
      <trkpt lat="36.3574956" lon="101.4377871"><ele>3780.46</ele><time>2026-05-03T12:20:18Z</time></trkpt>
      <trkpt lat="36.3574632" lon="101.4378983"><ele>3781.04</ele><time>2026-05-03T12:20:19Z</time></trkpt>
      <trkpt lat="36.3574183" lon="101.4380061"><ele>3781.68</ele><time>2026-05-03T12:20:20Z</time></trkpt>
      <trkpt lat="36.3573600" lon="101.4381089"><ele>3782.28</ele><time>2026-05-03T12:20:21Z</time></trkpt>
      <trkpt lat="36.3572945" lon="101.4382078"><ele>3782.93</ele><time>2026-05-03T12:20:22Z</time></trkpt>
      <trkpt lat="36.3572262" lon="101.4383047"><ele>3783.53</ele><time>2026-05-03T12:20:23Z</time></trkpt>
      <trkpt lat="36.3569020" lon="101.4388139"><ele>3786.6</ele><time>2026-05-03T12:20:28Z</time></trkpt>
      <trkpt lat="36.3566783" lon="101.4393837"><ele>3789.9</ele><time>2026-05-03T12:20:33Z</time></trkpt>
      <trkpt lat="36.3565534" lon="101.4398970"><ele>3793.07</ele><time>2026-05-03T12:20:38Z</time></trkpt>
      <trkpt lat="36.3564922" lon="101.4403784"><ele>3795.59</ele><time>2026-05-03T12:20:44Z</time></trkpt>
      <trkpt lat="36.3564644" lon="101.4410521"><ele>3797.16</ele><time>2026-05-03T12:20:52Z</time></trkpt>
      <trkpt lat="36.3564752" lon="101.4417845"><ele>3797.84</ele><time>2026-05-03T12:21:00Z</time></trkpt>
      <trkpt lat="36.3566395" lon="101.4426783"><ele>3798.61</ele><time>2026-05-03T12:21:09Z</time></trkpt>
      <trkpt lat="36.3568898" lon="101.4434552"><ele>3799.69</ele><time>2026-05-03T12:21:16Z</time></trkpt>
      <trkpt lat="36.3571203" lon="101.4443245"><ele>3801.8</ele><time>2026-05-03T12:21:23Z</time></trkpt>
      <trkpt lat="36.3571652" lon="101.4451422"><ele>3803.7</ele><time>2026-05-03T12:21:29Z</time></trkpt>
      <trkpt lat="36.3572386" lon="101.4460725"><ele>3806.49</ele><time>2026-05-03T12:21:36Z</time></trkpt>
      <trkpt lat="36.3574263" lon="101.4468183"><ele>3808.94</ele><time>2026-05-03T12:21:42Z</time></trkpt>
      <trkpt lat="36.3576988" lon="101.4474471"><ele>3810.96</ele><time>2026-05-03T12:21:48Z</time></trkpt>
      <trkpt lat="36.3580527" lon="101.4479869"><ele>3811.83</ele><time>2026-05-03T12:21:55Z</time></trkpt>
      <trkpt lat="36.3585173" lon="101.4484021"><ele>3811.32</ele><time>2026-05-03T12:22:03Z</time></trkpt>
      <trkpt lat="36.3589941" lon="101.4485965"><ele>3809.78</ele><time>2026-05-03T12:22:10Z</time></trkpt>
      <trkpt lat="36.3593512" lon="101.4486093"><ele>3807.57</ele><time>2026-05-03T12:22:16Z</time></trkpt>
      <trkpt lat="36.3595020" lon="101.4485663"><ele>3805.82</ele><time>2026-05-03T12:22:21Z</time></trkpt>
      <trkpt lat="36.3596257" lon="101.4485738"><ele>3803.82</ele><time>2026-05-03T12:22:28Z</time></trkpt>
      <trkpt lat="36.3596331" lon="101.4485903"><ele>3802.61</ele><time>2026-05-03T12:22:34Z</time></trkpt>
    </trkseg>
    <trkseg>
      <trkpt lat="36.3596841" lon="101.4484803"><ele>3802.21</ele><time>2026-05-03T12:31:34Z</time></trkpt>
      <trkpt lat="36.3598630" lon="101.4482269"><ele>3802.18</ele><time>2026-05-03T12:31:38Z</time></trkpt>
      <trkpt lat="36.3602241" lon="101.4476830"><ele>3801.1</ele><time>2026-05-03T12:31:45Z</time></trkpt>
      <trkpt lat="36.3602913" lon="101.4476319"><ele>3800.68</ele><time>2026-05-03T12:31:46Z</time></trkpt>
      <trkpt lat="36.3603603" lon="101.4475860"><ele>3800.23</ele><time>2026-05-03T12:31:47Z</time></trkpt>
      <trkpt lat="36.3608752" lon="101.4473641"><ele>3796.9</ele><time>2026-05-03T12:31:54Z</time></trkpt>
      <trkpt lat="36.3610292" lon="101.4472772"><ele>3795.91</ele><time>2026-05-03T12:31:56Z</time></trkpt>
      <trkpt lat="36.3611021" lon="101.4472124"><ele>3795.42</ele><time>2026-05-03T12:31:57Z</time></trkpt>
      <trkpt lat="36.3611672" lon="101.4471347"><ele>3794.97</ele><time>2026-05-03T12:31:58Z</time></trkpt>
      <trkpt lat="36.3612266" lon="101.4470471"><ele>3794.53</ele><time>2026-05-03T12:31:59Z</time></trkpt>
      <trkpt lat="36.3612783" lon="101.4469528"><ele>3794.04</ele><time>2026-05-03T12:32:00Z</time></trkpt>
      <trkpt lat="36.3613201" lon="101.4468501"><ele>3793.63</ele><time>2026-05-03T12:32:01Z</time></trkpt>
      <trkpt lat="36.3613491" lon="101.4467404"><ele>3793.21</ele><time>2026-05-03T12:32:02Z</time></trkpt>
      <trkpt lat="36.3613699" lon="101.4466294"><ele>3792.69</ele><time>2026-05-03T12:32:03Z</time></trkpt>
      <trkpt lat="36.3613869" lon="101.4465160"><ele>3792.17</ele><time>2026-05-03T12:32:04Z</time></trkpt>
      <trkpt lat="36.3615317" lon="101.4459495"><ele>3789.39</ele><time>2026-05-03T12:32:09Z</time></trkpt>
      <trkpt lat="36.3615860" lon="101.4458434"><ele>3788.8</ele><time>2026-05-03T12:32:10Z</time></trkpt>
      <trkpt lat="36.3616537" lon="101.4457416"><ele>3788.21</ele><time>2026-05-03T12:32:11Z</time></trkpt>
      <trkpt lat="36.3617329" lon="101.4456491"><ele>3787.56</ele><time>2026-05-03T12:32:12Z</time></trkpt>
      <trkpt lat="36.3618249" lon="101.4455697"><ele>3786.91</ele><time>2026-05-03T12:32:13Z</time></trkpt>
      <trkpt lat="36.3619266" lon="101.4455040"><ele>3786.31</ele><time>2026-05-03T12:32:14Z</time></trkpt>
      <trkpt lat="36.3620370" lon="101.4454541"><ele>3785.57</ele><time>2026-05-03T12:32:15Z</time></trkpt>
      <trkpt lat="36.3621521" lon="101.4454188"><ele>3784.92</ele><time>2026-05-03T12:32:16Z</time></trkpt>
      <trkpt lat="36.3622667" lon="101.4453921"><ele>3784.3</ele><time>2026-05-03T12:32:17Z</time></trkpt>
      <trkpt lat="36.3626075" lon="101.4453031"><ele>3782.6</ele><time>2026-05-03T12:32:20Z</time></trkpt>
      <trkpt lat="36.3627083" lon="101.4452572"><ele>3782.05</ele><time>2026-05-03T12:32:21Z</time></trkpt>
      <trkpt lat="36.3627950" lon="101.4452005"><ele>3781.49</ele><time>2026-05-03T12:32:22Z</time></trkpt>
      <trkpt lat="36.3628704" lon="101.4451303"><ele>3781</ele><time>2026-05-03T12:32:23Z</time></trkpt>
      <trkpt lat="36.3629375" lon="101.4450490"><ele>3780.5</ele><time>2026-05-03T12:32:24Z</time></trkpt>
      <trkpt lat="36.3629980" lon="101.4449568"><ele>3780.01</ele><time>2026-05-03T12:32:25Z</time></trkpt>
      <trkpt lat="36.3630488" lon="101.4448602"><ele>3779.59</ele><time>2026-05-03T12:32:26Z</time></trkpt>
      <trkpt lat="36.3630931" lon="101.4447585"><ele>3779.15</ele><time>2026-05-03T12:32:27Z</time></trkpt>
      <trkpt lat="36.3631346" lon="101.4446528"><ele>3778.78</ele><time>2026-05-03T12:32:28Z</time></trkpt>
      <trkpt lat="36.3632765" lon="101.4443538"><ele>3777.57</ele><time>2026-05-03T12:32:31Z</time></trkpt>
      <trkpt lat="36.3633410" lon="101.4442657"><ele>3777.14</ele><time>2026-05-03T12:32:32Z</time></trkpt>
      <trkpt lat="36.3634160" lon="101.4441885"><ele>3776.69</ele><time>2026-05-03T12:32:33Z</time></trkpt>
      <trkpt lat="36.3635000" lon="101.4441219"><ele>3776.16</ele><time>2026-05-03T12:32:34Z</time></trkpt>
      <trkpt lat="36.3635932" lon="101.4440696"><ele>3775.61</ele><time>2026-05-03T12:32:35Z</time></trkpt>
      <trkpt lat="36.3636941" lon="101.4440344"><ele>3775.05</ele><time>2026-05-03T12:32:36Z</time></trkpt>
      <trkpt lat="36.3637980" lon="101.4440158"><ele>3774.49</ele><time>2026-05-03T12:32:37Z</time></trkpt>
      <trkpt lat="36.3639025" lon="101.4440140"><ele>3773.84</ele><time>2026-05-03T12:32:38Z</time></trkpt>
      <trkpt lat="36.3640039" lon="101.4440269"><ele>3773.21</ele><time>2026-05-03T12:32:39Z</time></trkpt>
      <trkpt lat="36.3640976" lon="101.4440471"><ele>3772.57</ele><time>2026-05-03T12:32:40Z</time></trkpt>
      <trkpt lat="36.3641867" lon="101.4440699"><ele>3771.86</ele><time>2026-05-03T12:32:41Z</time></trkpt>
      <trkpt lat="36.3644506" lon="101.4441068"><ele>3769.79</ele><time>2026-05-03T12:32:44Z</time></trkpt>
      <trkpt lat="36.3645365" lon="101.4440981"><ele>3769.17</ele><time>2026-05-03T12:32:45Z</time></trkpt>
      <trkpt lat="36.3646206" lon="101.4440758"><ele>3768.51</ele><time>2026-05-03T12:32:46Z</time></trkpt>
      <trkpt lat="36.3647018" lon="101.4440357"><ele>3767.89</ele><time>2026-05-03T12:32:47Z</time></trkpt>
      <trkpt lat="36.3647836" lon="101.4439708"><ele>3767.28</ele><time>2026-05-03T12:32:48Z</time></trkpt>
      <trkpt lat="36.3648720" lon="101.4438919"><ele>3766.69</ele><time>2026-05-03T12:32:49Z</time></trkpt>
      <trkpt lat="36.3652911" lon="101.4435102"><ele>3764.63</ele><time>2026-05-03T12:32:53Z</time></trkpt>
      <trkpt lat="36.3659700" lon="101.4428257"><ele>3761.41</ele><time>2026-05-03T12:32:59Z</time></trkpt>
      <trkpt lat="36.3664260" lon="101.4423488"><ele>3758.25</ele><time>2026-05-03T12:33:03Z</time></trkpt>
      <trkpt lat="36.3668505" lon="101.4419173"><ele>3754.69</ele><time>2026-05-03T12:33:07Z</time></trkpt>
      <trkpt lat="36.3671198" lon="101.4416576"><ele>3751.8</ele><time>2026-05-03T12:33:10Z</time></trkpt>
      <trkpt lat="36.3672072" lon="101.4416111"><ele>3750.73</ele><time>2026-05-03T12:33:11Z</time></trkpt>
      <trkpt lat="36.3672974" lon="101.4415914"><ele>3749.67</ele><time>2026-05-03T12:33:12Z</time></trkpt>
      <trkpt lat="36.3673918" lon="101.4415975"><ele>3748.59</ele><time>2026-05-03T12:33:13Z</time></trkpt>
      <trkpt lat="36.3674779" lon="101.4416324"><ele>3747.49</ele><time>2026-05-03T12:33:14Z</time></trkpt>
      <trkpt lat="36.3675348" lon="101.4417260"><ele>3746.33</ele><time>2026-05-03T12:33:15Z</time></trkpt>
      <trkpt lat="36.3675620" lon="101.4418489"><ele>3745.27</ele><time>2026-05-03T12:33:16Z</time></trkpt>
      <trkpt lat="36.3675631" lon="101.4419759"><ele>3744.27</ele><time>2026-05-03T12:33:17Z</time></trkpt>
      <trkpt lat="36.3675384" lon="101.4420927"><ele>3743.31</ele><time>2026-05-03T12:33:18Z</time></trkpt>
      <trkpt lat="36.3674879" lon="101.4421991"><ele>3742.37</ele><time>2026-05-03T12:33:19Z</time></trkpt>
      <trkpt lat="36.3674032" lon="101.4422885"><ele>3741.46</ele><time>2026-05-03T12:33:20Z</time></trkpt>
      <trkpt lat="36.3672949" lon="101.4423660"><ele>3740.76</ele><time>2026-05-03T12:33:21Z</time></trkpt>
      <trkpt lat="36.3671697" lon="101.4424388"><ele>3740.09</ele><time>2026-05-03T12:33:22Z</time></trkpt>
      <trkpt lat="36.3670546" lon="101.4425187"><ele>3739.48</ele><time>2026-05-03T12:33:23Z</time></trkpt>
      <trkpt lat="36.3666330" lon="101.4429407"><ele>3737.65</ele><time>2026-05-03T12:33:27Z</time></trkpt>
      <trkpt lat="36.3662874" lon="101.4435167"><ele>3735.82</ele><time>2026-05-03T12:33:31Z</time></trkpt>
      <trkpt lat="36.3658334" lon="101.4442902"><ele>3732.53</ele><time>2026-05-03T12:33:36Z</time></trkpt>
      <trkpt lat="36.3653541" lon="101.4448310"><ele>3729.36</ele><time>2026-05-03T12:33:40Z</time></trkpt>
      <trkpt lat="36.3648638" lon="101.4453626"><ele>3725.71</ele><time>2026-05-03T12:33:44Z</time></trkpt>
      <trkpt lat="36.3644153" lon="101.4458897"><ele>3721.88</ele><time>2026-05-03T12:33:48Z</time></trkpt>
      <trkpt lat="36.3641299" lon="101.4463194"><ele>3718.74</ele><time>2026-05-03T12:33:51Z</time></trkpt>
      <trkpt lat="36.3639123" lon="101.4467434"><ele>3715.51</ele><time>2026-05-03T12:33:54Z</time></trkpt>
      <trkpt lat="36.3638206" lon="101.4470456"><ele>3713.28</ele><time>2026-05-03T12:33:56Z</time></trkpt>
      <trkpt lat="36.3637947" lon="101.4472021"><ele>3712.25</ele><time>2026-05-03T12:33:57Z</time></trkpt>
      <trkpt lat="36.3637847" lon="101.4473617"><ele>3711.17</ele><time>2026-05-03T12:33:58Z</time></trkpt>
      <trkpt lat="36.3637902" lon="101.4475214"><ele>3710.11</ele><time>2026-05-03T12:33:59Z</time></trkpt>
      <trkpt lat="36.3638139" lon="101.4476796"><ele>3709.03</ele><time>2026-05-03T12:34:00Z</time></trkpt>
      <trkpt lat="36.3638528" lon="101.4478354"><ele>3708.06</ele><time>2026-05-03T12:34:01Z</time></trkpt>
      <trkpt lat="36.3639045" lon="101.4479857"><ele>3707.01</ele><time>2026-05-03T12:34:02Z</time></trkpt>
      <trkpt lat="36.3639708" lon="101.4481260"><ele>3706.09</ele><time>2026-05-03T12:34:03Z</time></trkpt>
      <trkpt lat="36.3640496" lon="101.4482549"><ele>3705.18</ele><time>2026-05-03T12:34:04Z</time></trkpt>
      <trkpt lat="36.3641391" lon="101.4483735"><ele>3704.22</ele><time>2026-05-03T12:34:05Z</time></trkpt>
      <trkpt lat="36.3642335" lon="101.4484824"><ele>3703.33</ele><time>2026-05-03T12:34:06Z</time></trkpt>
      <trkpt lat="36.3645976" lon="101.4489270"><ele>3700.24</ele><time>2026-05-03T12:34:10Z</time></trkpt>
      <trkpt lat="36.3646690" lon="101.4490523"><ele>3699.58</ele><time>2026-05-03T12:34:11Z</time></trkpt>
      <trkpt lat="36.3647313" lon="101.4491894"><ele>3698.89</ele><time>2026-05-03T12:34:12Z</time></trkpt>
      <trkpt lat="36.3647784" lon="101.4493366"><ele>3698.22</ele><time>2026-05-03T12:34:13Z</time></trkpt>
      <trkpt lat="36.3648099" lon="101.4494929"><ele>3697.6</ele><time>2026-05-03T12:34:14Z</time></trkpt>
      <trkpt lat="36.3648259" lon="101.4496501"><ele>3696.99</ele><time>2026-05-03T12:34:15Z</time></trkpt>
      <trkpt lat="36.3648269" lon="101.4498056"><ele>3696.44</ele><time>2026-05-03T12:34:16Z</time></trkpt>
      <trkpt lat="36.3648182" lon="101.4499568"><ele>3695.88</ele><time>2026-05-03T12:34:17Z</time></trkpt>
      <trkpt lat="36.3648063" lon="101.4500990"><ele>3695.35</ele><time>2026-05-03T12:34:18Z</time></trkpt>
      <trkpt lat="36.3647945" lon="101.4503480"><ele>3694.33</ele><time>2026-05-03T12:34:20Z</time></trkpt>
      <trkpt lat="36.3648080" lon="101.4504601"><ele>3693.88</ele><time>2026-05-03T12:34:21Z</time></trkpt>
      <trkpt lat="36.3648354" lon="101.4505653"><ele>3693.29</ele><time>2026-05-03T12:34:22Z</time></trkpt>
      <trkpt lat="36.3648796" lon="101.4506535"><ele>3692.79</ele><time>2026-05-03T12:34:23Z</time></trkpt>
      <trkpt lat="36.3649426" lon="101.4507182"><ele>3692.22</ele><time>2026-05-03T12:34:24Z</time></trkpt>
      <trkpt lat="36.3650173" lon="101.4507590"><ele>3691.69</ele><time>2026-05-03T12:34:25Z</time></trkpt>
      <trkpt lat="36.3651006" lon="101.4507644"><ele>3691.19</ele><time>2026-05-03T12:34:26Z</time></trkpt>
      <trkpt lat="36.3651860" lon="101.4507426"><ele>3690.8</ele><time>2026-05-03T12:34:27Z</time></trkpt>
      <trkpt lat="36.3652611" lon="101.4506938"><ele>3690.41</ele><time>2026-05-03T12:34:28Z</time></trkpt>
      <trkpt lat="36.3653213" lon="101.4506106"><ele>3690.02</ele><time>2026-05-03T12:34:29Z</time></trkpt>
      <trkpt lat="36.3653641" lon="101.4505063"><ele>3689.7</ele><time>2026-05-03T12:34:30Z</time></trkpt>
      <trkpt lat="36.3653944" lon="101.4503930"><ele>3689.39</ele><time>2026-05-03T12:34:31Z</time></trkpt>
      <trkpt lat="36.3654125" lon="101.4502665"><ele>3689.14</ele><time>2026-05-03T12:34:32Z</time></trkpt>
      <trkpt lat="36.3654151" lon="101.4501251"><ele>3688.91</ele><time>2026-05-03T12:34:33Z</time></trkpt>
      <trkpt lat="36.3654042" lon="101.4499761"><ele>3688.72</ele><time>2026-05-03T12:34:34Z</time></trkpt>
      <trkpt lat="36.3653876" lon="101.4498286"><ele>3688.54</ele><time>2026-05-03T12:34:35Z</time></trkpt>
      <trkpt lat="36.3653643" lon="101.4496811"><ele>3688.37</ele><time>2026-05-03T12:34:36Z</time></trkpt>
      <trkpt lat="36.3653344" lon="101.4495330"><ele>3688.17</ele><time>2026-05-03T12:34:37Z</time></trkpt>
      <trkpt lat="36.3652942" lon="101.4493890"><ele>3687.97</ele><time>2026-05-03T12:34:38Z</time></trkpt>
      <trkpt lat="36.3652460" lon="101.4492476"><ele>3687.74</ele><time>2026-05-03T12:34:39Z</time></trkpt>
      <trkpt lat="36.3651935" lon="101.4491102"><ele>3687.37</ele><time>2026-05-03T12:34:40Z</time></trkpt>
      <trkpt lat="36.3650685" lon="101.4486908"><ele>3686.01</ele><time>2026-05-03T12:34:43Z</time></trkpt>
      <trkpt lat="36.3650536" lon="101.4485460"><ele>3685.53</ele><time>2026-05-03T12:34:44Z</time></trkpt>
      <trkpt lat="36.3650578" lon="101.4484018"><ele>3684.98</ele><time>2026-05-03T12:34:45Z</time></trkpt>
      <trkpt lat="36.3650864" lon="101.4482618"><ele>3684.45</ele><time>2026-05-03T12:34:46Z</time></trkpt>
      <trkpt lat="36.3651328" lon="101.4481309"><ele>3683.81</ele><time>2026-05-03T12:34:47Z</time></trkpt>
      <trkpt lat="36.3651970" lon="101.4480116"><ele>3683.12</ele><time>2026-05-03T12:34:48Z</time></trkpt>
      <trkpt lat="36.3652845" lon="101.4479075"><ele>3682.42</ele><time>2026-05-03T12:34:49Z</time></trkpt>
      <trkpt lat="36.3653871" lon="101.4478271"><ele>3681.67</ele><time>2026-05-03T12:34:50Z</time></trkpt>
      <trkpt lat="36.3654989" lon="101.4477612"><ele>3680.88</ele><time>2026-05-03T12:34:51Z</time></trkpt>
      <trkpt lat="36.3656195" lon="101.4477095"><ele>3680.13</ele><time>2026-05-03T12:34:52Z</time></trkpt>
      <trkpt lat="36.3657426" lon="101.4476635"><ele>3679.36</ele><time>2026-05-03T12:34:53Z</time></trkpt>
      <trkpt lat="36.3662049" lon="101.4474232"><ele>3676.31</ele><time>2026-05-03T12:34:57Z</time></trkpt>
      <trkpt lat="36.3663070" lon="101.4473358"><ele>3675.52</ele><time>2026-05-03T12:34:58Z</time></trkpt>
      <trkpt lat="36.3664003" lon="101.4472378"><ele>3674.8</ele><time>2026-05-03T12:34:59Z</time></trkpt>
      <trkpt lat="36.3664866" lon="101.4471310"><ele>3674.14</ele><time>2026-05-03T12:35:00Z</time></trkpt>
      <trkpt lat="36.3665635" lon="101.4470145"><ele>3673.54</ele><time>2026-05-03T12:35:01Z</time></trkpt>
      <trkpt lat="36.3666323" lon="101.4468923"><ele>3672.85</ele><time>2026-05-03T12:35:02Z</time></trkpt>
      <trkpt lat="36.3666912" lon="101.4467662"><ele>3672.27</ele><time>2026-05-03T12:35:03Z</time></trkpt>
      <trkpt lat="36.3667397" lon="101.4466380"><ele>3671.7</ele><time>2026-05-03T12:35:04Z</time></trkpt>
      <trkpt lat="36.3667826" lon="101.4465120"><ele>3671.09</ele><time>2026-05-03T12:35:05Z</time></trkpt>
      <trkpt lat="36.3668762" lon="101.4462839"><ele>3669.99</ele><time>2026-05-03T12:35:07Z</time></trkpt>
      <trkpt lat="36.3669344" lon="101.4461945"><ele>3669.48</ele><time>2026-05-03T12:35:08Z</time></trkpt>
      <trkpt lat="36.3670032" lon="101.4461302"><ele>3669.07</ele><time>2026-05-03T12:35:09Z</time></trkpt>
      <trkpt lat="36.3670785" lon="101.4460950"><ele>3668.64</ele><time>2026-05-03T12:35:10Z</time></trkpt>
      <trkpt lat="36.3671545" lon="101.4460832"><ele>3668.14</ele><time>2026-05-03T12:35:11Z</time></trkpt>
      <trkpt lat="36.3672338" lon="101.4461037"><ele>3667.61</ele><time>2026-05-03T12:35:12Z</time></trkpt>
      <trkpt lat="36.3673053" lon="101.4461592"><ele>3667.08</ele><time>2026-05-03T12:35:13Z</time></trkpt>
      <trkpt lat="36.3673483" lon="101.4462732"><ele>3666.55</ele><time>2026-05-03T12:35:14Z</time></trkpt>
      <trkpt lat="36.3673660" lon="101.4464052"><ele>3666.02</ele><time>2026-05-03T12:35:15Z</time></trkpt>
      <trkpt lat="36.3673665" lon="101.4465541"><ele>3665.55</ele><time>2026-05-03T12:35:16Z</time></trkpt>
      <trkpt lat="36.3673465" lon="101.4467073"><ele>3665.17</ele><time>2026-05-03T12:35:17Z</time></trkpt>
      <trkpt lat="36.3673087" lon="101.4468597"><ele>3664.7</ele><time>2026-05-03T12:35:18Z</time></trkpt>
      <trkpt lat="36.3672564" lon="101.4470101"><ele>3664.3</ele><time>2026-05-03T12:35:19Z</time></trkpt>
      <trkpt lat="36.3671887" lon="101.4471580"><ele>3663.92</ele><time>2026-05-03T12:35:20Z</time></trkpt>
      <trkpt lat="36.3671079" lon="101.4472989"><ele>3663.54</ele><time>2026-05-03T12:35:21Z</time></trkpt>
      <trkpt lat="36.3670166" lon="101.4474346"><ele>3663.14</ele><time>2026-05-03T12:35:22Z</time></trkpt>
      <trkpt lat="36.3669194" lon="101.4475666"><ele>3662.82</ele><time>2026-05-03T12:35:23Z</time></trkpt>
      <trkpt lat="36.3663965" lon="101.4483915"><ele>3659.7</ele><time>2026-05-03T12:35:29Z</time></trkpt>
      <trkpt lat="36.3662315" lon="101.4488659"><ele>3657.58</ele><time>2026-05-03T12:35:32Z</time></trkpt>
      <trkpt lat="36.3661983" lon="101.4490371"><ele>3656.87</ele><time>2026-05-03T12:35:33Z</time></trkpt>
      <trkpt lat="36.3661785" lon="101.4492114"><ele>3656.15</ele><time>2026-05-03T12:35:34Z</time></trkpt>
      <trkpt lat="36.3661719" lon="101.4493906"><ele>3655.38</ele><time>2026-05-03T12:35:35Z</time></trkpt>
      <trkpt lat="36.3661807" lon="101.4495714"><ele>3654.52</ele><time>2026-05-03T12:35:36Z</time></trkpt>
      <trkpt lat="36.3662007" lon="101.4497549"><ele>3653.66</ele><time>2026-05-03T12:35:37Z</time></trkpt>
      <trkpt lat="36.3663124" lon="101.4505192"><ele>3650.26</ele><time>2026-05-03T12:35:41Z</time></trkpt>
      <trkpt lat="36.3664087" lon="101.4512897"><ele>3646.61</ele><time>2026-05-03T12:35:45Z</time></trkpt>
      <trkpt lat="36.3664071" lon="101.4514826"><ele>3645.69</ele><time>2026-05-03T12:35:46Z</time></trkpt>
      <trkpt lat="36.3663866" lon="101.4516759"><ele>3644.66</ele><time>2026-05-03T12:35:47Z</time></trkpt>
      <trkpt lat="36.3663490" lon="101.4518677"><ele>3643.78</ele><time>2026-05-03T12:35:48Z</time></trkpt>
      <trkpt lat="36.3662957" lon="101.4520571"><ele>3642.73</ele><time>2026-05-03T12:35:49Z</time></trkpt>
      <trkpt lat="36.3662268" lon="101.4522396"><ele>3641.7</ele><time>2026-05-03T12:35:50Z</time></trkpt>
      <trkpt lat="36.3661412" lon="101.4524128"><ele>3640.7</ele><time>2026-05-03T12:35:51Z</time></trkpt>
      <trkpt lat="36.3660414" lon="101.4525686"><ele>3639.64</ele><time>2026-05-03T12:35:52Z</time></trkpt>
      <trkpt lat="36.3659329" lon="101.4527029"><ele>3638.64</ele><time>2026-05-03T12:35:53Z</time></trkpt>
      <trkpt lat="36.3658236" lon="101.4528266"><ele>3637.69</ele><time>2026-05-03T12:35:54Z</time></trkpt>
      <trkpt lat="36.3656224" lon="101.4530620"><ele>3635.57</ele><time>2026-05-03T12:35:56Z</time></trkpt>
      <trkpt lat="36.3655439" lon="101.4531840"><ele>3634.45</ele><time>2026-05-03T12:35:57Z</time></trkpt>
      <trkpt lat="36.3654833" lon="101.4533185"><ele>3633.38</ele><time>2026-05-03T12:35:58Z</time></trkpt>
      <trkpt lat="36.3654408" lon="101.4534628"><ele>3632.3</ele><time>2026-05-03T12:35:59Z</time></trkpt>
      <trkpt lat="36.3654202" lon="101.4536145"><ele>3631.2</ele><time>2026-05-03T12:36:00Z</time></trkpt>
      <trkpt lat="36.3654230" lon="101.4537719"><ele>3630.21</ele><time>2026-05-03T12:36:01Z</time></trkpt>
      <trkpt lat="36.3654534" lon="101.4539309"><ele>3629.21</ele><time>2026-05-03T12:36:02Z</time></trkpt>
      <trkpt lat="36.3654939" lon="101.4540900"><ele>3628.24</ele><time>2026-05-03T12:36:03Z</time></trkpt>
      <trkpt lat="36.3655331" lon="101.4542500"><ele>3627.33</ele><time>2026-05-03T12:36:04Z</time></trkpt>
      <trkpt lat="36.3655616" lon="101.4544140"><ele>3626.44</ele><time>2026-05-03T12:36:05Z</time></trkpt>
      <trkpt lat="36.3655754" lon="101.4545826"><ele>3625.64</ele><time>2026-05-03T12:36:06Z</time></trkpt>
      <trkpt lat="36.3655720" lon="101.4547526"><ele>3624.9</ele><time>2026-05-03T12:36:07Z</time></trkpt>
      <trkpt lat="36.3655482" lon="101.4549199"><ele>3624.26</ele><time>2026-05-03T12:36:08Z</time></trkpt>
      <trkpt lat="36.3655017" lon="101.4550820"><ele>3623.54</ele><time>2026-05-03T12:36:09Z</time></trkpt>
      <trkpt lat="36.3654317" lon="101.4552369"><ele>3622.87</ele><time>2026-05-03T12:36:10Z</time></trkpt>
      <trkpt lat="36.3653404" lon="101.4553770"><ele>3622.23</ele><time>2026-05-03T12:36:11Z</time></trkpt>
      <trkpt lat="36.3652327" lon="101.4554991"><ele>3621.59</ele><time>2026-05-03T12:36:12Z</time></trkpt>
      <trkpt lat="36.3651087" lon="101.4556014"><ele>3620.9</ele><time>2026-05-03T12:36:13Z</time></trkpt>
      <trkpt lat="36.3649825" lon="101.4556844"><ele>3620.19</ele><time>2026-05-03T12:36:14Z</time></trkpt>
      <trkpt lat="36.3648612" lon="101.4557606"><ele>3619.51</ele><time>2026-05-03T12:36:15Z</time></trkpt>
      <trkpt lat="36.3647500" lon="101.4558399"><ele>3618.8</ele><time>2026-05-03T12:36:16Z</time></trkpt>
      <trkpt lat="36.3646536" lon="101.4559334"><ele>3618</ele><time>2026-05-03T12:36:17Z</time></trkpt>
      <trkpt lat="36.3645738" lon="101.4560435"><ele>3617.2</ele><time>2026-05-03T12:36:18Z</time></trkpt>
      <trkpt lat="36.3645154" lon="101.4561683"><ele>3616.39</ele><time>2026-05-03T12:36:19Z</time></trkpt>
      <trkpt lat="36.3644800" lon="101.4563048"><ele>3615.61</ele><time>2026-05-03T12:36:20Z</time></trkpt>
      <trkpt lat="36.3644645" lon="101.4564463"><ele>3614.72</ele><time>2026-05-03T12:36:21Z</time></trkpt>
      <trkpt lat="36.3644762" lon="101.4565902"><ele>3613.86</ele><time>2026-05-03T12:36:22Z</time></trkpt>
      <trkpt lat="36.3645133" lon="101.4567278"><ele>3613.03</ele><time>2026-05-03T12:36:23Z</time></trkpt>
      <trkpt lat="36.3645692" lon="101.4568586"><ele>3612.15</ele><time>2026-05-03T12:36:24Z</time></trkpt>
      <trkpt lat="36.3646386" lon="101.4569813"><ele>3611.35</ele><time>2026-05-03T12:36:25Z</time></trkpt>
      <trkpt lat="36.3647137" lon="101.4571049"><ele>3610.51</ele><time>2026-05-03T12:36:26Z</time></trkpt>
      <trkpt lat="36.3647925" lon="101.4572359"><ele>3609.61</ele><time>2026-05-03T12:36:27Z</time></trkpt>
      <trkpt lat="36.3648637" lon="101.4573742"><ele>3608.73</ele><time>2026-05-03T12:36:28Z</time></trkpt>
      <trkpt lat="36.3649214" lon="101.4575226"><ele>3608.01</ele><time>2026-05-03T12:36:29Z</time></trkpt>
      <trkpt lat="36.3649628" lon="101.4576815"><ele>3607.24</ele><time>2026-05-03T12:36:30Z</time></trkpt>
      <trkpt lat="36.3649844" lon="101.4578475"><ele>3606.41</ele><time>2026-05-03T12:36:31Z</time></trkpt>
      <trkpt lat="36.3649834" lon="101.4580166"><ele>3605.62</ele><time>2026-05-03T12:36:32Z</time></trkpt>
      <trkpt lat="36.3649618" lon="101.4581860"><ele>3604.78</ele><time>2026-05-03T12:36:33Z</time></trkpt>
      <trkpt lat="36.3649196" lon="101.4583522"><ele>3603.97</ele><time>2026-05-03T12:36:34Z</time></trkpt>
      <trkpt lat="36.3648588" lon="101.4585148"><ele>3603.09</ele><time>2026-05-03T12:36:35Z</time></trkpt>
      <trkpt lat="36.3647845" lon="101.4586716"><ele>3602.29</ele><time>2026-05-03T12:36:36Z</time></trkpt>
      <trkpt lat="36.3647062" lon="101.4588273"><ele>3601.46</ele><time>2026-05-03T12:36:37Z</time></trkpt>
      <trkpt lat="36.3645106" lon="101.4593308"><ele>3598.84</ele><time>2026-05-03T12:36:40Z</time></trkpt>
      <trkpt lat="36.3644764" lon="101.4595118"><ele>3597.98</ele><time>2026-05-03T12:36:41Z</time></trkpt>
      <trkpt lat="36.3644578" lon="101.4596946"><ele>3597.08</ele><time>2026-05-03T12:36:42Z</time></trkpt>
      <trkpt lat="36.3644543" lon="101.4598782"><ele>3596.22</ele><time>2026-05-03T12:36:43Z</time></trkpt>
      <trkpt lat="36.3644679" lon="101.4600609"><ele>3595.37</ele><time>2026-05-03T12:36:44Z</time></trkpt>
      <trkpt lat="36.3644954" lon="101.4602382"><ele>3594.42</ele><time>2026-05-03T12:36:45Z</time></trkpt>
      <trkpt lat="36.3645351" lon="101.4604069"><ele>3593.45</ele><time>2026-05-03T12:36:46Z</time></trkpt>
      <trkpt lat="36.3645904" lon="101.4605670"><ele>3592.42</ele><time>2026-05-03T12:36:47Z</time></trkpt>
      <trkpt lat="36.3646591" lon="101.4607170"><ele>3591.36</ele><time>2026-05-03T12:36:48Z</time></trkpt>
      <trkpt lat="36.3647378" lon="101.4608526"><ele>3590.3</ele><time>2026-05-03T12:36:49Z</time></trkpt>
      <trkpt lat="36.3648221" lon="101.4609669"><ele>3589.24</ele><time>2026-05-03T12:36:50Z</time></trkpt>
      <trkpt lat="36.3649067" lon="101.4610577"><ele>3588.26</ele><time>2026-05-03T12:36:51Z</time></trkpt>
      <trkpt lat="36.3649930" lon="101.4611272"><ele>3587.24</ele><time>2026-05-03T12:36:52Z</time></trkpt>
      <trkpt lat="36.3650789" lon="101.4611743"><ele>3586.33</ele><time>2026-05-03T12:36:53Z</time></trkpt>
      <trkpt lat="36.3651662" lon="101.4611953"><ele>3585.38</ele><time>2026-05-03T12:36:54Z</time></trkpt>
      <trkpt lat="36.3652575" lon="101.4611897"><ele>3584.55</ele><time>2026-05-03T12:36:55Z</time></trkpt>
      <trkpt lat="36.3653441" lon="101.4611531"><ele>3583.7</ele><time>2026-05-03T12:36:56Z</time></trkpt>
      <trkpt lat="36.3654182" lon="101.4610830"><ele>3582.88</ele><time>2026-05-03T12:36:57Z</time></trkpt>
      <trkpt lat="36.3654814" lon="101.4609941"><ele>3582.22</ele><time>2026-05-03T12:36:58Z</time></trkpt>
      <trkpt lat="36.3655259" lon="101.4608774"><ele>3581.58</ele><time>2026-05-03T12:36:59Z</time></trkpt>
      <trkpt lat="36.3655492" lon="101.4607377"><ele>3581.12</ele><time>2026-05-03T12:37:00Z</time></trkpt>
      <trkpt lat="36.3655633" lon="101.4605864"><ele>3580.69</ele><time>2026-05-03T12:37:01Z</time></trkpt>
      <trkpt lat="36.3655745" lon="101.4604236"><ele>3580.27</ele><time>2026-05-03T12:37:02Z</time></trkpt>
      <trkpt lat="36.3655853" lon="101.4602548"><ele>3579.91</ele><time>2026-05-03T12:37:03Z</time></trkpt>
      <trkpt lat="36.3657228" lon="101.4587027"><ele>3577.49</ele><time>2026-05-03T12:37:12Z</time></trkpt>
      <trkpt lat="36.3657946" lon="101.4579430"><ele>3575.69</ele><time>2026-05-03T12:37:17Z</time></trkpt>
      <trkpt lat="36.3658492" lon="101.4574523"><ele>3574.06</ele><time>2026-05-03T12:37:21Z</time></trkpt>
      <trkpt lat="36.3658806" lon="101.4573424"><ele>3573.62</ele><time>2026-05-03T12:37:22Z</time></trkpt>
      <trkpt lat="36.3659279" lon="101.4572421"><ele>3573.2</ele><time>2026-05-03T12:37:23Z</time></trkpt>
      <trkpt lat="36.3659897" lon="101.4571512"><ele>3572.74</ele><time>2026-05-03T12:37:24Z</time></trkpt>
      <trkpt lat="36.3660667" lon="101.4570833"><ele>3572.31</ele><time>2026-05-03T12:37:25Z</time></trkpt>
      <trkpt lat="36.3661535" lon="101.4570369"><ele>3571.88</ele><time>2026-05-03T12:37:26Z</time></trkpt>
      <trkpt lat="36.3662461" lon="101.4570191"><ele>3571.45</ele><time>2026-05-03T12:37:27Z</time></trkpt>
      <trkpt lat="36.3663414" lon="101.4570248"><ele>3571.01</ele><time>2026-05-03T12:37:28Z</time></trkpt>
      <trkpt lat="36.3664412" lon="101.4570673"><ele>3570.52</ele><time>2026-05-03T12:37:29Z</time></trkpt>
      <trkpt lat="36.3665248" lon="101.4571472"><ele>3570.03</ele><time>2026-05-03T12:37:30Z</time></trkpt>
      <trkpt lat="36.3665762" lon="101.4572814"><ele>3569.5</ele><time>2026-05-03T12:37:31Z</time></trkpt>
      <trkpt lat="36.3666158" lon="101.4574192"><ele>3569.03</ele><time>2026-05-03T12:37:32Z</time></trkpt>
      <trkpt lat="36.3666344" lon="101.4575727"><ele>3568.54</ele><time>2026-05-03T12:37:33Z</time></trkpt>
      <trkpt lat="36.3666458" lon="101.4577368"><ele>3568.02</ele><time>2026-05-03T12:37:34Z</time></trkpt>
      <trkpt lat="36.3666588" lon="101.4579151"><ele>3567.57</ele><time>2026-05-03T12:37:35Z</time></trkpt>
      <trkpt lat="36.3667420" lon="101.4588793"><ele>3565.47</ele><time>2026-05-03T12:37:40Z</time></trkpt>
      <trkpt lat="36.3668834" lon="101.4598376"><ele>3562.81</ele><time>2026-05-03T12:37:45Z</time></trkpt>
      <trkpt lat="36.3669447" lon="101.4600104"><ele>3562.07</ele><time>2026-05-03T12:37:46Z</time></trkpt>
      <trkpt lat="36.3670178" lon="101.4601760"><ele>3561.24</ele><time>2026-05-03T12:37:47Z</time></trkpt>
      <trkpt lat="36.3671041" lon="101.4603352"><ele>3560.39</ele><time>2026-05-03T12:37:48Z</time></trkpt>
      <trkpt lat="36.3671950" lon="101.4604864"><ele>3559.47</ele><time>2026-05-03T12:37:49Z</time></trkpt>
      <trkpt lat="36.3675358" lon="101.4610879"><ele>3555.67</ele><time>2026-05-03T12:37:53Z</time></trkpt>
      <trkpt lat="36.3677122" lon="101.4615923"><ele>3552.51</ele><time>2026-05-03T12:37:56Z</time></trkpt>
      <trkpt lat="36.3677476" lon="101.4617744"><ele>3551.45</ele><time>2026-05-03T12:37:57Z</time></trkpt>
      <trkpt lat="36.3677729" lon="101.4619632"><ele>3550.43</ele><time>2026-05-03T12:37:58Z</time></trkpt>
      <trkpt lat="36.3678155" lon="101.4625512"><ele>3547.26</ele><time>2026-05-03T12:38:01Z</time></trkpt>
      <trkpt lat="36.3678133" lon="101.4631705"><ele>3544.17</ele><time>2026-05-03T12:38:04Z</time></trkpt>
      <trkpt lat="36.3677658" lon="101.4638020"><ele>3541.12</ele><time>2026-05-03T12:38:07Z</time></trkpt>
      <trkpt lat="36.3676709" lon="101.4644318"><ele>3537.99</ele><time>2026-05-03T12:38:10Z</time></trkpt>
      <trkpt lat="36.3675486" lon="101.4650444"><ele>3534.71</ele><time>2026-05-03T12:38:13Z</time></trkpt>
      <trkpt lat="36.3674273" lon="101.4656409"><ele>3531.2</ele><time>2026-05-03T12:38:16Z</time></trkpt>
      <trkpt lat="36.3673287" lon="101.4662088"><ele>3527.85</ele><time>2026-05-03T12:38:19Z</time></trkpt>
      <trkpt lat="36.3673126" lon="101.4665713"><ele>3525.83</ele><time>2026-05-03T12:38:21Z</time></trkpt>
      <trkpt lat="36.3673260" lon="101.4667516"><ele>3524.94</ele><time>2026-05-03T12:38:22Z</time></trkpt>
      <trkpt lat="36.3673546" lon="101.4669288"><ele>3524.09</ele><time>2026-05-03T12:38:23Z</time></trkpt>
      <trkpt lat="36.3674002" lon="101.4671002"><ele>3523.21</ele><time>2026-05-03T12:38:24Z</time></trkpt>
      <trkpt lat="36.3674605" lon="101.4672657"><ele>3522.35</ele><time>2026-05-03T12:38:25Z</time></trkpt>
      <trkpt lat="36.3675292" lon="101.4674277"><ele>3521.55</ele><time>2026-05-03T12:38:26Z</time></trkpt>
      <trkpt lat="36.3676042" lon="101.4675852"><ele>3520.73</ele><time>2026-05-03T12:38:27Z</time></trkpt>
      <trkpt lat="36.3678788" lon="101.4682253"><ele>3517.21</ele><time>2026-05-03T12:38:31Z</time></trkpt>
      <trkpt lat="36.3679181" lon="101.4684030"><ele>3516.28</ele><time>2026-05-03T12:38:32Z</time></trkpt>
      <trkpt lat="36.3679445" lon="101.4685865"><ele>3515.36</ele><time>2026-05-03T12:38:33Z</time></trkpt>
      <trkpt lat="36.3679570" lon="101.4687766"><ele>3514.41</ele><time>2026-05-03T12:38:34Z</time></trkpt>
      <trkpt lat="36.3679564" lon="101.4689714"><ele>3513.5</ele><time>2026-05-03T12:38:35Z</time></trkpt>
      <trkpt lat="36.3679430" lon="101.4691706"><ele>3512.59</ele><time>2026-05-03T12:38:36Z</time></trkpt>
      <trkpt lat="36.3679243" lon="101.4693696"><ele>3511.65</ele><time>2026-05-03T12:38:37Z</time></trkpt>
      <trkpt lat="36.3678414" lon="101.4701618"><ele>3507.7</ele><time>2026-05-03T12:38:41Z</time></trkpt>
      <trkpt lat="36.3677894" lon="101.4709472"><ele>3503.74</ele><time>2026-05-03T12:38:45Z</time></trkpt>
      <trkpt lat="36.3678167" lon="101.4715272"><ele>3500.67</ele><time>2026-05-03T12:38:48Z</time></trkpt>
      <trkpt lat="36.3679355" lon="101.4721110"><ele>3497.6</ele><time>2026-05-03T12:38:51Z</time></trkpt>
      <trkpt lat="36.3681449" lon="101.4726772"><ele>3494.59</ele><time>2026-05-03T12:38:54Z</time></trkpt>
      <trkpt lat="36.3685074" lon="101.4734009"><ele>3490.91</ele><time>2026-05-03T12:38:58Z</time></trkpt>
      <trkpt lat="36.3688431" lon="101.4740575"><ele>3487.57</ele><time>2026-05-03T12:39:02Z</time></trkpt>
      <trkpt lat="36.3689786" lon="101.4743652"><ele>3485.97</ele><time>2026-05-03T12:39:04Z</time></trkpt>
      <trkpt lat="36.3690265" lon="101.4745332"><ele>3485.18</ele><time>2026-05-03T12:39:05Z</time></trkpt>
      <trkpt lat="36.3690551" lon="101.4747078"><ele>3484.31</ele><time>2026-05-03T12:39:06Z</time></trkpt>
      <trkpt lat="36.3690624" lon="101.4748947"><ele>3483.45</ele><time>2026-05-03T12:39:07Z</time></trkpt>
      <trkpt lat="36.3690468" lon="101.4750886"><ele>3482.56</ele><time>2026-05-03T12:39:08Z</time></trkpt>
      <trkpt lat="36.3690090" lon="101.4752895"><ele>3481.75</ele><time>2026-05-03T12:39:09Z</time></trkpt>
      <trkpt lat="36.3689672" lon="101.4754929"><ele>3480.91</ele><time>2026-05-03T12:39:10Z</time></trkpt>
      <trkpt lat="36.3687934" lon="101.4763287"><ele>3477.45</ele><time>2026-05-03T12:39:14Z</time></trkpt>
      <trkpt lat="36.3686510" lon="101.4771878"><ele>3473.69</ele><time>2026-05-03T12:39:18Z</time></trkpt>
      <trkpt lat="36.3686447" lon="101.4774091"><ele>3472.72</ele><time>2026-05-03T12:39:19Z</time></trkpt>
      <trkpt lat="36.3686537" lon="101.4776315"><ele>3471.8</ele><time>2026-05-03T12:39:20Z</time></trkpt>
      <trkpt lat="36.3686789" lon="101.4778535"><ele>3470.79</ele><time>2026-05-03T12:39:21Z</time></trkpt>
      <trkpt lat="36.3687987" lon="101.4785099"><ele>3467.78</ele><time>2026-05-03T12:39:24Z</time></trkpt>
      <trkpt lat="36.3689757" lon="101.4793879"><ele>3463.77</ele><time>2026-05-03T12:39:28Z</time></trkpt>
      <trkpt lat="36.3691057" lon="101.4800243"><ele>3460.51</ele><time>2026-05-03T12:39:31Z</time></trkpt>
      <trkpt lat="36.3691343" lon="101.4802273"><ele>3459.47</ele><time>2026-05-03T12:39:32Z</time></trkpt>
      <trkpt lat="36.3691437" lon="101.4804318"><ele>3458.36</ele><time>2026-05-03T12:39:33Z</time></trkpt>
      <trkpt lat="36.3691327" lon="101.4806347"><ele>3457.24</ele><time>2026-05-03T12:39:34Z</time></trkpt>
      <trkpt lat="36.3690998" lon="101.4808323"><ele>3456.15</ele><time>2026-05-03T12:39:35Z</time></trkpt>
      <trkpt lat="36.3690406" lon="101.4810242"><ele>3455.05</ele><time>2026-05-03T12:39:36Z</time></trkpt>
      <trkpt lat="36.3689614" lon="101.4812091"><ele>3453.89</ele><time>2026-05-03T12:39:37Z</time></trkpt>
      <trkpt lat="36.3688783" lon="101.4813927"><ele>3452.84</ele><time>2026-05-03T12:39:38Z</time></trkpt>
      <trkpt lat="36.3685407" lon="101.4821314"><ele>3448.99</ele><time>2026-05-03T12:39:42Z</time></trkpt>
      <trkpt lat="36.3681163" lon="101.4830709"><ele>3445.78</ele><time>2026-05-03T12:39:47Z</time></trkpt>
      <trkpt lat="36.3675912" lon="101.4842475"><ele>3442.35</ele><time>2026-05-03T12:39:53Z</time></trkpt>
      <trkpt lat="36.3671775" lon="101.4852150"><ele>3438.86</ele><time>2026-05-03T12:39:58Z</time></trkpt>
      <trkpt lat="36.3669775" lon="101.4860342"><ele>3435.63</ele><time>2026-05-03T12:40:02Z</time></trkpt>
      <trkpt lat="36.3668658" lon="101.4868876"><ele>3432.03</ele><time>2026-05-03T12:40:06Z</time></trkpt>
      <trkpt lat="36.3666898" lon="101.4877499"><ele>3428.74</ele><time>2026-05-03T12:40:10Z</time></trkpt>
      <trkpt lat="36.3664393" lon="101.4885937"><ele>3425.23</ele><time>2026-05-03T12:40:14Z</time></trkpt>
      <trkpt lat="36.3661175" lon="101.4893908"><ele>3421.84</ele><time>2026-05-03T12:40:18Z</time></trkpt>
      <trkpt lat="36.3657527" lon="101.4900827"><ele>3418.8</ele><time>2026-05-03T12:40:22Z</time></trkpt>
      <trkpt lat="36.3656481" lon="101.4902170"><ele>3418.06</ele><time>2026-05-03T12:40:23Z</time></trkpt>
      <trkpt lat="36.3655368" lon="101.4903330"><ele>3417.28</ele><time>2026-05-03T12:40:24Z</time></trkpt>
      <trkpt lat="36.3654185" lon="101.4904328"><ele>3416.5</ele><time>2026-05-03T12:40:25Z</time></trkpt>
      <trkpt lat="36.3652939" lon="101.4905175"><ele>3415.73</ele><time>2026-05-03T12:40:26Z</time></trkpt>
      <trkpt lat="36.3651688" lon="101.4905921"><ele>3414.95</ele><time>2026-05-03T12:40:27Z</time></trkpt>
      <trkpt lat="36.3649524" lon="101.4907350"><ele>3413.53</ele><time>2026-05-03T12:40:29Z</time></trkpt>
      <trkpt lat="36.3648748" lon="101.4908215"><ele>3412.85</ele><time>2026-05-03T12:40:30Z</time></trkpt>
      <trkpt lat="36.3648174" lon="101.4909220"><ele>3412.15</ele><time>2026-05-03T12:40:31Z</time></trkpt>
      <trkpt lat="36.3647857" lon="101.4910304"><ele>3411.46</ele><time>2026-05-03T12:40:32Z</time></trkpt>
      <trkpt lat="36.3647842" lon="101.4911416"><ele>3410.82</ele><time>2026-05-03T12:40:33Z</time></trkpt>
      <trkpt lat="36.3648199" lon="101.4912428"><ele>3410.17</ele><time>2026-05-03T12:40:34Z</time></trkpt>
      <trkpt lat="36.3648736" lon="101.4913244"><ele>3409.51</ele><time>2026-05-03T12:40:35Z</time></trkpt>
      <trkpt lat="36.3649424" lon="101.4913856"><ele>3408.95</ele><time>2026-05-03T12:40:36Z</time></trkpt>
      <trkpt lat="36.3650285" lon="101.4914191"><ele>3408.38</ele><time>2026-05-03T12:40:37Z</time></trkpt>
      <trkpt lat="36.3651483" lon="101.4914121"><ele>3407.86</ele><time>2026-05-03T12:40:38Z</time></trkpt>
      <trkpt lat="36.3652814" lon="101.4913800"><ele>3407.34</ele><time>2026-05-03T12:40:39Z</time></trkpt>
      <trkpt lat="36.3654095" lon="101.4913407"><ele>3406.84</ele><time>2026-05-03T12:40:40Z</time></trkpt>
      <trkpt lat="36.3655265" lon="101.4913116"><ele>3406.43</ele><time>2026-05-03T12:40:41Z</time></trkpt>
      <trkpt lat="36.3661583" lon="101.4912128"><ele>3404.76</ele><time>2026-05-03T12:40:46Z</time></trkpt>
      <trkpt lat="36.3666645" lon="101.4911364"><ele>3403.13</ele><time>2026-05-03T12:40:50Z</time></trkpt>
      <trkpt lat="36.3667891" lon="101.4910814"><ele>3402.53</ele><time>2026-05-03T12:40:51Z</time></trkpt>
      <trkpt lat="36.3669111" lon="101.4910096"><ele>3401.93</ele><time>2026-05-03T12:40:52Z</time></trkpt>
      <trkpt lat="36.3670282" lon="101.4909245"><ele>3401.23</ele><time>2026-05-03T12:40:53Z</time></trkpt>
      <trkpt lat="36.3671385" lon="101.4908262"><ele>3400.58</ele><time>2026-05-03T12:40:54Z</time></trkpt>
      <trkpt lat="36.3672406" lon="101.4907186"><ele>3399.91</ele><time>2026-05-03T12:40:55Z</time></trkpt>
      <trkpt lat="36.3673343" lon="101.4906003"><ele>3399.21</ele><time>2026-05-03T12:40:56Z</time></trkpt>
      <trkpt lat="36.3674147" lon="101.4904693"><ele>3398.47</ele><time>2026-05-03T12:40:57Z</time></trkpt>
      <trkpt lat="36.3674840" lon="101.4903363"><ele>3397.67</ele><time>2026-05-03T12:40:58Z</time></trkpt>
      <trkpt lat="36.3675423" lon="101.4902037"><ele>3396.96</ele><time>2026-05-03T12:40:59Z</time></trkpt>
      <trkpt lat="36.3676617" lon="101.4899787"><ele>3395.46</ele><time>2026-05-03T12:41:01Z</time></trkpt>
      <trkpt lat="36.3677301" lon="101.4898964"><ele>3394.81</ele><time>2026-05-03T12:41:02Z</time></trkpt>
      <trkpt lat="36.3678073" lon="101.4898410"><ele>3394.15</ele><time>2026-05-03T12:41:03Z</time></trkpt>
      <trkpt lat="36.3678916" lon="101.4898146"><ele>3393.55</ele><time>2026-05-03T12:41:04Z</time></trkpt>
      <trkpt lat="36.3679778" lon="101.4898083"><ele>3392.91</ele><time>2026-05-03T12:41:05Z</time></trkpt>
      <trkpt lat="36.3680636" lon="101.4898890"><ele>3392.21</ele><time>2026-05-03T12:41:06Z</time></trkpt>
      <trkpt lat="36.3681408" lon="101.4899829"><ele>3391.56</ele><time>2026-05-03T12:41:07Z</time></trkpt>
      <trkpt lat="36.3681938" lon="101.4901062"><ele>3390.89</ele><time>2026-05-03T12:41:08Z</time></trkpt>
      <trkpt lat="36.3682277" lon="101.4902588"><ele>3390.29</ele><time>2026-05-03T12:41:09Z</time></trkpt>
      <trkpt lat="36.3682357" lon="101.4904356"><ele>3389.7</ele><time>2026-05-03T12:41:10Z</time></trkpt>
      <trkpt lat="36.3682419" lon="101.4906232"><ele>3389.17</ele><time>2026-05-03T12:41:11Z</time></trkpt>
      <trkpt lat="36.3682417" lon="101.4908153"><ele>3388.67</ele><time>2026-05-03T12:41:12Z</time></trkpt>
      <trkpt lat="36.3682298" lon="101.4910127"><ele>3388.13</ele><time>2026-05-03T12:41:13Z</time></trkpt>
      <trkpt lat="36.3682014" lon="101.4912172"><ele>3387.7</ele><time>2026-05-03T12:41:14Z</time></trkpt>
      <trkpt lat="36.3681569" lon="101.4914260"><ele>3387.21</ele><time>2026-05-03T12:41:15Z</time></trkpt>
      <trkpt lat="36.3680943" lon="101.4916341"><ele>3386.72</ele><time>2026-05-03T12:41:16Z</time></trkpt>
      <trkpt lat="36.3680139" lon="101.4918368"><ele>3386.1</ele><time>2026-05-03T12:41:17Z</time></trkpt>
      <trkpt lat="36.3679138" lon="101.4920321"><ele>3385.47</ele><time>2026-05-03T12:41:18Z</time></trkpt>
      <trkpt lat="36.3677943" lon="101.4922217"><ele>3384.81</ele><time>2026-05-03T12:41:19Z</time></trkpt>
      <trkpt lat="36.3676635" lon="101.4924116"><ele>3384.18</ele><time>2026-05-03T12:41:20Z</time></trkpt>
      <trkpt lat="36.3671174" lon="101.4931992"><ele>3380.95</ele><time>2026-05-03T12:41:24Z</time></trkpt>
      <trkpt lat="36.3665576" lon="101.4940145"><ele>3376.98</ele><time>2026-05-03T12:41:28Z</time></trkpt>
      <trkpt lat="36.3661393" lon="101.4946287"><ele>3373.71</ele><time>2026-05-03T12:41:31Z</time></trkpt>
      <trkpt lat="36.3657400" lon="101.4952110"><ele>3370.17</ele><time>2026-05-03T12:41:34Z</time></trkpt>
      <trkpt lat="36.3653919" lon="101.4957535"><ele>3366.45</ele><time>2026-05-03T12:41:37Z</time></trkpt>
      <trkpt lat="36.3652250" lon="101.4961297"><ele>3364.05</ele><time>2026-05-03T12:41:39Z</time></trkpt>
      <trkpt lat="36.3651663" lon="101.4963316"><ele>3362.96</ele><time>2026-05-03T12:41:40Z</time></trkpt>
      <trkpt lat="36.3651265" lon="101.4965474"><ele>3361.95</ele><time>2026-05-03T12:41:41Z</time></trkpt>
      <trkpt lat="36.3651051" lon="101.4967798"><ele>3360.85</ele><time>2026-05-03T12:41:42Z</time></trkpt>
      <trkpt lat="36.3650954" lon="101.4970287"><ele>3359.87</ele><time>2026-05-03T12:41:43Z</time></trkpt>
      <trkpt lat="36.3650940" lon="101.4972867"><ele>3359.07</ele><time>2026-05-03T12:41:44Z</time></trkpt>
      <trkpt lat="36.3650919" lon="101.4983299"><ele>3355.48</ele><time>2026-05-03T12:41:48Z</time></trkpt>
      <trkpt lat="36.3649753" lon="101.4991054"><ele>3352.11</ele><time>2026-05-03T12:41:51Z</time></trkpt>
      <trkpt lat="36.3647625" lon="101.4999152"><ele>3348.27</ele><time>2026-05-03T12:41:54Z</time></trkpt>
      <trkpt lat="36.3644859" lon="101.5008215"><ele>3344.19</ele><time>2026-05-03T12:41:57Z</time></trkpt>
      <trkpt lat="36.3642006" lon="101.5017308"><ele>3340.2</ele><time>2026-05-03T12:42:00Z</time></trkpt>
      <trkpt lat="36.3639287" lon="101.5025461"><ele>3335.79</ele><time>2026-05-03T12:42:03Z</time></trkpt>
      <trkpt lat="36.3637543" lon="101.5029513"><ele>3332.38</ele><time>2026-05-03T12:42:05Z</time></trkpt>
      <trkpt lat="36.3636518" lon="101.5030857"><ele>3330.68</ele><time>2026-05-03T12:42:06Z</time></trkpt>
      <trkpt lat="36.3635343" lon="101.5032003"><ele>3328.96</ele><time>2026-05-03T12:42:07Z</time></trkpt>
      <trkpt lat="36.3633897" lon="101.5032764"><ele>3327.31</ele><time>2026-05-03T12:42:08Z</time></trkpt>
      <trkpt lat="36.3632335" lon="101.5033299"><ele>3325.62</ele><time>2026-05-03T12:42:09Z</time></trkpt>
      <trkpt lat="36.3630667" lon="101.5033537"><ele>3324.01</ele><time>2026-05-03T12:42:10Z</time></trkpt>
      <trkpt lat="36.3628986" lon="101.5033476"><ele>3322.56</ele><time>2026-05-03T12:42:11Z</time></trkpt>
      <trkpt lat="36.3627410" lon="101.5032921"><ele>3321.21</ele><time>2026-05-03T12:42:12Z</time></trkpt>
      <trkpt lat="36.3625936" lon="101.5032331"><ele>3319.92</ele><time>2026-05-03T12:42:13Z</time></trkpt>
      <trkpt lat="36.3624494" lon="101.5031997"><ele>3318.64</ele><time>2026-05-03T12:42:14Z</time></trkpt>
      <trkpt lat="36.3623080" lon="101.5031984"><ele>3317.27</ele><time>2026-05-03T12:42:15Z</time></trkpt>
      <trkpt lat="36.3621764" lon="101.5032267"><ele>3315.93</ele><time>2026-05-03T12:42:16Z</time></trkpt>
      <trkpt lat="36.3620568" lon="101.5032788"><ele>3314.57</ele><time>2026-05-03T12:42:17Z</time></trkpt>
      <trkpt lat="36.3619646" lon="101.5033829"><ele>3313.29</ele><time>2026-05-03T12:42:18Z</time></trkpt>
      <trkpt lat="36.3618810" lon="101.5034953"><ele>3312.04</ele><time>2026-05-03T12:42:19Z</time></trkpt>
      <trkpt lat="36.3618282" lon="101.5036349"><ele>3310.78</ele><time>2026-05-03T12:42:20Z</time></trkpt>
      <trkpt lat="36.3618029" lon="101.5037977"><ele>3309.55</ele><time>2026-05-03T12:42:21Z</time></trkpt>
      <trkpt lat="36.3618056" lon="101.5039734"><ele>3308.45</ele><time>2026-05-03T12:42:22Z</time></trkpt>
      <trkpt lat="36.3618344" lon="101.5041587"><ele>3307.34</ele><time>2026-05-03T12:42:23Z</time></trkpt>
      <trkpt lat="36.3618789" lon="101.5043350"><ele>3306.29</ele><time>2026-05-03T12:42:24Z</time></trkpt>
      <trkpt lat="36.3619238" lon="101.5045079"><ele>3305.22</ele><time>2026-05-03T12:42:25Z</time></trkpt>
      <trkpt lat="36.3619561" lon="101.5046860"><ele>3304.25</ele><time>2026-05-03T12:42:26Z</time></trkpt>
      <trkpt lat="36.3619657" lon="101.5048696"><ele>3303.27</ele><time>2026-05-03T12:42:27Z</time></trkpt>
      <trkpt lat="36.3619481" lon="101.5050548"><ele>3302.22</ele><time>2026-05-03T12:42:28Z</time></trkpt>
      <trkpt lat="36.3619020" lon="101.5052346"><ele>3301.23</ele><time>2026-05-03T12:42:29Z</time></trkpt>
      <trkpt lat="36.3618096" lon="101.5054018"><ele>3300.22</ele><time>2026-05-03T12:42:30Z</time></trkpt>
      <trkpt lat="36.3616959" lon="101.5055595"><ele>3299.19</ele><time>2026-05-03T12:42:31Z</time></trkpt>
      <trkpt lat="36.3615713" lon="101.5057066"><ele>3298.09</ele><time>2026-05-03T12:42:32Z</time></trkpt>
      <trkpt lat="36.3614399" lon="101.5058495"><ele>3297.07</ele><time>2026-05-03T12:42:33Z</time></trkpt>
      <trkpt lat="36.3610480" lon="101.5062757"><ele>3293.84</ele><time>2026-05-03T12:42:36Z</time></trkpt>
      <trkpt lat="36.3607178" lon="101.5066932"><ele>3290.71</ele><time>2026-05-03T12:42:39Z</time></trkpt>
      <trkpt lat="36.3606302" lon="101.5068499"><ele>3289.72</ele><time>2026-05-03T12:42:40Z</time></trkpt>
      <trkpt lat="36.3605577" lon="101.5070141"><ele>3288.74</ele><time>2026-05-03T12:42:41Z</time></trkpt>
      <trkpt lat="36.3604998" lon="101.5071819"><ele>3287.79</ele><time>2026-05-03T12:42:42Z</time></trkpt>
      <trkpt lat="36.3604556" lon="101.5073531"><ele>3286.84</ele><time>2026-05-03T12:42:43Z</time></trkpt>
      <trkpt lat="36.3604245" lon="101.5075267"><ele>3286.06</ele><time>2026-05-03T12:42:44Z</time></trkpt>
      <trkpt lat="36.3604101" lon="101.5076988"><ele>3285.29</ele><time>2026-05-03T12:42:45Z</time></trkpt>
      <trkpt lat="36.3604080" lon="101.5078564"><ele>3284.56</ele><time>2026-05-03T12:42:46Z</time></trkpt>
      <trkpt lat="36.3604205" lon="101.5079923"><ele>3283.77</ele><time>2026-05-03T12:42:47Z</time></trkpt>
      <trkpt lat="36.3604494" lon="101.5081154"><ele>3283.02</ele><time>2026-05-03T12:42:48Z</time></trkpt>
      <trkpt lat="36.3604821" lon="101.5082368"><ele>3282.27</ele><time>2026-05-03T12:42:49Z</time></trkpt>
      <trkpt lat="36.3605655" lon="101.5084632"><ele>3280.76</ele><time>2026-05-03T12:42:51Z</time></trkpt>
      <trkpt lat="36.3606178" lon="101.5085531"><ele>3280.12</ele><time>2026-05-03T12:42:52Z</time></trkpt>
      <trkpt lat="36.3606782" lon="101.5086155"><ele>3279.44</ele><time>2026-05-03T12:42:53Z</time></trkpt>
      <trkpt lat="36.3607652" lon="101.5086324"><ele>3278.72</ele><time>2026-05-03T12:42:54Z</time></trkpt>
      <trkpt lat="36.3608553" lon="101.5086068"><ele>3278.04</ele><time>2026-05-03T12:42:55Z</time></trkpt>
      <trkpt lat="36.3609441" lon="101.5085312"><ele>3277.41</ele><time>2026-05-03T12:42:56Z</time></trkpt>
      <trkpt lat="36.3610275" lon="101.5084303"><ele>3276.84</ele><time>2026-05-03T12:42:57Z</time></trkpt>
      <trkpt lat="36.3610869" lon="101.5082920"><ele>3276.34</ele><time>2026-05-03T12:42:58Z</time></trkpt>
      <trkpt lat="36.3611399" lon="101.5081247"><ele>3275.88</ele><time>2026-05-03T12:42:59Z</time></trkpt>
      <trkpt lat="36.3611889" lon="101.5079473"><ele>3275.49</ele><time>2026-05-03T12:43:00Z</time></trkpt>
      <trkpt lat="36.3612415" lon="101.5077712"><ele>3275.14</ele><time>2026-05-03T12:43:01Z</time></trkpt>
      <trkpt lat="36.3615321" lon="101.5068313"><ele>3273.53</ele><time>2026-05-03T12:43:06Z</time></trkpt>
      <trkpt lat="36.3618100" lon="101.5059640"><ele>3271.77</ele><time>2026-05-03T12:43:11Z</time></trkpt>
      <trkpt lat="36.3618780" lon="101.5058454"><ele>3271.27</ele><time>2026-05-03T12:43:12Z</time></trkpt>
      <trkpt lat="36.3619579" lon="101.5057629"><ele>3270.75</ele><time>2026-05-03T12:43:13Z</time></trkpt>
      <trkpt lat="36.3620506" lon="101.5057222"><ele>3270.15</ele><time>2026-05-03T12:43:14Z</time></trkpt>
      <trkpt lat="36.3621532" lon="101.5057558"><ele>3269.6</ele><time>2026-05-03T12:43:15Z</time></trkpt>
      <trkpt lat="36.3622398" lon="101.5058271"><ele>3268.94</ele><time>2026-05-03T12:43:16Z</time></trkpt>
      <trkpt lat="36.3622949" lon="101.5059346"><ele>3268.25</ele><time>2026-05-03T12:43:17Z</time></trkpt>
      <trkpt lat="36.3623161" lon="101.5060662"><ele>3267.54</ele><time>2026-05-03T12:43:18Z</time></trkpt>
      <trkpt lat="36.3622972" lon="101.5062036"><ele>3266.93</ele><time>2026-05-03T12:43:19Z</time></trkpt>
      <trkpt lat="36.3622463" lon="101.5063345"><ele>3266.24</ele><time>2026-05-03T12:43:20Z</time></trkpt>
      <trkpt lat="36.3621732" lon="101.5064577"><ele>3265.66</ele><time>2026-05-03T12:43:21Z</time></trkpt>
      <trkpt lat="36.3620818" lon="101.5065887"><ele>3265.09</ele><time>2026-05-03T12:43:22Z</time></trkpt>
      <trkpt lat="36.3619934" lon="101.5067286"><ele>3264.58</ele><time>2026-05-03T12:43:23Z</time></trkpt>
      <trkpt lat="36.3617057" lon="101.5073968"><ele>3262.87</ele><time>2026-05-03T12:43:27Z</time></trkpt>
      <trkpt lat="36.3616657" lon="101.5075880"><ele>3262.48</ele><time>2026-05-03T12:43:28Z</time></trkpt>
      <trkpt lat="36.3616424" lon="101.5077859"><ele>3262.15</ele><time>2026-05-03T12:43:29Z</time></trkpt>
      <trkpt lat="36.3616367" lon="101.5079945"><ele>3261.72</ele><time>2026-05-03T12:43:30Z</time></trkpt>
      <trkpt lat="36.3616500" lon="101.5082101"><ele>3261.23</ele><time>2026-05-03T12:43:31Z</time></trkpt>
      <trkpt lat="36.3616786" lon="101.5084283"><ele>3260.69</ele><time>2026-05-03T12:43:32Z</time></trkpt>
      <trkpt lat="36.3617282" lon="101.5086469"><ele>3260.14</ele><time>2026-05-03T12:43:33Z</time></trkpt>
      <trkpt lat="36.3617910" lon="101.5088633"><ele>3259.48</ele><time>2026-05-03T12:43:34Z</time></trkpt>
      <trkpt lat="36.3618686" lon="101.5090804"><ele>3258.8</ele><time>2026-05-03T12:43:35Z</time></trkpt>
      <trkpt lat="36.3619583" lon="101.5092943"><ele>3258.03</ele><time>2026-05-03T12:43:36Z</time></trkpt>
      <trkpt lat="36.3620589" lon="101.5095041"><ele>3257.22</ele><time>2026-05-03T12:43:37Z</time></trkpt>
      <trkpt lat="36.3621709" lon="101.5097076"><ele>3256.44</ele><time>2026-05-03T12:43:38Z</time></trkpt>
      <trkpt lat="36.3622933" lon="101.5099069"><ele>3255.59</ele><time>2026-05-03T12:43:39Z</time></trkpt>
      <trkpt lat="36.3628712" lon="101.5106546"><ele>3251.98</ele><time>2026-05-03T12:43:43Z</time></trkpt>
      <trkpt lat="36.3633627" lon="101.5111705"><ele>3248.77</ele><time>2026-05-03T12:43:46Z</time></trkpt>
      <trkpt lat="36.3638875" lon="101.5116366"><ele>3245.21</ele><time>2026-05-03T12:43:49Z</time></trkpt>
      <trkpt lat="36.3644501" lon="101.5120398"><ele>3241.47</ele><time>2026-05-03T12:43:52Z</time></trkpt>
      <trkpt lat="36.3650380" lon="101.5123773"><ele>3237.59</ele><time>2026-05-03T12:43:55Z</time></trkpt>
      <trkpt lat="36.3656272" lon="101.5126702"><ele>3233.77</ele><time>2026-05-03T12:43:58Z</time></trkpt>
      <trkpt lat="36.3662002" lon="101.5129541"><ele>3230.17</ele><time>2026-05-03T12:44:01Z</time></trkpt>
      <trkpt lat="36.3665412" lon="101.5131930"><ele>3227.9</ele><time>2026-05-03T12:44:03Z</time></trkpt>
      <trkpt lat="36.3666929" lon="101.5133441"><ele>3226.78</ele><time>2026-05-03T12:44:04Z</time></trkpt>
      <trkpt lat="36.3668283" lon="101.5135243"><ele>3225.65</ele><time>2026-05-03T12:44:05Z</time></trkpt>
      <trkpt lat="36.3669464" lon="101.5137360"><ele>3224.44</ele><time>2026-05-03T12:44:06Z</time></trkpt>
      <trkpt lat="36.3670624" lon="101.5139568"><ele>3223.17</ele><time>2026-05-03T12:44:07Z</time></trkpt>
      <trkpt lat="36.3674147" lon="101.5146537"><ele>3219.15</ele><time>2026-05-03T12:44:10Z</time></trkpt>
      <trkpt lat="36.3677837" lon="101.5153658"><ele>3214.95</ele><time>2026-05-03T12:44:13Z</time></trkpt>
      <trkpt lat="36.3681994" lon="101.5160486"><ele>3210.62</ele><time>2026-05-03T12:44:16Z</time></trkpt>
      <trkpt lat="36.3686662" lon="101.5166952"><ele>3206.18</ele><time>2026-05-03T12:44:19Z</time></trkpt>
      <trkpt lat="36.3690110" lon="101.5170948"><ele>3203.1</ele><time>2026-05-03T12:44:21Z</time></trkpt>
      <trkpt lat="36.3695997" lon="101.5176869"><ele>3198.93</ele><time>2026-05-03T12:44:24Z</time></trkpt>
      <trkpt lat="36.3702693" lon="101.5183127"><ele>3195.62</ele><time>2026-05-03T12:44:27Z</time></trkpt>
      <trkpt lat="36.3711681" lon="101.5192353"><ele>3191.77</ele><time>2026-05-03T12:44:31Z</time></trkpt>
      <trkpt lat="36.3718299" lon="101.5199833"><ele>3187.73</ele><time>2026-05-03T12:44:34Z</time></trkpt>
      <trkpt lat="36.3724750" lon="101.5207278"><ele>3183.54</ele><time>2026-05-03T12:44:37Z</time></trkpt>
      <trkpt lat="36.3731080" lon="101.5214554"><ele>3179.36</ele><time>2026-05-03T12:44:40Z</time></trkpt>
      <trkpt lat="36.3736950" lon="101.5221639"><ele>3174.92</ele><time>2026-05-03T12:44:43Z</time></trkpt>
      <trkpt lat="36.3740555" lon="101.5226802"><ele>3171.29</ele><time>2026-05-03T12:44:45Z</time></trkpt>
      <trkpt lat="36.3743824" lon="101.5232304"><ele>3167.54</ele><time>2026-05-03T12:44:47Z</time></trkpt>
      <trkpt lat="36.3746736" lon="101.5238141"><ele>3163.75</ele><time>2026-05-03T12:44:49Z</time></trkpt>
      <trkpt lat="36.3749164" lon="101.5243953"><ele>3159.96</ele><time>2026-05-03T12:44:51Z</time></trkpt>
      <trkpt lat="36.3751002" lon="101.5249278"><ele>3156.09</ele><time>2026-05-03T12:44:53Z</time></trkpt>
      <trkpt lat="36.3752426" lon="101.5254151"><ele>3151.93</ele><time>2026-05-03T12:44:55Z</time></trkpt>
      <trkpt lat="36.3753568" lon="101.5258831"><ele>3147.61</ele><time>2026-05-03T12:44:57Z</time></trkpt>
      <trkpt lat="36.3754478" lon="101.5263558"><ele>3143.14</ele><time>2026-05-03T12:44:59Z</time></trkpt>
      <trkpt lat="36.3755193" lon="101.5268472"><ele>3139.01</ele><time>2026-05-03T12:45:01Z</time></trkpt>
      <trkpt lat="36.3755453" lon="101.5273371"><ele>3135.49</ele><time>2026-05-03T12:45:03Z</time></trkpt>
      <trkpt lat="36.3755323" lon="101.5280448"><ele>3131.39</ele><time>2026-05-03T12:45:06Z</time></trkpt>
      <trkpt lat="36.3755150" lon="101.5287568"><ele>3128.38</ele><time>2026-05-03T12:45:09Z</time></trkpt>
      <trkpt lat="36.3754992" lon="101.5300179"><ele>3124.77</ele><time>2026-05-03T12:45:14Z</time></trkpt>
      <trkpt lat="36.3755340" lon="101.5310536"><ele>3121.52</ele><time>2026-05-03T12:45:18Z</time></trkpt>
      <trkpt lat="36.3757117" lon="101.5318075"><ele>3118.22</ele><time>2026-05-03T12:45:21Z</time></trkpt>
      <trkpt lat="36.3760160" lon="101.5324653"><ele>3114.68</ele><time>2026-05-03T12:45:24Z</time></trkpt>
      <trkpt lat="36.3763907" lon="101.5330507"><ele>3110.7</ele><time>2026-05-03T12:45:27Z</time></trkpt>
      <trkpt lat="36.3766788" lon="101.5336777"><ele>3106.54</ele><time>2026-05-03T12:45:30Z</time></trkpt>
      <trkpt lat="36.3767396" lon="101.5338982"><ele>3105.09</ele><time>2026-05-03T12:45:31Z</time></trkpt>
      <trkpt lat="36.3768938" lon="101.5344877"><ele>3100.67</ele><time>2026-05-03T12:45:34Z</time></trkpt>
      <trkpt lat="36.3769600" lon="101.5346509"><ele>3099.12</ele><time>2026-05-03T12:45:35Z</time></trkpt>
      <trkpt lat="36.3770466" lon="101.5347928"><ele>3097.59</ele><time>2026-05-03T12:45:36Z</time></trkpt>
      <trkpt lat="36.3771668" lon="101.5349089"><ele>3096</ele><time>2026-05-03T12:45:37Z</time></trkpt>
      <trkpt lat="36.3773051" lon="101.5350117"><ele>3094.53</ele><time>2026-05-03T12:45:38Z</time></trkpt>
      <trkpt lat="36.3774677" lon="101.5351015"><ele>3093.14</ele><time>2026-05-03T12:45:39Z</time></trkpt>
      <trkpt lat="36.3776251" lon="101.5351917"><ele>3091.89</ele><time>2026-05-03T12:45:40Z</time></trkpt>
      <trkpt lat="36.3780612" lon="101.5355277"><ele>3089.15</ele><time>2026-05-03T12:45:43Z</time></trkpt>
      <trkpt lat="36.3781928" lon="101.5356754"><ele>3088.49</ele><time>2026-05-03T12:45:44Z</time></trkpt>
      <trkpt lat="36.3783089" lon="101.5358449"><ele>3087.92</ele><time>2026-05-03T12:45:45Z</time></trkpt>
      <trkpt lat="36.3784166" lon="101.5360319"><ele>3087.46</ele><time>2026-05-03T12:45:46Z</time></trkpt>
      <trkpt lat="36.3785155" lon="101.5362337"><ele>3087.05</ele><time>2026-05-03T12:45:47Z</time></trkpt>
      <trkpt lat="36.3786108" lon="101.5364492"><ele>3086.66</ele><time>2026-05-03T12:45:48Z</time></trkpt>
      <trkpt lat="36.3789418" lon="101.5373961"><ele>3085.69</ele><time>2026-05-03T12:45:52Z</time></trkpt>
      <trkpt lat="36.3792237" lon="101.5386614"><ele>3084.82</ele><time>2026-05-03T12:45:57Z</time></trkpt>
      <trkpt lat="36.3794278" lon="101.5395718"><ele>3083.4</ele><time>2026-05-03T12:46:01Z</time></trkpt>
      <trkpt lat="36.3796017" lon="101.5401523"><ele>3081.53</ele><time>2026-05-03T12:46:04Z</time></trkpt>
      <trkpt lat="36.3796768" lon="101.5403257"><ele>3080.81</ele><time>2026-05-03T12:46:05Z</time></trkpt>
      <trkpt lat="36.3797593" lon="101.5404811"><ele>3080</ele><time>2026-05-03T12:46:06Z</time></trkpt>
      <trkpt lat="36.3798542" lon="101.5406203"><ele>3079.17</ele><time>2026-05-03T12:46:07Z</time></trkpt>
      <trkpt lat="36.3799601" lon="101.5407479"><ele>3078.59</ele><time>2026-05-03T12:46:08Z</time></trkpt>
      <trkpt lat="36.3800752" lon="101.5408649"><ele>3077.86</ele><time>2026-05-03T12:46:09Z</time></trkpt>
      <trkpt lat="36.3801981" lon="101.5409675"><ele>3077.2</ele><time>2026-05-03T12:46:10Z</time></trkpt>
      <trkpt lat="36.3803302" lon="101.5410597"><ele>3076.61</ele><time>2026-05-03T12:46:11Z</time></trkpt>
      <trkpt lat="36.3804660" lon="101.5411441"><ele>3076.17</ele><time>2026-05-03T12:46:12Z</time></trkpt>
      <trkpt lat="36.3812160" lon="101.5416730"><ele>3074.28</ele><time>2026-05-03T12:46:18Z</time></trkpt>
      <trkpt lat="36.3813080" lon="101.5417834"><ele>3074.04</ele><time>2026-05-03T12:46:19Z</time></trkpt>
      <trkpt lat="36.3813936" lon="101.5419059"><ele>3073.68</ele><time>2026-05-03T12:46:20Z</time></trkpt>
      <trkpt lat="36.3814740" lon="101.5420355"><ele>3073.41</ele><time>2026-05-03T12:46:21Z</time></trkpt>
      <trkpt lat="36.3815495" lon="101.5421707"><ele>3073.07</ele><time>2026-05-03T12:46:22Z</time></trkpt>
      <trkpt lat="36.3819577" lon="101.5429124"><ele>3071.15</ele><time>2026-05-03T12:46:28Z</time></trkpt>
      <trkpt lat="36.3822129" lon="101.5432942"><ele>3069.42</ele><time>2026-05-03T12:46:33Z</time></trkpt>
      <trkpt lat="36.3824317" lon="101.5435751"><ele>3067.99</ele><time>2026-05-03T12:46:38Z</time></trkpt>
      <trkpt lat="36.3824704" lon="101.5436081"><ele>3067.75</ele><time>2026-05-03T12:46:39Z</time></trkpt>
      <trkpt lat="36.3825124" lon="101.5436343"><ele>3067.59</ele><time>2026-05-03T12:46:40Z</time></trkpt>
      <trkpt lat="36.3828307" lon="101.5438228"><ele>3066.84</ele><time>2026-05-03T12:46:45Z</time></trkpt>
      <trkpt lat="36.3829086" lon="101.5438889"><ele>3066.72</ele><time>2026-05-03T12:46:46Z</time></trkpt>
      <trkpt lat="36.3832491" lon="101.5442720"><ele>3066.57</ele><time>2026-05-03T12:46:50Z</time></trkpt>
      <trkpt lat="36.3837372" lon="101.5449710"><ele>3066.46</ele><time>2026-05-03T12:46:55Z</time></trkpt>
      <trkpt lat="36.3844956" lon="101.5460454"><ele>3065.7</ele><time>2026-05-03T12:47:02Z</time></trkpt>
      <trkpt lat="36.3845898" lon="101.5462205"><ele>3065.32</ele><time>2026-05-03T12:47:03Z</time></trkpt>
      <trkpt lat="36.3846684" lon="101.5464107"><ele>3064.88</ele><time>2026-05-03T12:47:04Z</time></trkpt>
      <trkpt lat="36.3847299" lon="101.5466110"><ele>3064.37</ele><time>2026-05-03T12:47:05Z</time></trkpt>
      <trkpt lat="36.3847770" lon="101.5468213"><ele>3063.68</ele><time>2026-05-03T12:47:06Z</time></trkpt>
      <trkpt lat="36.3848143" lon="101.5470373"><ele>3062.89</ele><time>2026-05-03T12:47:07Z</time></trkpt>
      <trkpt lat="36.3849662" lon="101.5478973"><ele>3059.4</ele><time>2026-05-03T12:47:11Z</time></trkpt>
      <trkpt lat="36.3851971" lon="101.5487413"><ele>3055.53</ele><time>2026-05-03T12:47:15Z</time></trkpt>
      <trkpt lat="36.3854474" lon="101.5493713"><ele>3052.48</ele><time>2026-05-03T12:47:18Z</time></trkpt>
      <trkpt lat="36.3858726" lon="101.5501788"><ele>3048.55</ele><time>2026-05-03T12:47:22Z</time></trkpt>
      <trkpt lat="36.3862360" lon="101.5507614"><ele>3045.38</ele><time>2026-05-03T12:47:25Z</time></trkpt>
      <trkpt lat="36.3866053" lon="101.5513469"><ele>3042.14</ele><time>2026-05-03T12:47:28Z</time></trkpt>
      <trkpt lat="36.3869736" lon="101.5519299"><ele>3038.86</ele><time>2026-05-03T12:47:31Z</time></trkpt>
      <trkpt lat="36.3873352" lon="101.5525065"><ele>3035.69</ele><time>2026-05-03T12:47:34Z</time></trkpt>
      <trkpt lat="36.3878112" lon="101.5532586"><ele>3032.01</ele><time>2026-05-03T12:47:38Z</time></trkpt>
      <trkpt lat="36.3882534" lon="101.5539856"><ele>3028.55</ele><time>2026-05-03T12:47:42Z</time></trkpt>
      <trkpt lat="36.3885053" lon="101.5545969"><ele>3025.7</ele><time>2026-05-03T12:47:45Z</time></trkpt>
      <trkpt lat="36.3885575" lon="101.5548192"><ele>3024.61</ele><time>2026-05-03T12:47:46Z</time></trkpt>
      <trkpt lat="36.3885986" lon="101.5550404"><ele>3023.57</ele><time>2026-05-03T12:47:47Z</time></trkpt>
      <trkpt lat="36.3887095" lon="101.5556625"><ele>3020.24</ele><time>2026-05-03T12:47:50Z</time></trkpt>
      <trkpt lat="36.3888223" lon="101.5560378"><ele>3017.81</ele><time>2026-05-03T12:47:52Z</time></trkpt>
      <trkpt lat="36.3889054" lon="101.5562207"><ele>3016.6</ele><time>2026-05-03T12:47:53Z</time></trkpt>
      <trkpt lat="36.3890053" lon="101.5564004"><ele>3015.38</ele><time>2026-05-03T12:47:54Z</time></trkpt>
      <trkpt lat="36.3891213" lon="101.5565727"><ele>3014.2</ele><time>2026-05-03T12:47:55Z</time></trkpt>
      <trkpt lat="36.3892534" lon="101.5567347"><ele>3013.02</ele><time>2026-05-03T12:47:56Z</time></trkpt>
      <trkpt lat="36.3893907" lon="101.5568912"><ele>3011.93</ele><time>2026-05-03T12:47:57Z</time></trkpt>
      <trkpt lat="36.3898241" lon="101.5573119"><ele>3008.57</ele><time>2026-05-03T12:48:00Z</time></trkpt>
      <trkpt lat="36.3902938" lon="101.5576579"><ele>3005.25</ele><time>2026-05-03T12:48:03Z</time></trkpt>
      <trkpt lat="36.3907526" lon="101.5579971"><ele>3002.05</ele><time>2026-05-03T12:48:06Z</time></trkpt>
      <trkpt lat="36.3910110" lon="101.5582778"><ele>3000.34</ele><time>2026-05-03T12:48:08Z</time></trkpt>
      <trkpt lat="36.3911203" lon="101.5584405"><ele>2999.44</ele><time>2026-05-03T12:48:09Z</time></trkpt>
      <trkpt lat="36.3912130" lon="101.5586192"><ele>2998.6</ele><time>2026-05-03T12:48:10Z</time></trkpt>
      <trkpt lat="36.3912853" lon="101.5588114"><ele>2997.79</ele><time>2026-05-03T12:48:11Z</time></trkpt>
      <trkpt lat="36.3913409" lon="101.5590132"><ele>2996.96</ele><time>2026-05-03T12:48:12Z</time></trkpt>
      <trkpt lat="36.3913735" lon="101.5592228"><ele>2996.12</ele><time>2026-05-03T12:48:13Z</time></trkpt>
      <trkpt lat="36.3913814" lon="101.5594351"><ele>2995.27</ele><time>2026-05-03T12:48:14Z</time></trkpt>
      <trkpt lat="36.3913801" lon="101.5596455"><ele>2994.48</ele><time>2026-05-03T12:48:15Z</time></trkpt>
      <trkpt lat="36.3913804" lon="101.5598532"><ele>2993.64</ele><time>2026-05-03T12:48:16Z</time></trkpt>
      <trkpt lat="36.3914072" lon="101.5602489"><ele>2991.73</ele><time>2026-05-03T12:48:18Z</time></trkpt>
      <trkpt lat="36.3914447" lon="101.5604375"><ele>2990.68</ele><time>2026-05-03T12:48:19Z</time></trkpt>
      <trkpt lat="36.3915010" lon="101.5606172"><ele>2989.6</ele><time>2026-05-03T12:48:20Z</time></trkpt>
      <trkpt lat="36.3915762" lon="101.5607872"><ele>2988.49</ele><time>2026-05-03T12:48:21Z</time></trkpt>
      <trkpt lat="36.3916676" lon="101.5609497"><ele>2987.36</ele><time>2026-05-03T12:48:22Z</time></trkpt>
      <trkpt lat="36.3917745" lon="101.5611015"><ele>2986.21</ele><time>2026-05-03T12:48:23Z</time></trkpt>
      <trkpt lat="36.3918911" lon="101.5612476"><ele>2985.06</ele><time>2026-05-03T12:48:24Z</time></trkpt>
      <trkpt lat="36.3922486" lon="101.5616895"><ele>2981.56</ele><time>2026-05-03T12:48:27Z</time></trkpt>
      <trkpt lat="36.3926159" lon="101.5621480"><ele>2978.21</ele><time>2026-05-03T12:48:30Z</time></trkpt>
      <trkpt lat="36.3928359" lon="101.5624788"><ele>2976.08</ele><time>2026-05-03T12:48:32Z</time></trkpt>
      <trkpt lat="36.3929300" lon="101.5626639"><ele>2975.1</ele><time>2026-05-03T12:48:33Z</time></trkpt>
      <trkpt lat="36.3930089" lon="101.5628634"><ele>2974.24</ele><time>2026-05-03T12:48:34Z</time></trkpt>
      <trkpt lat="36.3930710" lon="101.5630737"><ele>2973.44</ele><time>2026-05-03T12:48:35Z</time></trkpt>
      <trkpt lat="36.3931198" lon="101.5632942"><ele>2972.61</ele><time>2026-05-03T12:48:36Z</time></trkpt>
      <trkpt lat="36.3931631" lon="101.5635209"><ele>2971.82</ele><time>2026-05-03T12:48:37Z</time></trkpt>
      <trkpt lat="36.3933358" lon="101.5644555"><ele>2968.41</ele><time>2026-05-03T12:48:41Z</time></trkpt>
      <trkpt lat="36.3935621" lon="101.5653407"><ele>2964.24</ele><time>2026-05-03T12:48:45Z</time></trkpt>
      <trkpt lat="36.3938351" lon="101.5659278"><ele>2960.42</ele><time>2026-05-03T12:48:48Z</time></trkpt>
      <trkpt lat="36.3941103" lon="101.5665345"><ele>2956.91</ele><time>2026-05-03T12:48:51Z</time></trkpt>
      <trkpt lat="36.3941765" lon="101.5667507"><ele>2955.91</ele><time>2026-05-03T12:48:52Z</time></trkpt>
      <trkpt lat="36.3942246" lon="101.5669725"><ele>2954.93</ele><time>2026-05-03T12:48:53Z</time></trkpt>
      <trkpt lat="36.3942528" lon="101.5672000"><ele>2954.05</ele><time>2026-05-03T12:48:54Z</time></trkpt>
      <trkpt lat="36.3942620" lon="101.5674321"><ele>2953.13</ele><time>2026-05-03T12:48:55Z</time></trkpt>
      <trkpt lat="36.3942528" lon="101.5676682"><ele>2952.26</ele><time>2026-05-03T12:48:56Z</time></trkpt>
      <trkpt lat="36.3942315" lon="101.5679043"><ele>2951.39</ele><time>2026-05-03T12:48:57Z</time></trkpt>
      <trkpt lat="36.3942158" lon="101.5685956"><ele>2948.52</ele><time>2026-05-03T12:49:00Z</time></trkpt>
      <trkpt lat="36.3942442" lon="101.5688225"><ele>2947.5</ele><time>2026-05-03T12:49:01Z</time></trkpt>
      <trkpt lat="36.3942911" lon="101.5690481"><ele>2946.49</ele><time>2026-05-03T12:49:02Z</time></trkpt>
      <trkpt lat="36.3943563" lon="101.5692705"><ele>2945.4</ele><time>2026-05-03T12:49:03Z</time></trkpt>
      <trkpt lat="36.3944400" lon="101.5694891"><ele>2944.37</ele><time>2026-05-03T12:49:04Z</time></trkpt>
      <trkpt lat="36.3945288" lon="101.5697077"><ele>2943.23</ele><time>2026-05-03T12:49:05Z</time></trkpt>
      <trkpt lat="36.3947992" lon="101.5703724"><ele>2939.91</ele><time>2026-05-03T12:49:08Z</time></trkpt>
      <trkpt lat="36.3950743" lon="101.5710552"><ele>2936.29</ele><time>2026-05-03T12:49:11Z</time></trkpt>
      <trkpt lat="36.3953586" lon="101.5717508"><ele>2932.56</ele><time>2026-05-03T12:49:14Z</time></trkpt>
      <trkpt lat="36.3956411" lon="101.5724614"><ele>2928.65</ele><time>2026-05-03T12:49:17Z</time></trkpt>
      <trkpt lat="36.3959279" lon="101.5731679"><ele>2924.75</ele><time>2026-05-03T12:49:20Z</time></trkpt>
      <trkpt lat="36.3962083" lon="101.5738729"><ele>2920.88</ele><time>2026-05-03T12:49:23Z</time></trkpt>
      <trkpt lat="36.3964822" lon="101.5745636"><ele>2917.25</ele><time>2026-05-03T12:49:26Z</time></trkpt>
      <trkpt lat="36.3967498" lon="101.5752241"><ele>2913.94</ele><time>2026-05-03T12:49:29Z</time></trkpt>
      <trkpt lat="36.3970530" lon="101.5758450"><ele>2910.72</ele><time>2026-05-03T12:49:32Z</time></trkpt>
      <trkpt lat="36.3974405" lon="101.5763637"><ele>2907.84</ele><time>2026-05-03T12:49:35Z</time></trkpt>
      <trkpt lat="36.3975913" lon="101.5765097"><ele>2906.96</ele><time>2026-05-03T12:49:36Z</time></trkpt>
      <trkpt lat="36.3977480" lon="101.5766419"><ele>2906.1</ele><time>2026-05-03T12:49:37Z</time></trkpt>
      <trkpt lat="36.3979129" lon="101.5767616"><ele>2905.2</ele><time>2026-05-03T12:49:38Z</time></trkpt>
      <trkpt lat="36.3980868" lon="101.5768700"><ele>2904.43</ele><time>2026-05-03T12:49:39Z</time></trkpt>
      <trkpt lat="36.3988158" lon="101.5772511"><ele>2901.36</ele><time>2026-05-03T12:49:43Z</time></trkpt>
      <trkpt lat="36.3997709" lon="101.5777201"><ele>2897.7</ele><time>2026-05-03T12:49:48Z</time></trkpt>
      <trkpt lat="36.4005444" lon="101.5781238"><ele>2894.65</ele><time>2026-05-03T12:49:52Z</time></trkpt>
      <trkpt lat="36.4013389" lon="101.5785784"><ele>2891.57</ele><time>2026-05-03T12:49:56Z</time></trkpt>
      <trkpt lat="36.4021617" lon="101.5790910"><ele>2888.54</ele><time>2026-05-03T12:50:00Z</time></trkpt>
      <trkpt lat="36.4031810" lon="101.5797280"><ele>2885.17</ele><time>2026-05-03T12:50:05Z</time></trkpt>
      <trkpt lat="36.4039349" lon="101.5801978"><ele>2881.98</ele><time>2026-05-03T12:50:09Z</time></trkpt>
      <trkpt lat="36.4046978" lon="101.5806705"><ele>2878.57</ele><time>2026-05-03T12:50:13Z</time></trkpt>
      <trkpt lat="36.4054691" lon="101.5811547"><ele>2875.21</ele><time>2026-05-03T12:50:17Z</time></trkpt>
      <trkpt lat="36.4062346" lon="101.5816328"><ele>2872.1</ele><time>2026-05-03T12:50:21Z</time></trkpt>
      <trkpt lat="36.4071677" lon="101.5822161"><ele>2868.42</ele><time>2026-05-03T12:50:26Z</time></trkpt>
      <trkpt lat="36.4079189" lon="101.5826731"><ele>2865.35</ele><time>2026-05-03T12:50:30Z</time></trkpt>
      <trkpt lat="36.4087127" lon="101.5830620"><ele>2862.18</ele><time>2026-05-03T12:50:34Z</time></trkpt>
      <trkpt lat="36.4097630" lon="101.5834323"><ele>2858.6</ele><time>2026-05-03T12:50:39Z</time></trkpt>
      <trkpt lat="36.4107995" lon="101.5837738"><ele>2854.95</ele><time>2026-05-03T12:50:44Z</time></trkpt>
      <trkpt lat="36.4118106" lon="101.5841303"><ele>2851.25</ele><time>2026-05-03T12:50:49Z</time></trkpt>
      <trkpt lat="36.4127787" lon="101.5844648"><ele>2847.58</ele><time>2026-05-03T12:50:54Z</time></trkpt>
      <trkpt lat="36.4134346" lon="101.5846851"><ele>2844.55</ele><time>2026-05-03T12:50:58Z</time></trkpt>
      <trkpt lat="36.4140719" lon="101.5849078"><ele>2841.21</ele><time>2026-05-03T12:51:02Z</time></trkpt>
      <trkpt lat="36.4151361" lon="101.5853221"><ele>2837.79</ele><time>2026-05-03T12:51:08Z</time></trkpt>
      <trkpt lat="36.4159703" lon="101.5857878"><ele>2835.24</ele><time>2026-05-03T12:51:13Z</time></trkpt>
      <trkpt lat="36.4168937" lon="101.5865037"><ele>2832.12</ele><time>2026-05-03T12:51:19Z</time></trkpt>
      <trkpt lat="36.4176362" lon="101.5871520"><ele>2828.87</ele><time>2026-05-03T12:51:24Z</time></trkpt>
      <trkpt lat="36.4183873" lon="101.5878033"><ele>2825.62</ele><time>2026-05-03T12:51:29Z</time></trkpt>
      <trkpt lat="36.4191608" lon="101.5884691"><ele>2822.3</ele><time>2026-05-03T12:51:34Z</time></trkpt>
      <trkpt lat="36.4199409" lon="101.5891429"><ele>2818.83</ele><time>2026-05-03T12:51:39Z</time></trkpt>
      <trkpt lat="36.4207758" lon="101.5897476"><ele>2815.38</ele><time>2026-05-03T12:51:44Z</time></trkpt>
      <trkpt lat="36.4216451" lon="101.5901723"><ele>2812.21</ele><time>2026-05-03T12:51:49Z</time></trkpt>
      <trkpt lat="36.4225620" lon="101.5904634"><ele>2808.95</ele><time>2026-05-03T12:51:54Z</time></trkpt>
      <trkpt lat="36.4235223" lon="101.5905831"><ele>2806.48</ele><time>2026-05-03T12:51:59Z</time></trkpt>
      <trkpt lat="36.4245344" lon="101.5905442"><ele>2803.73</ele><time>2026-05-03T12:52:04Z</time></trkpt>
      <trkpt lat="36.4257869" lon="101.5905574"><ele>2800.15</ele><time>2026-05-03T12:52:10Z</time></trkpt>
      <trkpt lat="36.4266241" lon="101.5907641"><ele>2797.61</ele><time>2026-05-03T12:52:14Z</time></trkpt>
      <trkpt lat="36.4272816" lon="101.5910214"><ele>2795.02</ele><time>2026-05-03T12:52:18Z</time></trkpt>
      <trkpt lat="36.4276326" lon="101.5911804"><ele>2792.73</ele><time>2026-05-03T12:52:21Z</time></trkpt>
      <trkpt lat="36.4279928" lon="101.5913491"><ele>2789.71</ele><time>2026-05-03T12:52:25Z</time></trkpt>
      <trkpt lat="36.4286515" lon="101.5916504"><ele>2786.38</ele><time>2026-05-03T12:52:31Z</time></trkpt>
      <trkpt lat="36.4294376" lon="101.5920102"><ele>2784.06</ele><time>2026-05-03T12:52:37Z</time></trkpt>
      <trkpt lat="36.4303927" lon="101.5924373"><ele>2782.09</ele><time>2026-05-03T12:52:43Z</time></trkpt>
      <trkpt lat="36.4315219" lon="101.5929517"><ele>2778.65</ele><time>2026-05-03T12:52:50Z</time></trkpt>
      <trkpt lat="36.4325229" lon="101.5934280"><ele>2775.25</ele><time>2026-05-03T12:52:56Z</time></trkpt>
      <trkpt lat="36.4334484" lon="101.5940159"><ele>2771.89</ele><time>2026-05-03T12:53:02Z</time></trkpt>
      <trkpt lat="36.4342634" lon="101.5947088"><ele>2768.47</ele><time>2026-05-03T12:53:08Z</time></trkpt>
      <trkpt lat="36.4345978" lon="101.5950793"><ele>2766</ele><time>2026-05-03T12:53:12Z</time></trkpt>
      <trkpt lat="36.4348429" lon="101.5953808"><ele>2762.89</ele><time>2026-05-03T12:53:17Z</time></trkpt>
      <trkpt lat="36.4351458" lon="101.5957419"><ele>2759.73</ele><time>2026-05-03T12:53:25Z</time></trkpt>
      <trkpt lat="36.4353593" lon="101.5960153"><ele>2758.39</ele><time>2026-05-03T12:53:31Z</time></trkpt>
      <trkpt lat="36.4356249" lon="101.5963251"><ele>2757.81</ele><time>2026-05-03T12:53:35Z</time></trkpt>
      <trkpt lat="36.4361116" lon="101.5968701"><ele>2757.09</ele><time>2026-05-03T12:53:40Z</time></trkpt>
      <trkpt lat="36.4368386" lon="101.5975995"><ele>2756.02</ele><time>2026-05-03T12:53:46Z</time></trkpt>
      <trkpt lat="36.4376961" lon="101.5982818"><ele>2753.97</ele><time>2026-05-03T12:53:52Z</time></trkpt>
      <trkpt lat="36.4386771" lon="101.5988357"><ele>2751.47</ele><time>2026-05-03T12:53:58Z</time></trkpt>
      <trkpt lat="36.4397683" lon="101.5992852"><ele>2748.54</ele><time>2026-05-03T12:54:04Z</time></trkpt>
      <trkpt lat="36.4411308" lon="101.5998063"><ele>2745.07</ele><time>2026-05-03T12:54:11Z</time></trkpt>
      <trkpt lat="36.4423217" lon="101.6002574"><ele>2741.76</ele><time>2026-05-03T12:54:17Z</time></trkpt>
      <trkpt lat="36.4435517" lon="101.6007288"><ele>2738.25</ele><time>2026-05-03T12:54:23Z</time></trkpt>
      <trkpt lat="36.4447747" lon="101.6012027"><ele>2734.9</ele><time>2026-05-03T12:54:29Z</time></trkpt>
      <trkpt lat="36.4459668" lon="101.6016665"><ele>2731.36</ele><time>2026-05-03T12:54:35Z</time></trkpt>
      <trkpt lat="36.4469219" lon="101.6020817"><ele>2728.24</ele><time>2026-05-03T12:54:40Z</time></trkpt>
      <trkpt lat="36.4478526" lon="101.6025163"><ele>2725.02</ele><time>2026-05-03T12:54:45Z</time></trkpt>
      <trkpt lat="36.4489348" lon="101.6030826"><ele>2721.45</ele><time>2026-05-03T12:54:51Z</time></trkpt>
      <trkpt lat="36.4497275" lon="101.6035123"><ele>2718.31</ele><time>2026-05-03T12:54:56Z</time></trkpt>
      <trkpt lat="36.4500279" lon="101.6036715"><ele>2716.16</ele><time>2026-05-03T12:54:59Z</time></trkpt>
      <trkpt lat="36.4501708" lon="101.6037466"><ele>2713.91</ele><time>2026-05-03T12:55:02Z</time></trkpt>
      <trkpt lat="36.4502921" lon="101.6038133"><ele>2710.64</ele><time>2026-05-03T12:55:07Z</time></trkpt>
      <trkpt lat="36.4503776" lon="101.6038585"><ele>2708.16</ele><time>2026-05-03T12:55:15Z</time></trkpt>
      <trkpt lat="36.4504407" lon="101.6038975"><ele>2707.16</ele><time>2026-05-03T12:55:24Z</time></trkpt>
      <trkpt lat="36.4504588" lon="101.6039078"><ele>2707.03</ele><time>2026-05-03T12:55:26Z</time></trkpt>
      <trkpt lat="36.4504920" lon="101.6039249"><ele>2706.92</ele><time>2026-05-03T12:55:28Z</time></trkpt>
      <trkpt lat="36.4506869" lon="101.6040281"><ele>2706.41</ele><time>2026-05-03T12:55:37Z</time></trkpt>
      <trkpt lat="36.4508762" lon="101.6041254"><ele>2706.02</ele><time>2026-05-03T12:55:42Z</time></trkpt>
      <trkpt lat="36.4513037" lon="101.6043336"><ele>2705.18</ele><time>2026-05-03T12:55:50Z</time></trkpt>
      <trkpt lat="36.4516901" lon="101.6045113"><ele>2704.1</ele><time>2026-05-03T12:55:57Z</time></trkpt>
      <trkpt lat="36.4518892" lon="101.6046074"><ele>2702.44</ele><time>2026-05-03T12:56:05Z</time></trkpt>
      <trkpt lat="36.4520252" lon="101.6046640"><ele>2701.51</ele><time>2026-05-03T12:56:12Z</time></trkpt>
      <trkpt lat="36.4522616" lon="101.6047759"><ele>2700.88</ele><time>2026-05-03T12:56:20Z</time></trkpt>
      <trkpt lat="36.4522668" lon="101.6047780"><ele>2700.18</ele><time>2026-05-03T12:56:25Z</time></trkpt>
    </trkseg>
    <trkseg>
      <trkpt lat="36.4523878" lon="101.6048256"><ele>2699.89</ele><time>2026-05-03T12:57:06Z</time></trkpt>
      <trkpt lat="36.4527376" lon="101.6049820"><ele>2699.8</ele><time>2026-05-03T12:57:12Z</time></trkpt>
      <trkpt lat="36.4528148" lon="101.6050142"><ele>2699.37</ele><time>2026-05-03T12:57:16Z</time></trkpt>
      <trkpt lat="36.4529182" lon="101.6050672"><ele>2698.33</ele><time>2026-05-03T12:57:26Z</time></trkpt>
      <trkpt lat="36.4531797" lon="101.6051940"><ele>2697.9</ele><time>2026-05-03T12:57:34Z</time></trkpt>
      <trkpt lat="36.4534534" lon="101.6053225"><ele>2697.5</ele><time>2026-05-03T12:57:39Z</time></trkpt>
      <trkpt lat="36.4536286" lon="101.6053924"><ele>2697.09</ele><time>2026-05-03T12:57:43Z</time></trkpt>
      <trkpt lat="36.4536304" lon="101.6053941"><ele>2696.41</ele><time>2026-05-03T12:57:47Z</time></trkpt>
    </trkseg>
    <trkseg>
      <trkpt lat="36.4538595" lon="101.6054676"><ele>2696.05</ele><time>2026-05-03T12:58:57Z</time></trkpt>
      <trkpt lat="36.4539612" lon="101.6055026"><ele>2696.05</ele><time>2026-05-03T12:58:58Z</time></trkpt>
      <trkpt lat="36.4544874" lon="101.6056989"><ele>2696.09</ele><time>2026-05-03T12:59:02Z</time></trkpt>
      <trkpt lat="36.4551654" lon="101.6059501"><ele>2696.15</ele><time>2026-05-03T12:59:06Z</time></trkpt>
      <trkpt lat="36.4567186" lon="101.6066019"><ele>2694.89</ele><time>2026-05-03T12:59:15Z</time></trkpt>
      <trkpt lat="36.4578140" lon="101.6071018"><ele>2691.63</ele><time>2026-05-03T12:59:22Z</time></trkpt>
      <trkpt lat="36.4590152" lon="101.6077140"><ele>2688.21</ele><time>2026-05-03T12:59:30Z</time></trkpt>
      <trkpt lat="36.4600509" lon="101.6082715"><ele>2684.78</ele><time>2026-05-03T12:59:37Z</time></trkpt>
      <trkpt lat="36.4610623" lon="101.6087857"><ele>2681.42</ele><time>2026-05-03T12:59:44Z</time></trkpt>
      <trkpt lat="36.4620887" lon="101.6092977"><ele>2678.3</ele><time>2026-05-03T12:59:51Z</time></trkpt>
      <trkpt lat="36.4630880" lon="101.6098049"><ele>2675.27</ele><time>2026-05-03T12:59:58Z</time></trkpt>
      <trkpt lat="36.4642258" lon="101.6103516"><ele>2671.97</ele><time>2026-05-03T13:00:06Z</time></trkpt>
      <trkpt lat="36.4653668" lon="101.6108380"><ele>2668.81</ele><time>2026-05-03T13:00:14Z</time></trkpt>
      <trkpt lat="36.4664601" lon="101.6113167"><ele>2665.67</ele><time>2026-05-03T13:00:22Z</time></trkpt>
      <trkpt lat="36.4675986" lon="101.6118945"><ele>2662.4</ele><time>2026-05-03T13:00:30Z</time></trkpt>
      <trkpt lat="36.4687530" lon="101.6124853"><ele>2659.35</ele><time>2026-05-03T13:00:38Z</time></trkpt>
      <trkpt lat="36.4701044" lon="101.6130683"><ele>2656.14</ele><time>2026-05-03T13:00:47Z</time></trkpt>
      <trkpt lat="36.4715090" lon="101.6136913"><ele>2652.73</ele><time>2026-05-03T13:00:56Z</time></trkpt>
      <trkpt lat="36.4727773" lon="101.6144103"><ele>2649.75</ele><time>2026-05-03T13:01:04Z</time></trkpt>
      <trkpt lat="36.4739092" lon="101.6151667"><ele>2647.09</ele><time>2026-05-03T13:01:11Z</time></trkpt>
      <trkpt lat="36.4753181" lon="101.6160830"><ele>2643.9</ele><time>2026-05-03T13:01:19Z</time></trkpt>
      <trkpt lat="36.4765945" lon="101.6168161"><ele>2640.86</ele><time>2026-05-03T13:01:26Z</time></trkpt>
      <trkpt lat="36.4776404" lon="101.6174249"><ele>2637.57</ele><time>2026-05-03T13:01:32Z</time></trkpt>
      <trkpt lat="36.4786329" lon="101.6179771"><ele>2634.23</ele><time>2026-05-03T13:01:38Z</time></trkpt>
      <trkpt lat="36.4795794" lon="101.6183913"><ele>2631.63</ele><time>2026-05-03T13:01:44Z</time></trkpt>
      <trkpt lat="36.4803642" lon="101.6185126"><ele>2630.15</ele><time>2026-05-03T13:01:49Z</time></trkpt>
      <trkpt lat="36.4810282" lon="101.6184540"><ele>2629.1</ele><time>2026-05-03T13:01:53Z</time></trkpt>
      <trkpt lat="36.4817073" lon="101.6182437"><ele>2628.04</ele><time>2026-05-03T13:01:57Z</time></trkpt>
      <trkpt lat="36.4830876" lon="101.6176372"><ele>2625.31</ele><time>2026-05-03T13:02:05Z</time></trkpt>
      <trkpt lat="36.4842947" lon="101.6171092"><ele>2622.15</ele><time>2026-05-03T13:02:12Z</time></trkpt>
      <trkpt lat="36.4853884" lon="101.6166300"><ele>2619.7</ele><time>2026-05-03T13:02:18Z</time></trkpt>
      <trkpt lat="36.4867646" lon="101.6161079"><ele>2617.26</ele><time>2026-05-03T13:02:25Z</time></trkpt>
      <trkpt lat="36.4880042" lon="101.6158122"><ele>2615.18</ele><time>2026-05-03T13:02:31Z</time></trkpt>
      <trkpt lat="36.4894795" lon="101.6156327"><ele>2612.75</ele><time>2026-05-03T13:02:38Z</time></trkpt>
      <trkpt lat="36.4907523" lon="101.6156272"><ele>2611.35</ele><time>2026-05-03T13:02:44Z</time></trkpt>
      <trkpt lat="36.4920308" lon="101.6157650"><ele>2610.42</ele><time>2026-05-03T13:02:50Z</time></trkpt>
      <trkpt lat="36.4934889" lon="101.6161049"><ele>2609.42</ele><time>2026-05-03T13:02:57Z</time></trkpt>
      <trkpt lat="36.4951149" lon="101.6166981"><ele>2608.45</ele><time>2026-05-03T13:03:05Z</time></trkpt>
      <trkpt lat="36.4969804" lon="101.6174885"><ele>2607.21</ele><time>2026-05-03T13:03:14Z</time></trkpt>
      <trkpt lat="36.4989357" lon="101.6183314"><ele>2606.28</ele><time>2026-05-03T13:03:23Z</time></trkpt>
      <trkpt lat="36.5010563" lon="101.6192431"><ele>2602.86</ele><time>2026-05-03T13:03:33Z</time></trkpt>
      <trkpt lat="36.5022789" lon="101.6197812"><ele>2599.65</ele><time>2026-05-03T13:03:39Z</time></trkpt>
      <trkpt lat="36.5034880" lon="101.6203551"><ele>2596.31</ele><time>2026-05-03T13:03:45Z</time></trkpt>
      <trkpt lat="36.5045780" lon="101.6208905"><ele>2593.18</ele><time>2026-05-03T13:03:51Z</time></trkpt>
      <trkpt lat="36.5054709" lon="101.6213681"><ele>2590.16</ele><time>2026-05-03T13:03:56Z</time></trkpt>
      <trkpt lat="36.5067882" lon="101.6221305"><ele>2587.52</ele><time>2026-05-03T13:04:03Z</time></trkpt>
      <trkpt lat="36.5082859" lon="101.6229669"><ele>2584.56</ele><time>2026-05-03T13:04:11Z</time></trkpt>
      <trkpt lat="36.5101344" lon="101.6241502"><ele>2581.72</ele><time>2026-05-03T13:04:21Z</time></trkpt>
      <trkpt lat="36.5120086" lon="101.6254383"><ele>2580.02</ele><time>2026-05-03T13:04:31Z</time></trkpt>
      <trkpt lat="36.5138886" lon="101.6268375"><ele>2577.38</ele><time>2026-05-03T13:04:41Z</time></trkpt>
      <trkpt lat="36.5151991" lon="101.6278808"><ele>2574.14</ele><time>2026-05-03T13:04:48Z</time></trkpt>
      <trkpt lat="36.5165708" lon="101.6290287"><ele>2570.7</ele><time>2026-05-03T13:04:55Z</time></trkpt>
      <trkpt lat="36.5181001" lon="101.6303807"><ele>2567.32</ele><time>2026-05-03T13:05:03Z</time></trkpt>
      <trkpt lat="36.5193324" lon="101.6315782"><ele>2563.99</ele><time>2026-05-03T13:05:10Z</time></trkpt>
      <trkpt lat="36.5201011" lon="101.6323574"><ele>2561.61</ele><time>2026-05-03T13:05:15Z</time></trkpt>
      <trkpt lat="36.5210522" lon="101.6333768"><ele>2558.26</ele><time>2026-05-03T13:05:22Z</time></trkpt>
      <trkpt lat="36.5216487" lon="101.6340088"><ele>2556.11</ele><time>2026-05-03T13:05:27Z</time></trkpt>
      <trkpt lat="36.5222150" lon="101.6348431"><ele>2553.86</ele><time>2026-05-03T13:05:33Z</time></trkpt>
      <trkpt lat="36.5227481" lon="101.6357399"><ele>2550.97</ele><time>2026-05-03T13:05:40Z</time></trkpt>
      <trkpt lat="36.5231748" lon="101.6363217"><ele>2548.51</ele><time>2026-05-03T13:05:46Z</time></trkpt>
      <trkpt lat="36.5234936" lon="101.6366858"><ele>2546.75</ele><time>2026-05-03T13:05:51Z</time></trkpt>
      <trkpt lat="36.5239163" lon="101.6371356"><ele>2545.38</ele><time>2026-05-03T13:05:56Z</time></trkpt>
      <trkpt lat="36.5245705" lon="101.6376551"><ele>2544.61</ele><time>2026-05-03T13:06:01Z</time></trkpt>
      <trkpt lat="36.5256080" lon="101.6384653"><ele>2544.08</ele><time>2026-05-03T13:06:08Z</time></trkpt>
      <trkpt lat="36.5263411" lon="101.6392559"><ele>2543.54</ele><time>2026-05-03T13:06:13Z</time></trkpt>
      <trkpt lat="36.5275941" lon="101.6406798"><ele>2542.55</ele><time>2026-05-03T13:06:21Z</time></trkpt>
      <trkpt lat="36.5295497" lon="101.6429149"><ele>2539.64</ele><time>2026-05-03T13:06:33Z</time></trkpt>
      <trkpt lat="36.5310342" lon="101.6446160"><ele>2536.36</ele><time>2026-05-03T13:06:42Z</time></trkpt>
      <trkpt lat="36.5323536" lon="101.6461270"><ele>2533.28</ele><time>2026-05-03T13:06:50Z</time></trkpt>
      <trkpt lat="36.5334803" lon="101.6474171"><ele>2530.22</ele><time>2026-05-03T13:06:57Z</time></trkpt>
      <trkpt lat="36.5347383" lon="101.6488556"><ele>2526.96</ele><time>2026-05-03T13:07:05Z</time></trkpt>
      <trkpt lat="36.5359848" lon="101.6502697"><ele>2523.76</ele><time>2026-05-03T13:07:13Z</time></trkpt>
      <trkpt lat="36.5374177" lon="101.6519046"><ele>2521.63</ele><time>2026-05-03T13:07:22Z</time></trkpt>
      <trkpt lat="36.5390293" lon="101.6537593"><ele>2520.91</ele><time>2026-05-03T13:07:32Z</time></trkpt>
      <trkpt lat="36.5404822" lon="101.6555518"><ele>2520.17</ele><time>2026-05-03T13:07:41Z</time></trkpt>
      <trkpt lat="36.5419654" lon="101.6575154"><ele>2519.61</ele><time>2026-05-03T13:07:50Z</time></trkpt>
      <trkpt lat="36.5434028" lon="101.6595871"><ele>2516.92</ele><time>2026-05-03T13:07:59Z</time></trkpt>
      <trkpt lat="36.5443063" lon="101.6610425"><ele>2513.47</ele><time>2026-05-03T13:08:05Z</time></trkpt>
      <trkpt lat="36.5450397" lon="101.6622813"><ele>2510.3</ele><time>2026-05-03T13:08:10Z</time></trkpt>
      <trkpt lat="36.5460104" lon="101.6640234"><ele>2506.95</ele><time>2026-05-03T13:08:17Z</time></trkpt>
      <trkpt lat="36.5470377" lon="101.6660094"><ele>2505.54</ele><time>2026-05-03T13:08:25Z</time></trkpt>
      <trkpt lat="36.5480261" lon="101.6681146"><ele>2503.69</ele><time>2026-05-03T13:08:33Z</time></trkpt>
      <trkpt lat="36.5488450" lon="101.6700282"><ele>2500.54</ele><time>2026-05-03T13:08:40Z</time></trkpt>
      <trkpt lat="36.5496125" lon="101.6719613"><ele>2497.26</ele><time>2026-05-03T13:08:47Z</time></trkpt>
      <trkpt lat="36.5505047" lon="101.6744495"><ele>2494.54</ele><time>2026-05-03T13:08:56Z</time></trkpt>
      <trkpt lat="36.5513278" lon="101.6770643"><ele>2492.49</ele><time>2026-05-03T13:09:05Z</time></trkpt>
      <trkpt lat="36.5520638" lon="101.6797972"><ele>2491</ele><time>2026-05-03T13:09:14Z</time></trkpt>
      <trkpt lat="36.5525535" lon="101.6818586"><ele>2489.36</ele><time>2026-05-03T13:09:21Z</time></trkpt>
      <trkpt lat="36.5528847" lon="101.6834470"><ele>2486.87</ele><time>2026-05-03T13:09:27Z</time></trkpt>
      <trkpt lat="36.5531655" lon="101.6849302"><ele>2483.6</ele><time>2026-05-03T13:09:33Z</time></trkpt>
      <trkpt lat="36.5533745" lon="101.6861838"><ele>2480.41</ele><time>2026-05-03T13:09:38Z</time></trkpt>
      <trkpt lat="36.5535717" lon="101.6874865"><ele>2477.31</ele><time>2026-05-03T13:09:43Z</time></trkpt>
      <trkpt lat="36.5537588" lon="101.6888437"><ele>2473.83</ele><time>2026-05-03T13:09:48Z</time></trkpt>
      <trkpt lat="36.5539101" lon="101.6899341"><ele>2470.68</ele><time>2026-05-03T13:09:52Z</time></trkpt>
      <trkpt lat="36.5540580" lon="101.6910268"><ele>2467.21</ele><time>2026-05-03T13:09:56Z</time></trkpt>
      <trkpt lat="36.5542120" lon="101.6921628"><ele>2463.68</ele><time>2026-05-03T13:10:00Z</time></trkpt>
      <trkpt lat="36.5543773" lon="101.6933623"><ele>2460.28</ele><time>2026-05-03T13:10:04Z</time></trkpt>
      <trkpt lat="36.5545417" lon="101.6945739"><ele>2456.83</ele><time>2026-05-03T13:10:08Z</time></trkpt>
      <trkpt lat="36.5547074" lon="101.6957904"><ele>2453.62</ele><time>2026-05-03T13:10:12Z</time></trkpt>
      <trkpt lat="36.5549157" lon="101.6973079"><ele>2450.12</ele><time>2026-05-03T13:10:17Z</time></trkpt>
      <trkpt lat="36.5551560" lon="101.6990875"><ele>2446.72</ele><time>2026-05-03T13:10:23Z</time></trkpt>
      <trkpt lat="36.5554968" lon="101.7012020"><ele>2443.5</ele><time>2026-05-03T13:10:30Z</time></trkpt>
      <trkpt lat="36.5559595" lon="101.7033367"><ele>2441.91</ele><time>2026-05-03T13:10:37Z</time></trkpt>
      <trkpt lat="36.5565153" lon="101.7053404"><ele>2442.09</ele><time>2026-05-03T13:10:44Z</time></trkpt>
      <trkpt lat="36.5571513" lon="101.7072093"><ele>2441.59</ele><time>2026-05-03T13:10:51Z</time></trkpt>
      <trkpt lat="36.5578857" lon="101.7089357"><ele>2439.59</ele><time>2026-05-03T13:10:58Z</time></trkpt>
      <trkpt lat="36.5586165" lon="101.7102727"><ele>2436.98</ele><time>2026-05-03T13:11:04Z</time></trkpt>
      <trkpt lat="36.5594736" lon="101.7114884"><ele>2434.53</ele><time>2026-05-03T13:11:10Z</time></trkpt>
      <trkpt lat="36.5604179" lon="101.7125603"><ele>2432.53</ele><time>2026-05-03T13:11:16Z</time></trkpt>
      <trkpt lat="36.5613979" lon="101.7134611"><ele>2430.64</ele><time>2026-05-03T13:11:22Z</time></trkpt>
      <trkpt lat="36.5626296" lon="101.7144717"><ele>2428.94</ele><time>2026-05-03T13:11:29Z</time></trkpt>
      <trkpt lat="36.5644790" lon="101.7159649"><ele>2427.78</ele><time>2026-05-03T13:11:39Z</time></trkpt>
      <trkpt lat="36.5665579" lon="101.7176570"><ele>2424.7</ele><time>2026-05-03T13:11:50Z</time></trkpt>
      <trkpt lat="36.5682600" lon="101.7190543"><ele>2421.67</ele><time>2026-05-03T13:11:59Z</time></trkpt>
      <trkpt lat="36.5700249" lon="101.7204890"><ele>2419.18</ele><time>2026-05-03T13:12:08Z</time></trkpt>
      <trkpt lat="36.5714370" lon="101.7215060"><ele>2419.22</ele><time>2026-05-03T13:12:15Z</time></trkpt>
      <trkpt lat="36.5727372" lon="101.7222234"><ele>2419.14</ele><time>2026-05-03T13:12:21Z</time></trkpt>
      <trkpt lat="36.5745000" lon="101.7230035"><ele>2417</ele><time>2026-05-03T13:12:29Z</time></trkpt>
      <trkpt lat="36.5765341" lon="101.7238681"><ele>2413.69</ele><time>2026-05-03T13:12:38Z</time></trkpt>
      <trkpt lat="36.5781363" lon="101.7246549"><ele>2411.16</ele><time>2026-05-03T13:12:45Z</time></trkpt>
      <trkpt lat="36.5794070" lon="101.7254972"><ele>2409.21</ele><time>2026-05-03T13:12:51Z</time></trkpt>
      <trkpt lat="36.5809879" lon="101.7267641"><ele>2406.59</ele><time>2026-05-03T13:12:59Z</time></trkpt>
      <trkpt lat="36.5831762" lon="101.7285807"><ele>2403.25</ele><time>2026-05-03T13:13:10Z</time></trkpt>
      <trkpt lat="36.5845163" lon="101.7296928"><ele>2400.09</ele><time>2026-05-03T13:13:17Z</time></trkpt>
      <trkpt lat="36.5855869" lon="101.7305831"><ele>2396.52</ele><time>2026-05-03T13:13:23Z</time></trkpt>
      <trkpt lat="36.5864728" lon="101.7313181"><ele>2393.49</ele><time>2026-05-03T13:13:28Z</time></trkpt>
      <trkpt lat="36.5875181" lon="101.7322132"><ele>2390.05</ele><time>2026-05-03T13:13:34Z</time></trkpt>
      <trkpt lat="36.5885509" lon="101.7331658"><ele>2387</ele><time>2026-05-03T13:13:40Z</time></trkpt>
      <trkpt lat="36.5897558" lon="101.7343764"><ele>2384.04</ele><time>2026-05-03T13:13:47Z</time></trkpt>
      <trkpt lat="36.5912373" lon="101.7360149"><ele>2381.42</ele><time>2026-05-03T13:13:56Z</time></trkpt>
      <trkpt lat="36.5925227" lon="101.7373258"><ele>2379.83</ele><time>2026-05-03T13:14:04Z</time></trkpt>
      <trkpt lat="36.5938534" lon="101.7384662"><ele>2378.22</ele><time>2026-05-03T13:14:12Z</time></trkpt>
      <trkpt lat="36.5952555" lon="101.7394442"><ele>2376.03</ele><time>2026-05-03T13:14:20Z</time></trkpt>
      <trkpt lat="36.5967542" lon="101.7402873"><ele>2375.23</ele><time>2026-05-03T13:14:28Z</time></trkpt>
      <trkpt lat="36.5984543" lon="101.7411540"><ele>2375.67</ele><time>2026-05-03T13:14:37Z</time></trkpt>
      <trkpt lat="36.6000290" lon="101.7419269"><ele>2376.17</ele><time>2026-05-03T13:14:45Z</time></trkpt>
      <trkpt lat="36.6019933" lon="101.7429814"><ele>2374.64</ele><time>2026-05-03T13:14:55Z</time></trkpt>
      <trkpt lat="36.6030889" lon="101.7437667"><ele>2373.29</ele><time>2026-05-03T13:15:01Z</time></trkpt>
      <trkpt lat="36.6042890" lon="101.7448302"><ele>2371.57</ele><time>2026-05-03T13:15:08Z</time></trkpt>
      <trkpt lat="36.6056786" lon="101.7459851"><ele>2370.67</ele><time>2026-05-03T13:15:16Z</time></trkpt>
      <trkpt lat="36.6066295" lon="101.7465308"><ele>2370.12</ele><time>2026-05-03T13:15:21Z</time></trkpt>
      <trkpt lat="36.6076257" lon="101.7469028"><ele>2369.54</ele><time>2026-05-03T13:15:26Z</time></trkpt>
      <trkpt lat="36.6088454" lon="101.7471443"><ele>2368.26</ele><time>2026-05-03T13:15:32Z</time></trkpt>
      <trkpt lat="36.6102956" lon="101.7473799"><ele>2364.91</ele><time>2026-05-03T13:15:39Z</time></trkpt>
      <trkpt lat="36.6113251" lon="101.7477232"><ele>2362.18</ele><time>2026-05-03T13:15:44Z</time></trkpt>
      <trkpt lat="36.6122789" lon="101.7482668"><ele>2358.78</ele><time>2026-05-03T13:15:49Z</time></trkpt>
      <trkpt lat="36.6130885" lon="101.7489427"><ele>2355.36</ele><time>2026-05-03T13:15:54Z</time></trkpt>
      <trkpt lat="36.6135662" lon="101.7495255"><ele>2352.61</ele><time>2026-05-03T13:15:58Z</time></trkpt>
      <trkpt lat="36.6138761" lon="101.7501446"><ele>2349.29</ele><time>2026-05-03T13:16:02Z</time></trkpt>
    </trkseg>
  </trk>
</gpx>
