<?xml version="1.0" encoding="UTF-8"?>
<gpx version="1.1" creator="dgs-toolbox" xmlns="http://www.topografix.com/GPX/1/1">
  <metadata><name>20260504 西宁 麦当劳, 大有山</name></metadata>
  <wpt lat="36.6717327" lon="101.7327599"><name>西宁全景</name></wpt>
  <trk>
    <name>CN 西宁 大有山</name>
    <trkseg>
      <trkpt lat="36.6348965" lon="101.7275561"><ele>2326.61</ele><time>2026-05-04T07:03:25Z</time></trkpt>
      <trkpt lat="36.6351697" lon="101.7259740"><ele>2325.64</ele><time>2026-05-04T07:03:35Z</time></trkpt>
      <trkpt lat="36.6353574" lon="101.7248943"><ele>2326.02</ele><time>2026-05-04T07:03:41Z</time></trkpt>
      <trkpt lat="36.6355722" lon="101.7236951"><ele>2326.79</ele><time>2026-05-04T07:03:48Z</time></trkpt>
      <trkpt lat="36.6356371" lon="101.7233696"><ele>2326.85</ele><time>2026-05-04T07:03:51Z</time></trkpt>
      <trkpt lat="36.6356737" lon="101.7232025"><ele>2326.66</ele><time>2026-05-04T07:03:54Z</time></trkpt>
      <trkpt lat="36.6356882" lon="101.7231488"><ele>2326.04</ele><time>2026-05-04T07:03:58Z</time></trkpt>
      <trkpt lat="36.6356894" lon="101.7231508"><ele>2325.87</ele><time>2026-05-04T07:04:00Z</time></trkpt>
    </trkseg>
    <trkseg>
      <trkpt lat="36.6356486" lon="101.7230989"><ele>2325.21</ele><time>2026-05-04T07:05:09Z</time></trkpt>
      <trkpt lat="36.6356706" lon="101.7230238"><ele>2325.22</ele><time>2026-05-04T07:05:10Z</time></trkpt>
      <trkpt lat="36.6356932" lon="101.7229471"><ele>2325.23</ele><time>2026-05-04T07:05:11Z</time></trkpt>
      <trkpt lat="36.6358550" lon="101.7224214"><ele>2325.46</ele><time>2026-05-04T07:05:17Z</time></trkpt>
      <trkpt lat="36.6360411" lon="101.7218645"><ele>2325.63</ele><time>2026-05-04T07:05:22Z</time></trkpt>
      <trkpt lat="36.6363971" lon="101.7207999"><ele>2326.07</ele><time>2026-05-04T07:05:30Z</time></trkpt>
      <trkpt lat="36.6367680" lon="101.7196291"><ele>2326.69</ele><time>2026-05-04T07:05:38Z</time></trkpt>
      <trkpt lat="36.6371243" lon="101.7184261"><ele>2328.13</ele><time>2026-05-04T07:05:46Z</time></trkpt>
      <trkpt lat="36.6375031" lon="101.7171532"><ele>2328.18</ele><time>2026-05-04T07:05:54Z</time></trkpt>
      <trkpt lat="36.6378820" lon="101.7159825"><ele>2325.82</ele><time>2026-05-04T07:06:01Z</time></trkpt>
      <trkpt lat="36.6381758" lon="101.7152030"><ele>2325</ele><time>2026-05-04T07:06:06Z</time></trkpt>
      <trkpt lat="36.6385715" lon="101.7141923"><ele>2326.45</ele><time>2026-05-04T07:06:13Z</time></trkpt>
      <trkpt lat="36.6389994" lon="101.7130148"><ele>2328.26</ele><time>2026-05-04T07:06:22Z</time></trkpt>
      <trkpt lat="36.6392112" lon="101.7124656"><ele>2328.54</ele><time>2026-05-04T07:06:27Z</time></trkpt>
      <trkpt lat="36.6394190" lon="101.7119611"><ele>2328.8</ele><time>2026-05-04T07:06:32Z</time></trkpt>
      <trkpt lat="36.6396208" lon="101.7114290"><ele>2329.43</ele><time>2026-05-04T07:06:37Z</time></trkpt>
      <trkpt lat="36.6397844" lon="101.7109194"><ele>2330.48</ele><time>2026-05-04T07:06:42Z</time></trkpt>
      <trkpt lat="36.6399487" lon="101.7104701"><ele>2331.52</ele><time>2026-05-04T07:06:48Z</time></trkpt>
      <trkpt lat="36.6399812" lon="101.7104260"><ele>2331.69</ele><time>2026-05-04T07:06:49Z</time></trkpt>
      <trkpt lat="36.6400173" lon="101.7103932"><ele>2331.83</ele><time>2026-05-04T07:06:50Z</time></trkpt>
      <trkpt lat="36.6400574" lon="101.7103717"><ele>2331.97</ele><time>2026-05-04T07:06:51Z</time></trkpt>
      <trkpt lat="36.6401020" lon="101.7103612"><ele>2332.11</ele><time>2026-05-04T07:06:52Z</time></trkpt>
      <trkpt lat="36.6401514" lon="101.7103603"><ele>2332.19</ele><time>2026-05-04T07:06:53Z</time></trkpt>
      <trkpt lat="36.6402056" lon="101.7103670"><ele>2332.33</ele><time>2026-05-04T07:06:54Z</time></trkpt>
      <trkpt lat="36.6402643" lon="101.7103796"><ele>2332.45</ele><time>2026-05-04T07:06:55Z</time></trkpt>
      <trkpt lat="36.6407393" lon="101.7105471"><ele>2332.66</ele><time>2026-05-04T07:07:02Z</time></trkpt>
      <trkpt lat="36.6411136" lon="101.7106953"><ele>2332.1</ele><time>2026-05-04T07:07:08Z</time></trkpt>
      <trkpt lat="36.6415106" lon="101.7108525"><ele>2330.63</ele><time>2026-05-04T07:07:17Z</time></trkpt>
      <trkpt lat="36.6416046" lon="101.7109173"><ele>2330.11</ele><time>2026-05-04T07:07:22Z</time></trkpt>
      <trkpt lat="36.6416418" lon="101.7109996"><ele>2329.66</ele><time>2026-05-04T07:07:29Z</time></trkpt>
    </trkseg>
    <trkseg>
      <trkpt lat="36.6416858" lon="101.7110488"><ele>2329.95</ele><time>2026-05-04T07:08:00Z</time></trkpt>
      <trkpt lat="36.6419593" lon="101.7111412"><ele>2330</ele><time>2026-05-04T07:08:04Z</time></trkpt>
      <trkpt lat="36.6426311" lon="101.7113694"><ele>2329.81</ele><time>2026-05-04T07:08:13Z</time></trkpt>
      <trkpt lat="36.6431773" lon="101.7115628"><ele>2329.33</ele><time>2026-05-04T07:08:21Z</time></trkpt>
      <trkpt lat="36.6435543" lon="101.7116874"><ele>2328.58</ele><time>2026-05-04T07:08:28Z</time></trkpt>
      <trkpt lat="36.6436028" lon="101.7117041"><ele>2328.49</ele><time>2026-05-04T07:08:29Z</time></trkpt>
      <trkpt lat="36.6438877" lon="101.7118057"><ele>2327.86</ele><time>2026-05-04T07:08:35Z</time></trkpt>
      <trkpt lat="36.6442562" lon="101.7119289"><ele>2327.27</ele><time>2026-05-04T07:08:43Z</time></trkpt>
      <trkpt lat="36.6444497" lon="101.7120111"><ele>2326.85</ele><time>2026-05-04T07:08:49Z</time></trkpt>
      <trkpt lat="36.6445164" lon="101.7121102"><ele>2326.58</ele><time>2026-05-04T07:08:53Z</time></trkpt>
      <trkpt lat="36.6445252" lon="101.7121472"><ele>2326.52</ele><time>2026-05-04T07:08:54Z</time></trkpt>
      <trkpt lat="36.6445312" lon="101.7121901"><ele>2326.49</ele><time>2026-05-04T07:08:55Z</time></trkpt>
      <trkpt lat="36.6445287" lon="101.7124634"><ele>2326.59</ele><time>2026-05-04T07:09:00Z</time></trkpt>
      <trkpt lat="36.6444747" lon="101.7128744"><ele>2326.89</ele><time>2026-05-04T07:09:07Z</time></trkpt>
      <trkpt lat="36.6443733" lon="101.7132655"><ele>2327.13</ele><time>2026-05-04T07:09:14Z</time></trkpt>
      <trkpt lat="36.6442693" lon="101.7135942"><ele>2326.82</ele><time>2026-05-04T07:09:20Z</time></trkpt>
      <trkpt lat="36.6442551" lon="101.7136507"><ele>2326.76</ele><time>2026-05-04T07:09:21Z</time></trkpt>
      <trkpt lat="36.6441945" lon="101.7140191"><ele>2326.47</ele><time>2026-05-04T07:09:28Z</time></trkpt>
      <trkpt lat="36.6441695" lon="101.7141881"><ele>2326.58</ele><time>2026-05-04T07:09:33Z</time></trkpt>
      <trkpt lat="36.6441240" lon="101.7143502"><ele>2326.39</ele><time>2026-05-04T07:09:40Z</time></trkpt>
      <trkpt lat="36.6440785" lon="101.7145208"><ele>2326.33</ele><time>2026-05-04T07:09:46Z</time></trkpt>
      <trkpt lat="36.6440332" lon="101.7146995"><ele>2326.22</ele><time>2026-05-04T07:09:54Z</time></trkpt>
      <trkpt lat="36.6440103" lon="101.7147740"><ele>2326.06</ele><time>2026-05-04T07:10:01Z</time></trkpt>
      <trkpt lat="36.6440076" lon="101.7147817"><ele>2326.03</ele><time>2026-05-04T07:10:02Z</time></trkpt>
    </trkseg>
    <trkseg>
      <trkpt lat="36.6439967" lon="101.7150218"><ele>2325.73</ele><time>2026-05-04T07:10:50Z</time></trkpt>
      <trkpt lat="36.6439910" lon="101.7150378"><ele>2325.73</ele><time>2026-05-04T07:10:51Z</time></trkpt>
      <trkpt lat="36.6439854" lon="101.7150537"><ele>2325.73</ele><time>2026-05-04T07:10:52Z</time></trkpt>
      <trkpt lat="36.6439800" lon="101.7150689"><ele>2325.73</ele><time>2026-05-04T07:10:53Z</time></trkpt>
      <trkpt lat="36.6439549" lon="101.7151844"><ele>2325.43</ele><time>2026-05-04T07:11:03Z</time></trkpt>
      <trkpt lat="36.6440168" lon="101.7152701"><ele>2325.3</ele><time>2026-05-04T07:11:14Z</time></trkpt>
      <trkpt lat="36.6440251" lon="101.7152753"><ele>2325.29</ele><time>2026-05-04T07:11:15Z</time></trkpt>
      <trkpt lat="36.6441265" lon="101.7153071"><ele>2325.04</ele><time>2026-05-04T07:11:28Z</time></trkpt>
      <trkpt lat="36.6441384" lon="101.7153083"><ele>2325.04</ele><time>2026-05-04T07:11:30Z</time></trkpt>
    </trkseg>
    <trkseg>
      <trkpt lat="36.6443111" lon="101.7152897"><ele>2324.29</ele><time>2026-05-04T07:14:34Z</time></trkpt>
      <trkpt lat="36.6443349" lon="101.7153004"><ele>2324.29</ele><time>2026-05-04T07:14:35Z</time></trkpt>
      <trkpt lat="36.6443592" lon="101.7153113"><ele>2324.29</ele><time>2026-05-04T07:14:36Z</time></trkpt>
      <trkpt lat="36.6445208" lon="101.7153800"><ele>2324.15</ele><time>2026-05-04T07:14:43Z</time></trkpt>
      <trkpt lat="36.6446033" lon="101.7153808"><ele>2324.08</ele><time>2026-05-04T07:14:50Z</time></trkpt>
      <trkpt lat="36.6446065" lon="101.7153642"><ele>2323.97</ele><time>2026-05-04T07:14:52Z</time></trkpt>
      <trkpt lat="36.6445934" lon="101.7153311"><ele>2323.84</ele><time>2026-05-04T07:14:55Z</time></trkpt>
      <trkpt lat="36.6445503" lon="101.7152925"><ele>2323.87</ele><time>2026-05-04T07:14:59Z</time></trkpt>
      <trkpt lat="36.6445378" lon="101.7152863"><ele>2323.88</ele><time>2026-05-04T07:15:00Z</time></trkpt>
      <trkpt lat="36.6445254" lon="101.7152816"><ele>2323.89</ele><time>2026-05-04T07:15:01Z</time></trkpt>
      <trkpt lat="36.6444664" lon="101.7152507"><ele>2323.66</ele><time>2026-05-04T07:15:07Z</time></trkpt>
      <trkpt lat="36.6444606" lon="101.7152392"><ele>2323.61</ele><time>2026-05-04T07:15:08Z</time></trkpt>
      <trkpt lat="36.6444520" lon="101.7151887"><ele>2323.53</ele><time>2026-05-04T07:15:11Z</time></trkpt>
      <trkpt lat="36.6444631" lon="101.7150188"><ele>2323.93</ele><time>2026-05-04T07:15:19Z</time></trkpt>
      <trkpt lat="36.6444260" lon="101.7149335"><ele>2324.4</ele><time>2026-05-04T07:15:28Z</time></trkpt>
      <trkpt lat="36.6443401" lon="101.7148904"><ele>2324.85</ele><time>2026-05-04T07:15:36Z</time></trkpt>
      <trkpt lat="36.6443108" lon="101.7148784"><ele>2324.91</ele><time>2026-05-04T07:15:41Z</time></trkpt>
    </trkseg>
    <trkseg>
      <trkpt lat="36.6442589" lon="101.7148460"><ele>2324.9</ele><time>2026-05-04T07:15:57Z</time></trkpt>
      <trkpt lat="36.6442513" lon="101.7148338"><ele>2324.91</ele><time>2026-05-04T07:15:58Z</time></trkpt>
      <trkpt lat="36.6441987" lon="101.7147485"><ele>2324.98</ele><time>2026-05-04T07:16:05Z</time></trkpt>
      <trkpt lat="36.6441334" lon="101.7146579"><ele>2325.02</ele><time>2026-05-04T07:16:14Z</time></trkpt>
      <trkpt lat="36.6441096" lon="101.7146275"><ele>2325.01</ele><time>2026-05-04T07:16:18Z</time></trkpt>
      <trkpt lat="36.6441004" lon="101.7145481"><ele>2325.14</ele><time>2026-05-04T07:16:28Z</time></trkpt>
      <trkpt lat="36.6441119" lon="101.7144571"><ele>2325.2</ele><time>2026-05-04T07:16:32Z</time></trkpt>
      <trkpt lat="36.6441280" lon="101.7143092"><ele>2325.39</ele><time>2026-05-04T07:16:36Z</time></trkpt>
      <trkpt lat="36.6441810" lon="101.7138432"><ele>2326.28</ele><time>2026-05-04T07:16:45Z</time></trkpt>
      <trkpt lat="36.6442940" lon="101.7133865"><ele>2326.23</ele><time>2026-05-04T07:16:52Z</time></trkpt>
      <trkpt lat="36.6444621" lon="101.7128493"><ele>2326.55</ele><time>2026-05-04T07:16:59Z</time></trkpt>
      <trkpt lat="36.6445790" lon="101.7123844"><ele>2327.2</ele><time>2026-05-04T07:17:06Z</time></trkpt>
      <trkpt lat="36.6446177" lon="101.7122228"><ele>2327.3</ele><time>2026-05-04T07:17:10Z</time></trkpt>
      <trkpt lat="36.6446067" lon="101.7120685"><ele>2326.74</ele><time>2026-05-04T07:17:16Z</time></trkpt>
      <trkpt lat="36.6444765" lon="101.7119571"><ele>2326.67</ele><time>2026-05-04T07:17:21Z</time></trkpt>
      <trkpt lat="36.6441590" lon="101.7118318"><ele>2327.21</ele><time>2026-05-04T07:17:27Z</time></trkpt>
      <trkpt lat="36.6436913" lon="101.7117016"><ele>2328.02</ele><time>2026-05-04T07:17:34Z</time></trkpt>
      <trkpt lat="36.6431882" lon="101.7115292"><ele>2328.98</ele><time>2026-05-04T07:17:42Z</time></trkpt>
      <trkpt lat="36.6427116" lon="101.7113813"><ele>2329.64</ele><time>2026-05-04T07:17:50Z</time></trkpt>
      <trkpt lat="36.6425970" lon="101.7113592"><ele>2329.78</ele><time>2026-05-04T07:17:52Z</time></trkpt>
      <trkpt lat="36.6421851" lon="101.7111980"><ele>2330.49</ele><time>2026-05-04T07:18:01Z</time></trkpt>
      <trkpt lat="36.6421606" lon="101.7111581"><ele>2330.63</ele><time>2026-05-04T07:18:02Z</time></trkpt>
      <trkpt lat="36.6421429" lon="101.7111109"><ele>2330.7</ele><time>2026-05-04T07:18:03Z</time></trkpt>
      <trkpt lat="36.6421329" lon="101.7110557"><ele>2330.76</ele><time>2026-05-04T07:18:04Z</time></trkpt>
      <trkpt lat="36.6421313" lon="101.7109919"><ele>2330.82</ele><time>2026-05-04T07:18:05Z</time></trkpt>
      <trkpt lat="36.6421380" lon="101.7109197"><ele>2330.85</ele><time>2026-05-04T07:18:06Z</time></trkpt>
      <trkpt lat="36.6421524" lon="101.7108396"><ele>2330.88</ele><time>2026-05-04T07:18:07Z</time></trkpt>
      <trkpt lat="36.6421732" lon="101.7107526"><ele>2330.9</ele><time>2026-05-04T07:18:08Z</time></trkpt>
      <trkpt lat="36.6421988" lon="101.7106601"><ele>2330.93</ele><time>2026-05-04T07:18:09Z</time></trkpt>
      <trkpt lat="36.6422279" lon="101.7105635"><ele>2331.05</ele><time>2026-05-04T07:18:10Z</time></trkpt>
      <trkpt lat="36.6425012" lon="101.7097272"><ele>2332.4</ele><time>2026-05-04T07:18:18Z</time></trkpt>
      <trkpt lat="36.6426868" lon="101.7091127"><ele>2332.43</ele><time>2026-05-04T07:18:24Z</time></trkpt>
      <trkpt lat="36.6428312" lon="101.7086670"><ele>2332.65</ele><time>2026-05-04T07:18:29Z</time></trkpt>
      <trkpt lat="36.6429128" lon="101.7084469"><ele>2333.13</ele><time>2026-05-04T07:18:33Z</time></trkpt>
      <trkpt lat="36.6429477" lon="101.7083638"><ele>2332.9</ele><time>2026-05-04T07:18:37Z</time></trkpt>
      <trkpt lat="36.6429560" lon="101.7083459"><ele>2332.57</ele><time>2026-05-04T07:18:39Z</time></trkpt>
    </trkseg>
    <trkseg>
      <trkpt lat="36.6429494" lon="101.7082503"><ele>2332</ele><time>2026-05-04T07:19:06Z</time></trkpt>
      <trkpt lat="36.6430144" lon="101.7079090"><ele>2332.23</ele><time>2026-05-04T07:19:09Z</time></trkpt>
      <trkpt lat="36.6431574" lon="101.7071540"><ele>2333.14</ele><time>2026-05-04T07:19:15Z</time></trkpt>
      <trkpt lat="36.6434008" lon="101.7059172"><ele>2335.67</ele><time>2026-05-04T07:19:24Z</time></trkpt>
      <trkpt lat="36.6436911" lon="101.7045675"><ele>2336.56</ele><time>2026-05-04T07:19:35Z</time></trkpt>
      <trkpt lat="36.6437679" lon="101.7042644"><ele>2336.15</ele><time>2026-05-04T07:19:39Z</time></trkpt>
      <trkpt lat="36.6438176" lon="101.7040415"><ele>2335.21</ele><time>2026-05-04T07:19:43Z</time></trkpt>
      <trkpt lat="36.6438622" lon="101.7037597"><ele>2334.29</ele><time>2026-05-04T07:19:47Z</time></trkpt>
      <trkpt lat="36.6439451" lon="101.7032358"><ele>2334.96</ele><time>2026-05-04T07:19:52Z</time></trkpt>
      <trkpt lat="36.6441439" lon="101.7021390"><ele>2336.44</ele><time>2026-05-04T07:20:01Z</time></trkpt>
      <trkpt lat="36.6442302" lon="101.7017141"><ele>2336.23</ele><time>2026-05-04T07:20:06Z</time></trkpt>
      <trkpt lat="36.6442607" lon="101.7015483"><ele>2335.69</ele><time>2026-05-04T07:20:10Z</time></trkpt>
      <trkpt lat="36.6442789" lon="101.7014136"><ele>2333.85</ele><time>2026-05-04T07:20:16Z</time></trkpt>
      <trkpt lat="36.6443197" lon="101.7011961"><ele>2333.43</ele><time>2026-05-04T07:20:20Z</time></trkpt>
      <trkpt lat="36.6444016" lon="101.7008255"><ele>2333.67</ele><time>2026-05-04T07:20:24Z</time></trkpt>
      <trkpt lat="36.6446139" lon="101.6999483"><ele>2335.26</ele><time>2026-05-04T07:20:32Z</time></trkpt>
      <trkpt lat="36.6447080" lon="101.6995277"><ele>2335.62</ele><time>2026-05-04T07:20:37Z</time></trkpt>
      <trkpt lat="36.6448219" lon="101.6993010"><ele>2333.84</ele><time>2026-05-04T07:20:42Z</time></trkpt>
      <trkpt lat="36.6449131" lon="101.6992720"><ele>2333.17</ele><time>2026-05-04T07:20:44Z</time></trkpt>
      <trkpt lat="36.6449737" lon="101.6992705"><ele>2332.99</ele><time>2026-05-04T07:20:45Z</time></trkpt>
      <trkpt lat="36.6450448" lon="101.6992768"><ele>2332.78</ele><time>2026-05-04T07:20:46Z</time></trkpt>
      <trkpt lat="36.6451256" lon="101.6992898"><ele>2332.65</ele><time>2026-05-04T07:20:47Z</time></trkpt>
      <trkpt lat="36.6452150" lon="101.6993085"><ele>2332.59</ele><time>2026-05-04T07:20:48Z</time></trkpt>
      <trkpt lat="36.6458733" lon="101.6994986"><ele>2333.02</ele><time>2026-05-04T07:20:54Z</time></trkpt>
      <trkpt lat="36.6468426" lon="101.6998195"><ele>2333.81</ele><time>2026-05-04T07:21:02Z</time></trkpt>
      <trkpt lat="36.6474376" lon="101.7000189"><ele>2333.36</ele><time>2026-05-04T07:21:08Z</time></trkpt>
      <trkpt lat="36.6477342" lon="101.7001225"><ele>2332.3</ele><time>2026-05-04T07:21:13Z</time></trkpt>
      <trkpt lat="36.6478331" lon="101.7001632"><ele>2331.33</ele><time>2026-05-04T07:21:17Z</time></trkpt>
      <trkpt lat="36.6478644" lon="101.7001799"><ele>2330.73</ele><time>2026-05-04T07:21:20Z</time></trkpt>
    </trkseg>
    <trkseg>
      <trkpt lat="36.6479849" lon="101.7002081"><ele>2330.16</ele><time>2026-05-04T07:22:14Z</time></trkpt>
      <trkpt lat="36.6483675" lon="101.7003383"><ele>2330.34</ele><time>2026-05-04T07:22:18Z</time></trkpt>
      <trkpt lat="36.6489170" lon="101.7005213"><ele>2330.63</ele><time>2026-05-04T07:22:23Z</time></trkpt>
      <trkpt lat="36.6498146" lon="101.7008203"><ele>2331.35</ele><time>2026-05-04T07:22:31Z</time></trkpt>
      <trkpt lat="36.6502159" lon="101.7009545"><ele>2330.81</ele><time>2026-05-04T07:22:36Z</time></trkpt>
      <trkpt lat="36.6504245" lon="101.7010220"><ele>2329.44</ele><time>2026-05-04T07:22:40Z</time></trkpt>
      <trkpt lat="36.6506692" lon="101.7011011"><ele>2327.82</ele><time>2026-05-04T07:22:45Z</time></trkpt>
      <trkpt lat="36.6511005" lon="101.7012491"><ele>2327.17</ele><time>2026-05-04T07:22:51Z</time></trkpt>
      <trkpt lat="36.6517561" lon="101.7014693"><ele>2328.04</ele><time>2026-05-04T07:22:58Z</time></trkpt>
      <trkpt lat="36.6524003" lon="101.7016913"><ele>2328.69</ele><time>2026-05-04T07:23:04Z</time></trkpt>
      <trkpt lat="36.6531122" lon="101.7019431"><ele>2329.65</ele><time>2026-05-04T07:23:10Z</time></trkpt>
      <trkpt lat="36.6540229" lon="101.7022623"><ele>2330.66</ele><time>2026-05-04T07:23:17Z</time></trkpt>
      <trkpt lat="36.6551603" lon="101.7026475"><ele>2332.62</ele><time>2026-05-04T07:23:25Z</time></trkpt>
      <trkpt lat="36.6565107" lon="101.7031003"><ele>2332.94</ele><time>2026-05-04T07:23:34Z</time></trkpt>
      <trkpt lat="36.6578543" lon="101.7035420"><ele>2332.21</ele><time>2026-05-04T07:23:43Z</time></trkpt>
      <trkpt lat="36.6586138" lon="101.7037815"><ele>2331.28</ele><time>2026-05-04T07:23:49Z</time></trkpt>
      <trkpt lat="36.6590865" lon="101.7040019"><ele>2330.21</ele><time>2026-05-04T07:23:54Z</time></trkpt>
      <trkpt lat="36.6593665" lon="101.7043827"><ele>2329</ele><time>2026-05-04T07:23:59Z</time></trkpt>
      <trkpt lat="36.6594032" lon="101.7047216"><ele>2328.31</ele><time>2026-05-04T07:24:02Z</time></trkpt>
      <trkpt lat="36.6593907" lon="101.7048517"><ele>2328.1</ele><time>2026-05-04T07:24:03Z</time></trkpt>
      <trkpt lat="36.6593668" lon="101.7049891"><ele>2327.91</ele><time>2026-05-04T07:24:04Z</time></trkpt>
      <trkpt lat="36.6593332" lon="101.7051331"><ele>2327.73</ele><time>2026-05-04T07:24:05Z</time></trkpt>
      <trkpt lat="36.6592921" lon="101.7052828"><ele>2327.58</ele><time>2026-05-04T07:24:06Z</time></trkpt>
      <trkpt lat="36.6588294" lon="101.7065917"><ele>2325.85</ele><time>2026-05-04T07:24:14Z</time></trkpt>
      <trkpt lat="36.6584549" lon="101.7076505"><ele>2323.27</ele><time>2026-05-04T07:24:21Z</time></trkpt>
      <trkpt lat="36.6583242" lon="101.7080673"><ele>2321.32</ele><time>2026-05-04T07:24:25Z</time></trkpt>
      <trkpt lat="36.6582556" lon="101.7083596"><ele>2317.69</ele><time>2026-05-04T07:24:29Z</time></trkpt>
      <trkpt lat="36.6581958" lon="101.7086566"><ele>2314.37</ele><time>2026-05-04T07:24:33Z</time></trkpt>
      <trkpt lat="36.6581740" lon="101.7087456"><ele>2313.77</ele><time>2026-05-04T07:24:34Z</time></trkpt>
      <trkpt lat="36.6580847" lon="101.7090583"><ele>2312.51</ele><time>2026-05-04T07:24:37Z</time></trkpt>
      <trkpt lat="36.6577843" lon="101.7099740"><ele>2312.13</ele><time>2026-05-04T07:24:44Z</time></trkpt>
      <trkpt lat="36.6572403" lon="101.7115618"><ele>2312.95</ele><time>2026-05-04T07:24:55Z</time></trkpt>
      <trkpt lat="36.6567846" lon="101.7129210"><ele>2313</ele><time>2026-05-04T07:25:04Z</time></trkpt>
      <trkpt lat="36.6564406" lon="101.7140382"><ele>2313.06</ele><time>2026-05-04T07:25:11Z</time></trkpt>
      <trkpt lat="36.6561342" lon="101.7153593"><ele>2312.01</ele><time>2026-05-04T07:25:19Z</time></trkpt>
      <trkpt lat="36.6558140" lon="101.7171054"><ele>2311.19</ele><time>2026-05-04T07:25:29Z</time></trkpt>
      <trkpt lat="36.6555853" lon="101.7183444"><ele>2310.77</ele><time>2026-05-04T07:25:36Z</time></trkpt>
      <trkpt lat="36.6554613" lon="101.7190743"><ele>2310.33</ele><time>2026-05-04T07:25:41Z</time></trkpt>
      <trkpt lat="36.6554031" lon="101.7194495"><ele>2309.58</ele><time>2026-05-04T07:25:45Z</time></trkpt>
      <trkpt lat="36.6553756" lon="101.7196227"><ele>2308.59</ele><time>2026-05-04T07:25:49Z</time></trkpt>
      <trkpt lat="36.6553679" lon="101.7196691"><ele>2307.23</ele><time>2026-05-04T07:25:54Z</time></trkpt>
    </trkseg>
    <trkseg>
      <trkpt lat="36.6553591" lon="101.7197348"><ele>2306.77</ele><time>2026-05-04T07:26:08Z</time></trkpt>
      <trkpt lat="36.6553391" lon="101.7198439"><ele>2306.77</ele><time>2026-05-04T07:26:09Z</time></trkpt>
      <trkpt lat="36.6552547" lon="101.7203115"><ele>2307.06</ele><time>2026-05-04T07:26:13Z</time></trkpt>
      <trkpt lat="36.6551342" lon="101.7210097"><ele>2307.78</ele><time>2026-05-04T07:26:18Z</time></trkpt>
      <trkpt lat="36.6549060" lon="101.7223144"><ele>2308.21</ele><time>2026-05-04T07:26:26Z</time></trkpt>
      <trkpt lat="36.6545728" lon="101.7240811"><ele>2307.67</ele><time>2026-05-04T07:26:36Z</time></trkpt>
      <trkpt lat="36.6541670" lon="101.7258727"><ele>2307.26</ele><time>2026-05-04T07:26:46Z</time></trkpt>
      <trkpt lat="36.6538763" lon="101.7270507"><ele>2306.41</ele><time>2026-05-04T07:26:53Z</time></trkpt>
      <trkpt lat="36.6536109" lon="101.7281357"><ele>2304.99</ele><time>2026-05-04T07:27:00Z</time></trkpt>
      <trkpt lat="36.6533803" lon="101.7290895"><ele>2303.71</ele><time>2026-05-04T07:27:07Z</time></trkpt>
      <trkpt lat="36.6531320" lon="101.7301487"><ele>2302.07</ele><time>2026-05-04T07:27:15Z</time></trkpt>
      <trkpt lat="36.6528766" lon="101.7311859"><ele>2301.52</ele><time>2026-05-04T07:27:22Z</time></trkpt>
      <trkpt lat="36.6524795" lon="101.7327867"><ele>2301.31</ele><time>2026-05-04T07:27:32Z</time></trkpt>
      <trkpt lat="36.6522096" lon="101.7337863"><ele>2301.86</ele><time>2026-05-04T07:27:38Z</time></trkpt>
      <trkpt lat="36.6518103" lon="101.7349878"><ele>2303.91</ele><time>2026-05-04T07:27:45Z</time></trkpt>
      <trkpt lat="36.6512919" lon="101.7363379"><ele>2305.84</ele><time>2026-05-04T07:27:53Z</time></trkpt>
      <trkpt lat="36.6507335" lon="101.7377007"><ele>2306.08</ele><time>2026-05-04T07:28:01Z</time></trkpt>
      <trkpt lat="36.6501557" lon="101.7390675"><ele>2305.28</ele><time>2026-05-04T07:28:09Z</time></trkpt>
      <trkpt lat="36.6496326" lon="101.7403141"><ele>2304.42</ele><time>2026-05-04T07:28:17Z</time></trkpt>
      <trkpt lat="36.6494220" lon="101.7407998"><ele>2303.69</ele><time>2026-05-04T07:28:21Z</time></trkpt>
      <trkpt lat="36.6491135" lon="101.7415305"><ele>2301.06</ele><time>2026-05-04T07:28:28Z</time></trkpt>
      <trkpt lat="36.6488892" lon="101.7421399"><ele>2300.6</ele><time>2026-05-04T07:28:33Z</time></trkpt>
      <trkpt lat="36.6485519" lon="101.7430006"><ele>2301.47</ele><time>2026-05-04T07:28:40Z</time></trkpt>
      <trkpt lat="36.6483964" lon="101.7432372"><ele>2301.62</ele><time>2026-05-04T07:28:43Z</time></trkpt>
      <trkpt lat="36.6483402" lon="101.7432838"><ele>2301.62</ele><time>2026-05-04T07:28:44Z</time></trkpt>
      <trkpt lat="36.6482816" lon="101.7433113"><ele>2301.5</ele><time>2026-05-04T07:28:45Z</time></trkpt>
      <trkpt lat="36.6482218" lon="101.7433184"><ele>2301.34</ele><time>2026-05-04T07:28:46Z</time></trkpt>
      <trkpt lat="36.6481633" lon="101.7433044"><ele>2301.16</ele><time>2026-05-04T07:28:47Z</time></trkpt>
      <trkpt lat="36.6481090" lon="101.7432696"><ele>2301.06</ele><time>2026-05-04T07:28:48Z</time></trkpt>
      <trkpt lat="36.6480623" lon="101.7432152"><ele>2301</ele><time>2026-05-04T07:28:49Z</time></trkpt>
      <trkpt lat="36.6480263" lon="101.7431429"><ele>2300.96</ele><time>2026-05-04T07:28:50Z</time></trkpt>
      <trkpt lat="36.6480037" lon="101.7430550"><ele>2300.95</ele><time>2026-05-04T07:28:51Z</time></trkpt>
      <trkpt lat="36.6479959" lon="101.7429540"><ele>2300.94</ele><time>2026-05-04T07:28:52Z</time></trkpt>
      <trkpt lat="36.6480033" lon="101.7428423"><ele>2301</ele><time>2026-05-04T07:28:53Z</time></trkpt>
      <trkpt lat="36.6480247" lon="101.7427223"><ele>2301.16</ele><time>2026-05-04T07:28:54Z</time></trkpt>
      <trkpt lat="36.6480576" lon="101.7425959"><ele>2301.31</ele><time>2026-05-04T07:28:55Z</time></trkpt>
      <trkpt lat="36.6480989" lon="101.7424651"><ele>2301.56</ele><time>2026-05-04T07:28:56Z</time></trkpt>
      <trkpt lat="36.6481452" lon="101.7423314"><ele>2301.94</ele><time>2026-05-04T07:28:57Z</time></trkpt>
      <trkpt lat="36.6485496" lon="101.7413725"><ele>2304.85</ele><time>2026-05-04T07:29:05Z</time></trkpt>
      <trkpt lat="36.6486777" lon="101.7411756"><ele>2305.46</ele><time>2026-05-04T07:29:08Z</time></trkpt>
      <trkpt lat="36.6488123" lon="101.7411081"><ele>2305.55</ele><time>2026-05-04T07:29:11Z</time></trkpt>
      <trkpt lat="36.6488657" lon="101.7411135"><ele>2305.54</ele><time>2026-05-04T07:29:12Z</time></trkpt>
      <trkpt lat="36.6489253" lon="101.7411314"><ele>2305.54</ele><time>2026-05-04T07:29:13Z</time></trkpt>
      <trkpt lat="36.6489916" lon="101.7411601"><ele>2305.54</ele><time>2026-05-04T07:29:14Z</time></trkpt>
      <trkpt lat="36.6490641" lon="101.7411976"><ele>2305.54</ele><time>2026-05-04T07:29:15Z</time></trkpt>
      <trkpt lat="36.6496903" lon="101.7415889"><ele>2305.95</ele><time>2026-05-04T07:29:22Z</time></trkpt>
      <trkpt lat="36.6503922" lon="101.7420140"><ele>2306.06</ele><time>2026-05-04T07:29:29Z</time></trkpt>
      <trkpt lat="36.6515401" lon="101.7427220"><ele>2308.38</ele><time>2026-05-04T07:29:40Z</time></trkpt>
      <trkpt lat="36.6521670" lon="101.7431056"><ele>2311.64</ele><time>2026-05-04T07:29:46Z</time></trkpt>
      <trkpt lat="36.6526795" lon="101.7434010"><ele>2314.77</ele><time>2026-05-04T07:29:51Z</time></trkpt>
      <trkpt lat="36.6532153" lon="101.7436560"><ele>2318.08</ele><time>2026-05-04T07:29:56Z</time></trkpt>
      <trkpt lat="36.6537866" lon="101.7438589"><ele>2321.7</ele><time>2026-05-04T07:30:01Z</time></trkpt>
      <trkpt lat="36.6542558" lon="101.7439715"><ele>2324.9</ele><time>2026-05-04T07:30:05Z</time></trkpt>
      <trkpt lat="36.6548436" lon="101.7440392"><ele>2327.97</ele><time>2026-05-04T07:30:10Z</time></trkpt>
      <trkpt lat="36.6558215" lon="101.7440021"><ele>2331.33</ele><time>2026-05-04T07:30:18Z</time></trkpt>
      <trkpt lat="36.6565921" lon="101.7439276"><ele>2334.66</ele><time>2026-05-04T07:30:24Z</time></trkpt>
      <trkpt lat="36.6571032" lon="101.7438795"><ele>2337.7</ele><time>2026-05-04T07:30:28Z</time></trkpt>
      <trkpt lat="36.6575911" lon="101.7438368"><ele>2340.75</ele><time>2026-05-04T07:30:32Z</time></trkpt>
      <trkpt lat="36.6581514" lon="101.7437840"><ele>2344.39</ele><time>2026-05-04T07:30:37Z</time></trkpt>
      <trkpt lat="36.6586477" lon="101.7437346"><ele>2347.5</ele><time>2026-05-04T07:30:42Z</time></trkpt>
      <trkpt lat="36.6593338" lon="101.7436581"><ele>2350.75</ele><time>2026-05-04T07:30:49Z</time></trkpt>
      <trkpt lat="36.6601320" lon="101.7435533"><ele>2353.33</ele><time>2026-05-04T07:30:56Z</time></trkpt>
      <trkpt lat="36.6610626" lon="101.7434450"><ele>2355.79</ele><time>2026-05-04T07:31:03Z</time></trkpt>
      <trkpt lat="36.6623311" lon="101.7433152"><ele>2357.67</ele><time>2026-05-04T07:31:12Z</time></trkpt>
      <trkpt lat="36.6635239" lon="101.7431921"><ele>2357.42</ele><time>2026-05-04T07:31:21Z</time></trkpt>
      <trkpt lat="36.6641565" lon="101.7431389"><ele>2355.88</ele><time>2026-05-04T07:31:27Z</time></trkpt>
      <trkpt lat="36.6646607" lon="101.7430698"><ele>2353.87</ele><time>2026-05-04T07:31:34Z</time></trkpt>
      <trkpt lat="36.6646951" lon="101.7430527"><ele>2353.62</ele><time>2026-05-04T07:31:35Z</time></trkpt>
      <trkpt lat="36.6647159" lon="101.7430333"><ele>2353.36</ele><time>2026-05-04T07:31:36Z</time></trkpt>
      <trkpt lat="36.6647207" lon="101.7430124"><ele>2353.14</ele><time>2026-05-04T07:31:37Z</time></trkpt>
      <trkpt lat="36.6647080" lon="101.7429918"><ele>2352.98</ele><time>2026-05-04T07:31:38Z</time></trkpt>
      <trkpt lat="36.6646770" lon="101.7429735"><ele>2352.74</ele><time>2026-05-04T07:31:39Z</time></trkpt>
      <trkpt lat="36.6646286" lon="101.7429594"><ele>2352.56</ele><time>2026-05-04T07:31:40Z</time></trkpt>
      <trkpt lat="36.6645649" lon="101.7429509"><ele>2352.39</ele><time>2026-05-04T07:31:41Z</time></trkpt>
      <trkpt lat="36.6644893" lon="101.7429481"><ele>2352.3</ele><time>2026-05-04T07:31:42Z</time></trkpt>
      <trkpt lat="36.6644053" lon="101.7429501"><ele>2352.24</ele><time>2026-05-04T07:31:43Z</time></trkpt>
      <trkpt lat="36.6643161" lon="101.7429558"><ele>2352.22</ele><time>2026-05-04T07:31:44Z</time></trkpt>
      <trkpt lat="36.6636835" lon="101.7430356"><ele>2353.06</ele><time>2026-05-04T07:31:51Z</time></trkpt>
      <trkpt lat="36.6634042" lon="101.7430734"><ele>2353.13</ele><time>2026-05-04T07:31:55Z</time></trkpt>
      <trkpt lat="36.6629598" lon="101.7431247"><ele>2353.15</ele><time>2026-05-04T07:32:04Z</time></trkpt>
      <trkpt lat="36.6626984" lon="101.7431591"><ele>2353.63</ele><time>2026-05-04T07:32:11Z</time></trkpt>
      <trkpt lat="36.6625176" lon="101.7430661"><ele>2354.05</ele><time>2026-05-04T07:32:20Z</time></trkpt>
      <trkpt lat="36.6624963" lon="101.7428457"><ele>2354.17</ele><time>2026-05-04T07:32:25Z</time></trkpt>
      <trkpt lat="36.6625191" lon="101.7423593"><ele>2355.47</ele><time>2026-05-04T07:32:32Z</time></trkpt>
      <trkpt lat="36.6625487" lon="101.7416645"><ele>2358.78</ele><time>2026-05-04T07:32:41Z</time></trkpt>
      <trkpt lat="36.6625361" lon="101.7411517"><ele>2361.85</ele><time>2026-05-04T07:32:48Z</time></trkpt>
      <trkpt lat="36.6625239" lon="101.7406552"><ele>2364.85</ele><time>2026-05-04T07:32:55Z</time></trkpt>
      <trkpt lat="36.6625466" lon="101.7402359"><ele>2367.22</ele><time>2026-05-04T07:33:01Z</time></trkpt>
      <trkpt lat="36.6625765" lon="101.7400976"><ele>2367.84</ele><time>2026-05-04T07:33:03Z</time></trkpt>
      <trkpt lat="36.6625972" lon="101.7400299"><ele>2368.09</ele><time>2026-05-04T07:33:04Z</time></trkpt>
      <trkpt lat="36.6626212" lon="101.7399640"><ele>2368.41</ele><time>2026-05-04T07:33:05Z</time></trkpt>
      <trkpt lat="36.6626477" lon="101.7399007"><ele>2368.75</ele><time>2026-05-04T07:33:06Z</time></trkpt>
      <trkpt lat="36.6626756" lon="101.7398410"><ele>2368.98</ele><time>2026-05-04T07:33:07Z</time></trkpt>
      <trkpt lat="36.6628218" lon="101.7396168"><ele>2370.32</ele><time>2026-05-04T07:33:12Z</time></trkpt>
      <trkpt lat="36.6629445" lon="101.7395527"><ele>2371.1</ele><time>2026-05-04T07:33:16Z</time></trkpt>
      <trkpt lat="36.6629782" lon="101.7395545"><ele>2371.17</ele><time>2026-05-04T07:33:17Z</time></trkpt>
      <trkpt lat="36.6630138" lon="101.7395627"><ele>2371.21</ele><time>2026-05-04T07:33:18Z</time></trkpt>
      <trkpt lat="36.6630512" lon="101.7395759"><ele>2371.35</ele><time>2026-05-04T07:33:19Z</time></trkpt>
      <trkpt lat="36.6630906" lon="101.7395919"><ele>2371.48</ele><time>2026-05-04T07:33:20Z</time></trkpt>
      <trkpt lat="36.6631754" lon="101.7396247"><ele>2371.67</ele><time>2026-05-04T07:33:22Z</time></trkpt>
      <trkpt lat="36.6632213" lon="101.7396380"><ele>2371.82</ele><time>2026-05-04T07:33:23Z</time></trkpt>
      <trkpt lat="36.6632697" lon="101.7396478"><ele>2371.94</ele><time>2026-05-04T07:33:24Z</time></trkpt>
      <trkpt lat="36.6633212" lon="101.7396539"><ele>2372.13</ele><time>2026-05-04T07:33:25Z</time></trkpt>
      <trkpt lat="36.6633759" lon="101.7396571"><ele>2372.27</ele><time>2026-05-04T07:33:26Z</time></trkpt>
      <trkpt lat="36.6634340" lon="101.7396583"><ele>2372.42</ele><time>2026-05-04T07:33:27Z</time></trkpt>
      <trkpt lat="36.6639041" lon="101.7396475"><ele>2374.03</ele><time>2026-05-04T07:33:34Z</time></trkpt>
      <trkpt lat="36.6642547" lon="101.7396264"><ele>2375.48</ele><time>2026-05-04T07:33:39Z</time></trkpt>
      <trkpt lat="36.6643221" lon="101.7396129"><ele>2375.74</ele><time>2026-05-04T07:33:40Z</time></trkpt>
      <trkpt lat="36.6643884" lon="101.7395944"><ele>2376.03</ele><time>2026-05-04T07:33:41Z</time></trkpt>
      <trkpt lat="36.6644539" lon="101.7395713"><ele>2376.39</ele><time>2026-05-04T07:33:42Z</time></trkpt>
      <trkpt lat="36.6645189" lon="101.7395443"><ele>2376.71</ele><time>2026-05-04T07:33:43Z</time></trkpt>
      <trkpt lat="36.6650425" lon="101.7393157"><ele>2379.17</ele><time>2026-05-04T07:33:51Z</time></trkpt>
      <trkpt lat="36.6651089" lon="101.7393016"><ele>2379.53</ele><time>2026-05-04T07:33:52Z</time></trkpt>
      <trkpt lat="36.6655014" lon="101.7393094"><ele>2381.87</ele><time>2026-05-04T07:33:58Z</time></trkpt>
      <trkpt lat="36.6658755" lon="101.7393515"><ele>2383.32</ele><time>2026-05-04T07:34:04Z</time></trkpt>
      <trkpt lat="36.6660743" lon="101.7393299"><ele>2383.87</ele><time>2026-05-04T07:34:07Z</time></trkpt>
      <trkpt lat="36.6661439" lon="101.7393120"><ele>2384.1</ele><time>2026-05-04T07:34:08Z</time></trkpt>
      <trkpt lat="36.6662153" lon="101.7392886"><ele>2384.32</ele><time>2026-05-04T07:34:09Z</time></trkpt>
      <trkpt lat="36.6662882" lon="101.7392601"><ele>2384.64</ele><time>2026-05-04T07:34:10Z</time></trkpt>
      <trkpt lat="36.6663623" lon="101.7392275"><ele>2384.94</ele><time>2026-05-04T07:34:11Z</time></trkpt>
      <trkpt lat="36.6669039" lon="101.7389289"><ele>2388.07</ele><time>2026-05-04T07:34:18Z</time></trkpt>
      <trkpt lat="36.6673039" lon="101.7386831"><ele>2391.22</ele><time>2026-05-04T07:34:23Z</time></trkpt>
      <trkpt lat="36.6676265" lon="101.7384760"><ele>2394.6</ele><time>2026-05-04T07:34:27Z</time></trkpt>
      <trkpt lat="36.6679544" lon="101.7382789"><ele>2398.09</ele><time>2026-05-04T07:34:31Z</time></trkpt>
      <trkpt lat="36.6682811" lon="101.7381035"><ele>2401.78</ele><time>2026-05-04T07:34:35Z</time></trkpt>
      <trkpt lat="36.6685892" lon="101.7379499"><ele>2405.65</ele><time>2026-05-04T07:34:39Z</time></trkpt>
      <trkpt lat="36.6687878" lon="101.7378442"><ele>2408.81</ele><time>2026-05-04T07:34:42Z</time></trkpt>
      <trkpt lat="36.6689544" lon="101.7377077"><ele>2412.7</ele><time>2026-05-04T07:34:46Z</time></trkpt>
      <trkpt lat="36.6689686" lon="101.7376741"><ele>2413.57</ele><time>2026-05-04T07:34:47Z</time></trkpt>
      <trkpt lat="36.6689693" lon="101.7376414"><ele>2414.44</ele><time>2026-05-04T07:34:48Z</time></trkpt>
      <trkpt lat="36.6689556" lon="101.7376107"><ele>2415.26</ele><time>2026-05-04T07:34:49Z</time></trkpt>
      <trkpt lat="36.6689280" lon="101.7375829"><ele>2416.05</ele><time>2026-05-04T07:34:50Z</time></trkpt>
      <trkpt lat="36.6688877" lon="101.7375583"><ele>2416.72</ele><time>2026-05-04T07:34:51Z</time></trkpt>
      <trkpt lat="36.6688367" lon="101.7375368"><ele>2417.36</ele><time>2026-05-04T07:34:52Z</time></trkpt>
      <trkpt lat="36.6687775" lon="101.7375174"><ele>2417.87</ele><time>2026-05-04T07:34:53Z</time></trkpt>
      <trkpt lat="36.6683420" lon="101.7374063"><ele>2421.52</ele><time>2026-05-04T07:34:59Z</time></trkpt>
      <trkpt lat="36.6680611" lon="101.7373021"><ele>2424.63</ele><time>2026-05-04T07:35:03Z</time></trkpt>
      <trkpt lat="36.6678397" lon="101.7371770"><ele>2427.79</ele><time>2026-05-04T07:35:07Z</time></trkpt>
      <trkpt lat="36.6677325" lon="101.7370542"><ele>2430.54</ele><time>2026-05-04T07:35:11Z</time></trkpt>
      <trkpt lat="36.6677322" lon="101.7370267"><ele>2431.15</ele><time>2026-05-04T07:35:12Z</time></trkpt>
      <trkpt lat="36.6677445" lon="101.7370016"><ele>2431.77</ele><time>2026-05-04T07:35:13Z</time></trkpt>
      <trkpt lat="36.6677694" lon="101.7369795"><ele>2432.34</ele><time>2026-05-04T07:35:14Z</time></trkpt>
      <trkpt lat="36.6678060" lon="101.7369606"><ele>2432.88</ele><time>2026-05-04T07:35:15Z</time></trkpt>
      <trkpt lat="36.6678529" lon="101.7369448"><ele>2433.39</ele><time>2026-05-04T07:35:16Z</time></trkpt>
      <trkpt lat="36.6679083" lon="101.7369314"><ele>2433.9</ele><time>2026-05-04T07:35:17Z</time></trkpt>
      <trkpt lat="36.6682663" lon="101.7368890"><ele>2436.43</ele><time>2026-05-04T07:35:22Z</time></trkpt>
      <trkpt lat="36.6686761" lon="101.7368598"><ele>2439.64</ele><time>2026-05-04T07:35:27Z</time></trkpt>
      <trkpt lat="36.6689294" lon="101.7368335"><ele>2442.09</ele><time>2026-05-04T07:35:30Z</time></trkpt>
      <trkpt lat="36.6692775" lon="101.7367696"><ele>2445.31</ele><time>2026-05-04T07:35:34Z</time></trkpt>
      <trkpt lat="36.6698202" lon="101.7366211"><ele>2448.65</ele><time>2026-05-04T07:35:40Z</time></trkpt>
      <trkpt lat="36.6703722" lon="101.7364424"><ele>2451.87</ele><time>2026-05-04T07:35:46Z</time></trkpt>
      <trkpt lat="36.6708380" lon="101.7362999"><ele>2455.04</ele><time>2026-05-04T07:35:51Z</time></trkpt>
      <trkpt lat="36.6713715" lon="101.7361680"><ele>2458.55</ele><time>2026-05-04T07:35:57Z</time></trkpt>
      <trkpt lat="36.6716356" lon="101.7360615"><ele>2460.88</ele><time>2026-05-04T07:36:01Z</time></trkpt>
      <trkpt lat="36.6716743" lon="101.7360309"><ele>2461.57</ele><time>2026-05-04T07:36:02Z</time></trkpt>
      <trkpt lat="36.6716977" lon="101.7360004"><ele>2462.1</ele><time>2026-05-04T07:36:03Z</time></trkpt>
      <trkpt lat="36.6717042" lon="101.7359726"><ele>2462.74</ele><time>2026-05-04T07:36:04Z</time></trkpt>
      <trkpt lat="36.6716930" lon="101.7359509"><ele>2463.29</ele><time>2026-05-04T07:36:05Z</time></trkpt>
      <trkpt lat="36.6716647" lon="101.7359379"><ele>2463.76</ele><time>2026-05-04T07:36:06Z</time></trkpt>
      <trkpt lat="36.6716209" lon="101.7359347"><ele>2464.16</ele><time>2026-05-04T07:36:07Z</time></trkpt>
      <trkpt lat="36.6715643" lon="101.7359402"><ele>2464.52</ele><time>2026-05-04T07:36:08Z</time></trkpt>
      <trkpt lat="36.6714980" lon="101.7359515"><ele>2464.88</ele><time>2026-05-04T07:36:09Z</time></trkpt>
      <trkpt lat="36.6714251" lon="101.7359646"><ele>2465.16</ele><time>2026-05-04T07:36:10Z</time></trkpt>
      <trkpt lat="36.6713481" lon="101.7359761"><ele>2465.52</ele><time>2026-05-04T07:36:11Z</time></trkpt>
      <trkpt lat="36.6712693" lon="101.7359832"><ele>2465.76</ele><time>2026-05-04T07:36:12Z</time></trkpt>
      <trkpt lat="36.6711900" lon="101.7359844"><ele>2466.11</ele><time>2026-05-04T07:36:13Z</time></trkpt>
      <trkpt lat="36.6711114" lon="101.7359794"><ele>2466.42</ele><time>2026-05-04T07:36:14Z</time></trkpt>
      <trkpt lat="36.6710339" lon="101.7359683"><ele>2466.81</ele><time>2026-05-04T07:36:15Z</time></trkpt>
      <trkpt lat="36.6709577" lon="101.7359523"><ele>2467.21</ele><time>2026-05-04T07:36:16Z</time></trkpt>
      <trkpt lat="36.6705870" lon="101.7358527"><ele>2469.75</ele><time>2026-05-04T07:36:21Z</time></trkpt>
      <trkpt lat="36.6705121" lon="101.7358405"><ele>2470.38</ele><time>2026-05-04T07:36:22Z</time></trkpt>
      <trkpt lat="36.6704359" lon="101.7358333"><ele>2470.98</ele><time>2026-05-04T07:36:23Z</time></trkpt>
      <trkpt lat="36.6703580" lon="101.7358307"><ele>2471.56</ele><time>2026-05-04T07:36:24Z</time></trkpt>
      <trkpt lat="36.6702779" lon="101.7358312"><ele>2472.09</ele><time>2026-05-04T07:36:25Z</time></trkpt>
      <trkpt lat="36.6698432" lon="101.7358521"><ele>2474.65</ele><time>2026-05-04T07:36:30Z</time></trkpt>
      <trkpt lat="36.6693615" lon="101.7358683"><ele>2477.67</ele><time>2026-05-04T07:36:35Z</time></trkpt>
      <trkpt lat="36.6687805" lon="101.7358785"><ele>2480.73</ele><time>2026-05-04T07:36:41Z</time></trkpt>
      <trkpt lat="36.6683186" lon="101.7358386"><ele>2484.01</ele><time>2026-05-04T07:36:47Z</time></trkpt>
      <trkpt lat="36.6682690" lon="101.7358149"><ele>2484.67</ele><time>2026-05-04T07:36:48Z</time></trkpt>
      <trkpt lat="36.6682301" lon="101.7357838"><ele>2485.21</ele><time>2026-05-04T07:36:49Z</time></trkpt>
      <trkpt lat="36.6682026" lon="101.7357450"><ele>2485.67</ele><time>2026-05-04T07:36:50Z</time></trkpt>
      <trkpt lat="36.6681866" lon="101.7356989"><ele>2486.09</ele><time>2026-05-04T07:36:51Z</time></trkpt>
      <trkpt lat="36.6681812" lon="101.7356468"><ele>2486.48</ele><time>2026-05-04T07:36:52Z</time></trkpt>
      <trkpt lat="36.6681847" lon="101.7355906"><ele>2486.95</ele><time>2026-05-04T07:36:53Z</time></trkpt>
      <trkpt lat="36.6681951" lon="101.7355319"><ele>2487.48</ele><time>2026-05-04T07:36:54Z</time></trkpt>
      <trkpt lat="36.6682103" lon="101.7354721"><ele>2487.99</ele><time>2026-05-04T07:36:55Z</time></trkpt>
      <trkpt lat="36.6683954" lon="101.7350591"><ele>2491.46</ele><time>2026-05-04T07:37:02Z</time></trkpt>
      <trkpt lat="36.6685005" lon="101.7349052"><ele>2493.42</ele><time>2026-05-04T07:37:05Z</time></trkpt>
      <trkpt lat="36.6685390" lon="101.7348617"><ele>2494.1</ele><time>2026-05-04T07:37:06Z</time></trkpt>
      <trkpt lat="36.6685795" lon="101.7348242"><ele>2494.72</ele><time>2026-05-04T07:37:07Z</time></trkpt>
      <trkpt lat="36.6686219" lon="101.7347939"><ele>2495.36</ele><time>2026-05-04T07:37:08Z</time></trkpt>
      <trkpt lat="36.6686661" lon="101.7347721"><ele>2495.95</ele><time>2026-05-04T07:37:09Z</time></trkpt>
      <trkpt lat="36.6687115" lon="101.7347592"><ele>2496.56</ele><time>2026-05-04T07:37:10Z</time></trkpt>
      <trkpt lat="36.6687581" lon="101.7347553"><ele>2497.32</ele><time>2026-05-04T07:37:11Z</time></trkpt>
      <trkpt lat="36.6688057" lon="101.7347595"><ele>2498.07</ele><time>2026-05-04T07:37:12Z</time></trkpt>
      <trkpt lat="36.6688546" lon="101.7347704"><ele>2498.75</ele><time>2026-05-04T07:37:13Z</time></trkpt>
      <trkpt lat="36.6689053" lon="101.7347864"><ele>2499.44</ele><time>2026-05-04T07:37:14Z</time></trkpt>
      <trkpt lat="36.6689586" lon="101.7348056"><ele>2499.9</ele><time>2026-05-04T07:37:15Z</time></trkpt>
      <trkpt lat="36.6690149" lon="101.7348265"><ele>2500.2</ele><time>2026-05-04T07:37:16Z</time></trkpt>
      <trkpt lat="36.6690746" lon="101.7348474"><ele>2500.42</ele><time>2026-05-04T07:37:17Z</time></trkpt>
      <trkpt lat="36.6691378" lon="101.7348674"><ele>2500.67</ele><time>2026-05-04T07:37:18Z</time></trkpt>
      <trkpt lat="36.6692044" lon="101.7348858"><ele>2500.98</ele><time>2026-05-04T07:37:19Z</time></trkpt>
      <trkpt lat="36.6698086" lon="101.7349273"><ele>2503.71</ele><time>2026-05-04T07:37:27Z</time></trkpt>
      <trkpt lat="36.6698858" lon="101.7349131"><ele>2504.16</ele><time>2026-05-04T07:37:28Z</time></trkpt>
      <trkpt lat="36.6699622" lon="101.7348936"><ele>2504.6</ele><time>2026-05-04T07:37:29Z</time></trkpt>
      <trkpt lat="36.6704689" lon="101.7346889"><ele>2507.81</ele><time>2026-05-04T07:37:36Z</time></trkpt>
      <trkpt lat="36.6706067" lon="101.7346396"><ele>2509.16</ele><time>2026-05-04T07:37:38Z</time></trkpt>
      <trkpt lat="36.6706749" lon="101.7346194"><ele>2509.93</ele><time>2026-05-04T07:37:39Z</time></trkpt>
      <trkpt lat="36.6707426" lon="101.7346012"><ele>2510.74</ele><time>2026-05-04T07:37:40Z</time></trkpt>
      <trkpt lat="36.6709421" lon="101.7345454"><ele>2513.18</ele><time>2026-05-04T07:37:43Z</time></trkpt>
      <trkpt lat="36.6710070" lon="101.7345220"><ele>2513.99</ele><time>2026-05-04T07:37:44Z</time></trkpt>
      <trkpt lat="36.6710713" lon="101.7344952"><ele>2514.68</ele><time>2026-05-04T07:37:45Z</time></trkpt>
      <trkpt lat="36.6714001" lon="101.7343553"><ele>2518.18</ele><time>2026-05-04T07:37:50Z</time></trkpt>
      <trkpt lat="36.6714715" lon="101.7343366"><ele>2518.66</ele><time>2026-05-04T07:37:51Z</time></trkpt>
      <trkpt lat="36.6715459" lon="101.7343232"><ele>2519.21</ele><time>2026-05-04T07:37:52Z</time></trkpt>
      <trkpt lat="36.6719594" lon="101.7342926"><ele>2522.57</ele><time>2026-05-04T07:37:57Z</time></trkpt>
      <trkpt lat="36.6723157" lon="101.7342195"><ele>2525.79</ele><time>2026-05-04T07:38:01Z</time></trkpt>
      <trkpt lat="36.6726484" lon="101.7340325"><ele>2529.08</ele><time>2026-05-04T07:38:05Z</time></trkpt>
      <trkpt lat="36.6727218" lon="101.7339648"><ele>2529.92</ele><time>2026-05-04T07:38:06Z</time></trkpt>
      <trkpt lat="36.6727901" lon="101.7338885"><ele>2530.7</ele><time>2026-05-04T07:38:07Z</time></trkpt>
      <trkpt lat="36.6728531" lon="101.7338042"><ele>2531.32</ele><time>2026-05-04T07:38:08Z</time></trkpt>
      <trkpt lat="36.6729110" lon="101.7337123"><ele>2532.02</ele><time>2026-05-04T07:38:09Z</time></trkpt>
      <trkpt lat="36.6729644" lon="101.7336138"><ele>2532.69</ele><time>2026-05-04T07:38:10Z</time></trkpt>
      <trkpt lat="36.6730139" lon="101.7335098"><ele>2533.39</ele><time>2026-05-04T07:38:11Z</time></trkpt>
      <trkpt lat="36.6732551" lon="101.7328153"><ele>2536.61</ele><time>2026-05-04T07:38:17Z</time></trkpt>
      <trkpt lat="36.6734375" lon="101.7321380"><ele>2539.82</ele><time>2026-05-04T07:38:23Z</time></trkpt>
      <trkpt lat="36.6735137" lon="101.7318092"><ele>2542.25</ele><time>2026-05-04T07:38:27Z</time></trkpt>
      <trkpt lat="36.6735513" lon="101.7316315"><ele>2544.22</ele><time>2026-05-04T07:38:31Z</time></trkpt>
      <trkpt lat="36.6735646" lon="101.7315591"><ele>2545.55</ele><time>2026-05-04T07:38:37Z</time></trkpt>
      <trkpt lat="36.6735603" lon="101.7315659"><ele>2545.89</ele><time>2026-05-04T07:38:39Z</time></trkpt>
      <trkpt lat="36.6735539" lon="101.7315785"><ele>2546.09</ele><time>2026-05-04T07:38:41Z</time></trkpt>
      <trkpt lat="36.6735142" lon="101.7316545"><ele>2545.69</ele><time>2026-05-04T07:38:51Z</time></trkpt>
      <trkpt lat="36.6735068" lon="101.7316685"><ele>2545.6</ele><time>2026-05-04T07:38:53Z</time></trkpt>
    </trkseg>
    <trkseg>
      <trkpt lat="36.6734033" lon="101.7316813"><ele>2545.7</ele><time>2026-05-04T07:55:28Z</time></trkpt>
      <trkpt lat="36.6733342" lon="101.7316537"><ele>2544.79</ele><time>2026-05-04T07:55:35Z</time></trkpt>
      <trkpt lat="36.6732537" lon="101.7316286"><ele>2544.56</ele><time>2026-05-04T07:55:43Z</time></trkpt>
      <trkpt lat="36.6731891" lon="101.7316237"><ele>2544.1</ele><time>2026-05-04T07:55:49Z</time></trkpt>
      <trkpt lat="36.6730914" lon="101.7316312"><ele>2544.06</ele><time>2026-05-04T07:55:58Z</time></trkpt>
      <trkpt lat="36.6729653" lon="101.7316659"><ele>2544.14</ele><time>2026-05-04T07:56:09Z</time></trkpt>
      <trkpt lat="36.6728711" lon="101.7317027"><ele>2543.89</ele><time>2026-05-04T07:56:18Z</time></trkpt>
      <trkpt lat="36.6727924" lon="101.7317441"><ele>2543.17</ele><time>2026-05-04T07:56:28Z</time></trkpt>
      <trkpt lat="36.6727608" lon="101.7317698"><ele>2543.33</ele><time>2026-05-04T07:56:37Z</time></trkpt>
    </trkseg>
    <trkseg>
      <trkpt lat="36.6727511" lon="101.7319282"><ele>2543.32</ele><time>2026-05-04T08:00:03Z</time></trkpt>
      <trkpt lat="36.6727429" lon="101.7320526"><ele>2543.48</ele><time>2026-05-04T08:00:13Z</time></trkpt>
      <trkpt lat="36.6727314" lon="101.7321686"><ele>2543.69</ele><time>2026-05-04T08:00:22Z</time></trkpt>
      <trkpt lat="36.6727159" lon="101.7322593"><ele>2543.88</ele><time>2026-05-04T08:00:29Z</time></trkpt>
      <trkpt lat="36.6726561" lon="101.7323556"><ele>2543.76</ele><time>2026-05-04T08:00:39Z</time></trkpt>
      <trkpt lat="36.6725623" lon="101.7323891"><ele>2543.59</ele><time>2026-05-04T08:00:49Z</time></trkpt>
      <trkpt lat="36.6725123" lon="101.7323864"><ele>2543.53</ele><time>2026-05-04T08:00:57Z</time></trkpt>
      <trkpt lat="36.6725032" lon="101.7323852"><ele>2543.55</ele><time>2026-05-04T08:00:59Z</time></trkpt>
    </trkseg>
    <trkseg>
      <trkpt lat="36.6722743" lon="101.7323584"><ele>2543.58</ele><time>2026-05-04T08:01:45Z</time></trkpt>
      <trkpt lat="36.6721436" lon="101.7323020"><ele>2543.21</ele><time>2026-05-04T08:01:55Z</time></trkpt>
      <trkpt lat="36.6720517" lon="101.7322703"><ele>2543.07</ele><time>2026-05-04T08:02:03Z</time></trkpt>
      <trkpt lat="36.6719965" lon="101.7322390"><ele>2542.86</ele><time>2026-05-04T08:02:10Z</time></trkpt>
      <trkpt lat="36.6719491" lon="101.7322065"><ele>2542.52</ele><time>2026-05-04T08:02:18Z</time></trkpt>
      <trkpt lat="36.6719310" lon="101.7321957"><ele>2542.25</ele><time>2026-05-04T08:02:21Z</time></trkpt>
      <trkpt lat="36.6719005" lon="101.7321884"><ele>2541.73</ele><time>2026-05-04T08:02:25Z</time></trkpt>
      <trkpt lat="36.6718252" lon="101.7322303"><ele>2541.03</ele><time>2026-05-04T08:02:35Z</time></trkpt>
      <trkpt lat="36.6718036" lon="101.7322868"><ele>2541.07</ele><time>2026-05-04T08:02:42Z</time></trkpt>
      <trkpt lat="36.6718120" lon="101.7323655"><ele>2541.8</ele><time>2026-05-04T08:02:50Z</time></trkpt>
      <trkpt lat="36.6718146" lon="101.7324174"><ele>2542.69</ele><time>2026-05-04T08:02:58Z</time></trkpt>
    </trkseg>
    <trkseg>
      <trkpt lat="36.6719292" lon="101.7324588"><ele>2542.72</ele><time>2026-05-04T08:22:41Z</time></trkpt>
      <trkpt lat="36.6719211" lon="101.7325644"><ele>2542.67</ele><time>2026-05-04T08:22:49Z</time></trkpt>
      <trkpt lat="36.6719192" lon="101.7325919"><ele>2542.79</ele><time>2026-05-04T08:22:51Z</time></trkpt>
      <trkpt lat="36.6719122" lon="101.7326946"><ele>2542.85</ele><time>2026-05-04T08:23:00Z</time></trkpt>
      <trkpt lat="36.6719092" lon="101.7327175"><ele>2542.9</ele><time>2026-05-04T08:23:04Z</time></trkpt>
    </trkseg>
    <trkseg>
      <trkpt lat="36.6719053" lon="101.7326839"><ele>2543.92</ele><time>2026-05-04T08:26:30Z</time></trkpt>
      <trkpt lat="36.6718729" lon="101.7325778"><ele>2543.67</ele><time>2026-05-04T08:26:39Z</time></trkpt>
      <trkpt lat="36.6718692" lon="101.7325646"><ele>2543.61</ele><time>2026-05-04T08:26:40Z</time></trkpt>
      <trkpt lat="36.6718439" lon="101.7324430"><ele>2543.12</ele><time>2026-05-04T08:26:49Z</time></trkpt>
      <trkpt lat="36.6718461" lon="101.7323681"><ele>2543.27</ele><time>2026-05-04T08:26:57Z</time></trkpt>
      <trkpt lat="36.6718500" lon="101.7323520"><ele>2543.3</ele><time>2026-05-04T08:27:00Z</time></trkpt>
    </trkseg>
    <trkseg>
      <trkpt lat="36.6721038" lon="101.7323324"><ele>2543</ele><time>2026-05-04T08:29:41Z</time></trkpt>
      <trkpt lat="36.6721978" lon="101.7323647"><ele>2543.08</ele><time>2026-05-04T08:29:50Z</time></trkpt>
      <trkpt lat="36.6722796" lon="101.7323985"><ele>2543.48</ele><time>2026-05-04T08:29:58Z</time></trkpt>
      <trkpt lat="36.6723355" lon="101.7324162"><ele>2543.68</ele><time>2026-05-04T08:30:04Z</time></trkpt>
      <trkpt lat="36.6723877" lon="101.7324080"><ele>2543.75</ele><time>2026-05-04T08:30:11Z</time></trkpt>
      <trkpt lat="36.6724581" lon="101.7324079"><ele>2543.82</ele><time>2026-05-04T08:30:20Z</time></trkpt>
      <trkpt lat="36.6724993" lon="101.7324260"><ele>2544.05</ele><time>2026-05-04T08:30:25Z</time></trkpt>
      <trkpt lat="36.6725411" lon="101.7324458"><ele>2543.97</ele><time>2026-05-04T08:30:30Z</time></trkpt>
      <trkpt lat="36.6725970" lon="101.7324464"><ele>2543.92</ele><time>2026-05-04T08:30:36Z</time></trkpt>
      <trkpt lat="36.6726842" lon="101.7324077"><ele>2543.86</ele><time>2026-05-04T08:30:45Z</time></trkpt>
      <trkpt lat="36.6727272" lon="101.7323437"><ele>2543.92</ele><time>2026-05-04T08:30:52Z</time></trkpt>
      <trkpt lat="36.6727380" lon="101.7322854"><ele>2543.85</ele><time>2026-05-04T08:30:57Z</time></trkpt>
      <trkpt lat="36.6727504" lon="101.7321486"><ele>2543.88</ele><time>2026-05-04T08:31:08Z</time></trkpt>
      <trkpt lat="36.6727521" lon="101.7321227"><ele>2543.78</ele><time>2026-05-04T08:31:10Z</time></trkpt>
      <trkpt lat="36.6727543" lon="101.7320817"><ele>2543.61</ele><time>2026-05-04T08:31:13Z</time></trkpt>
      <trkpt lat="36.6727611" lon="101.7319465"><ele>2543.84</ele><time>2026-05-04T08:31:22Z</time></trkpt>
      <trkpt lat="36.6727623" lon="101.7319318"><ele>2543.91</ele><time>2026-05-04T08:31:23Z</time></trkpt>
      <trkpt lat="36.6727720" lon="101.7318549"><ele>2544.22</ele><time>2026-05-04T08:31:29Z</time></trkpt>
      <trkpt lat="36.6727951" lon="101.7317917"><ele>2544.55</ele><time>2026-05-04T08:31:38Z</time></trkpt>
    </trkseg>
    <trkseg>
      <trkpt lat="36.6730002" lon="101.7317318"><ele>2545.03</ele><time>2026-05-04T08:32:03Z</time></trkpt>
      <trkpt lat="36.6731162" lon="101.7317056"><ele>2544.94</ele><time>2026-05-04T08:32:12Z</time></trkpt>
      <trkpt lat="36.6732062" lon="101.7316911"><ele>2545.53</ele><time>2026-05-04T08:32:21Z</time></trkpt>
      <trkpt lat="36.6732468" lon="101.7316792"><ele>2545.31</ele><time>2026-05-04T08:32:28Z</time></trkpt>
      <trkpt lat="36.6732515" lon="101.7316775"><ele>2545.26</ele><time>2026-05-04T08:32:29Z</time></trkpt>
    </trkseg>
    <trkseg>
      <trkpt lat="36.6735067" lon="101.7317131"><ele>2545.59</ele><time>2026-05-04T08:35:57Z</time></trkpt>
      <trkpt lat="36.6735341" lon="101.7316668"><ele>2545.59</ele><time>2026-05-04T08:35:58Z</time></trkpt>
      <trkpt lat="36.6737860" lon="101.7312726"><ele>2546.76</ele><time>2026-05-04T08:36:06Z</time></trkpt>
      <trkpt lat="36.6740822" lon="101.7309038"><ele>2550.13</ele><time>2026-05-04T08:36:13Z</time></trkpt>
      <trkpt lat="36.6743129" lon="101.7306503"><ele>2553.46</ele><time>2026-05-04T08:36:18Z</time></trkpt>
      <trkpt lat="36.6745203" lon="101.7304023"><ele>2557.12</ele><time>2026-05-04T08:36:23Z</time></trkpt>
      <trkpt lat="36.6745556" lon="101.7303465"><ele>2557.8</ele><time>2026-05-04T08:36:24Z</time></trkpt>
      <trkpt lat="36.6745885" lon="101.7302866"><ele>2558.49</ele><time>2026-05-04T08:36:25Z</time></trkpt>
      <trkpt lat="36.6746193" lon="101.7302222"><ele>2559.17</ele><time>2026-05-04T08:36:26Z</time></trkpt>
      <trkpt lat="36.6747689" lon="101.7298448"><ele>2562.65</ele><time>2026-05-04T08:36:31Z</time></trkpt>
      <trkpt lat="36.6749326" lon="101.7295161"><ele>2565.8</ele><time>2026-05-04T08:36:35Z</time></trkpt>
      <trkpt lat="36.6751064" lon="101.7292823"><ele>2568.37</ele><time>2026-05-04T08:36:38Z</time></trkpt>
      <trkpt lat="36.6751751" lon="101.7292093"><ele>2569.31</ele><time>2026-05-04T08:36:39Z</time></trkpt>
      <trkpt lat="36.6754091" lon="101.7290076"><ele>2572.44</ele><time>2026-05-04T08:36:42Z</time></trkpt>
      <trkpt lat="36.6756722" lon="101.7288326"><ele>2575.67</ele><time>2026-05-04T08:36:45Z</time></trkpt>
      <trkpt lat="36.6760428" lon="101.7286426"><ele>2579.37</ele><time>2026-05-04T08:36:49Z</time></trkpt>
      <trkpt lat="36.6763145" lon="101.7285151"><ele>2582.4</ele><time>2026-05-04T08:36:52Z</time></trkpt>
      <trkpt lat="36.6765600" lon="101.7283612"><ele>2585.16</ele><time>2026-05-04T08:36:55Z</time></trkpt>
      <trkpt lat="36.6766332" lon="101.7282963"><ele>2585.88</ele><time>2026-05-04T08:36:56Z</time></trkpt>
      <trkpt lat="36.6767013" lon="101.7282229"><ele>2586.52</ele><time>2026-05-04T08:36:57Z</time></trkpt>
      <trkpt lat="36.6768738" lon="101.7279549"><ele>2588.37</ele><time>2026-05-04T08:37:00Z</time></trkpt>
      <trkpt lat="36.6769209" lon="101.7278524"><ele>2589.04</ele><time>2026-05-04T08:37:01Z</time></trkpt>
      <trkpt lat="36.6769637" lon="101.7277452"><ele>2589.69</ele><time>2026-05-04T08:37:02Z</time></trkpt>
      <trkpt lat="36.6770032" lon="101.7276354"><ele>2590.26</ele><time>2026-05-04T08:37:03Z</time></trkpt>
      <trkpt lat="36.6770412" lon="101.7275251"><ele>2590.75</ele><time>2026-05-04T08:37:04Z</time></trkpt>
      <trkpt lat="36.6772167" lon="101.7271252"><ele>2591.93</ele><time>2026-05-04T08:37:08Z</time></trkpt>
      <trkpt lat="36.6772758" lon="101.7270463"><ele>2592.05</ele><time>2026-05-04T08:37:09Z</time></trkpt>
      <trkpt lat="36.6773435" lon="101.7269791"><ele>2592.21</ele><time>2026-05-04T08:37:10Z</time></trkpt>
      <trkpt lat="36.6774194" lon="101.7269235"><ele>2592.4</ele><time>2026-05-04T08:37:11Z</time></trkpt>
      <trkpt lat="36.6775019" lon="101.7268784"><ele>2592.62</ele><time>2026-05-04T08:37:12Z</time></trkpt>
      <trkpt lat="36.6775890" lon="101.7268415"><ele>2592.85</ele><time>2026-05-04T08:37:13Z</time></trkpt>
      <trkpt lat="36.6776783" lon="101.7268099"><ele>2593.04</ele><time>2026-05-04T08:37:14Z</time></trkpt>
      <trkpt lat="36.6780188" lon="101.7266797"><ele>2594.2</ele><time>2026-05-04T08:37:18Z</time></trkpt>
      <trkpt lat="36.6780916" lon="101.7266336"><ele>2594.58</ele><time>2026-05-04T08:37:19Z</time></trkpt>
      <trkpt lat="36.6781571" lon="101.7265785"><ele>2595.03</ele><time>2026-05-04T08:37:20Z</time></trkpt>
      <trkpt lat="36.6782158" lon="101.7265147"><ele>2595.51</ele><time>2026-05-04T08:37:21Z</time></trkpt>
      <trkpt lat="36.6782685" lon="101.7264438"><ele>2596.03</ele><time>2026-05-04T08:37:22Z</time></trkpt>
      <trkpt lat="36.6783170" lon="101.7263680"><ele>2596.38</ele><time>2026-05-04T08:37:23Z</time></trkpt>
      <trkpt lat="36.6785498" lon="101.7260005"><ele>2599.44</ele><time>2026-05-04T08:37:28Z</time></trkpt>
      <trkpt lat="36.6786044" lon="101.7259456"><ele>2600.19</ele><time>2026-05-04T08:37:29Z</time></trkpt>
      <trkpt lat="36.6786640" lon="101.7259013"><ele>2600.9</ele><time>2026-05-04T08:37:30Z</time></trkpt>
      <trkpt lat="36.6787288" lon="101.7258680"><ele>2601.56</ele><time>2026-05-04T08:37:31Z</time></trkpt>
      <trkpt lat="36.6787981" lon="101.7258452"><ele>2602.29</ele><time>2026-05-04T08:37:32Z</time></trkpt>
      <trkpt lat="36.6788713" lon="101.7258315"><ele>2603.05</ele><time>2026-05-04T08:37:33Z</time></trkpt>
      <trkpt lat="36.6789475" lon="101.7258245"><ele>2603.72</ele><time>2026-05-04T08:37:34Z</time></trkpt>
      <trkpt lat="36.6790261" lon="101.7258214"><ele>2604.46</ele><time>2026-05-04T08:37:35Z</time></trkpt>
      <trkpt lat="36.6791064" lon="101.7258190"><ele>2605.11</ele><time>2026-05-04T08:37:36Z</time></trkpt>
      <trkpt lat="36.6793533" lon="101.7257883"><ele>2607.12</ele><time>2026-05-04T08:37:39Z</time></trkpt>
      <trkpt lat="36.6794364" lon="101.7257620"><ele>2607.94</ele><time>2026-05-04T08:37:40Z</time></trkpt>
      <trkpt lat="36.6795196" lon="101.7257251"><ele>2608.75</ele><time>2026-05-04T08:37:41Z</time></trkpt>
      <trkpt lat="36.6796031" lon="101.7256778"><ele>2609.59</ele><time>2026-05-04T08:37:42Z</time></trkpt>
      <trkpt lat="36.6796875" lon="101.7256215"><ele>2610.5</ele><time>2026-05-04T08:37:43Z</time></trkpt>
      <trkpt lat="36.6797731" lon="101.7255581"><ele>2611.36</ele><time>2026-05-04T08:37:44Z</time></trkpt>
      <trkpt lat="36.6802213" lon="101.7251929"><ele>2614.85</ele><time>2026-05-04T08:37:49Z</time></trkpt>
      <trkpt lat="36.6806731" lon="101.7248179"><ele>2617.37</ele><time>2026-05-04T08:37:54Z</time></trkpt>
      <trkpt lat="36.6807571" lon="101.7247355"><ele>2617.88</ele><time>2026-05-04T08:37:55Z</time></trkpt>
      <trkpt lat="36.6808379" lon="101.7246484"><ele>2618.21</ele><time>2026-05-04T08:37:56Z</time></trkpt>
      <trkpt lat="36.6809162" lon="101.7245564"><ele>2618.5</ele><time>2026-05-04T08:37:57Z</time></trkpt>
      <trkpt lat="36.6813824" lon="101.7239576"><ele>2620.09</ele><time>2026-05-04T08:38:03Z</time></trkpt>
      <trkpt lat="36.6814688" lon="101.7238625"><ele>2620.32</ele><time>2026-05-04T08:38:04Z</time></trkpt>
      <trkpt lat="36.6815593" lon="101.7237715"><ele>2620.56</ele><time>2026-05-04T08:38:05Z</time></trkpt>
      <trkpt lat="36.6824992" lon="101.7231236"><ele>2623.06</ele><time>2026-05-04T08:38:14Z</time></trkpt>
      <trkpt lat="36.6831663" lon="101.7228163"><ele>2626.6</ele><time>2026-05-04T08:38:20Z</time></trkpt>
      <trkpt lat="36.6836906" lon="101.7225980"><ele>2629.93</ele><time>2026-05-04T08:38:25Z</time></trkpt>
      <trkpt lat="36.6841284" lon="101.7224503"><ele>2632.92</ele><time>2026-05-04T08:38:30Z</time></trkpt>
      <trkpt lat="36.6844487" lon="101.7223210"><ele>2634.23</ele><time>2026-05-04T08:38:35Z</time></trkpt>
      <trkpt lat="36.6845029" lon="101.7222860"><ele>2634.3</ele><time>2026-05-04T08:38:36Z</time></trkpt>
      <trkpt lat="36.6845553" lon="101.7222456"><ele>2634.47</ele><time>2026-05-04T08:38:37Z</time></trkpt>
      <trkpt lat="36.6846065" lon="101.7221995"><ele>2634.56</ele><time>2026-05-04T08:38:38Z</time></trkpt>
      <trkpt lat="36.6849041" lon="101.7218240"><ele>2636.48</ele><time>2026-05-04T08:38:44Z</time></trkpt>
      <trkpt lat="36.6852001" lon="101.7213621"><ele>2639.66</ele><time>2026-05-04T08:38:50Z</time></trkpt>
      <trkpt lat="36.6854866" lon="101.7209153"><ele>2643.3</ele><time>2026-05-04T08:38:56Z</time></trkpt>
      <trkpt lat="36.6856968" lon="101.7205916"><ele>2646.66</ele><time>2026-05-04T08:39:01Z</time></trkpt>
      <trkpt lat="36.6858860" lon="101.7202933"><ele>2650.19</ele><time>2026-05-04T08:39:06Z</time></trkpt>
      <trkpt lat="36.6860790" lon="101.7199718"><ele>2653.49</ele><time>2026-05-04T08:39:11Z</time></trkpt>
      <trkpt lat="36.6862492" lon="101.7196841"><ele>2656.55</ele><time>2026-05-04T08:39:15Z</time></trkpt>
      <trkpt lat="36.6864822" lon="101.7192877"><ele>2660.01</ele><time>2026-05-04T08:39:20Z</time></trkpt>
      <trkpt lat="36.6867742" lon="101.7187634"><ele>2663.19</ele><time>2026-05-04T08:39:26Z</time></trkpt>
      <trkpt lat="36.6870964" lon="101.7181931"><ele>2666.44</ele><time>2026-05-04T08:39:32Z</time></trkpt>
      <trkpt lat="36.6871583" lon="101.7180966"><ele>2666.88</ele><time>2026-05-04T08:39:33Z</time></trkpt>
      <trkpt lat="36.6872232" lon="101.7180003"><ele>2667.23</ele><time>2026-05-04T08:39:34Z</time></trkpt>
      <trkpt lat="36.6880272" lon="101.7172336"><ele>2669.62</ele><time>2026-05-04T08:39:44Z</time></trkpt>
      <trkpt lat="36.6881230" lon="101.7171989"><ele>2669.87</ele><time>2026-05-04T08:39:45Z</time></trkpt>
      <trkpt lat="36.6882217" lon="101.7171761"><ele>2670.12</ele><time>2026-05-04T08:39:46Z</time></trkpt>
      <trkpt lat="36.6883235" lon="101.7171656"><ele>2670.5</ele><time>2026-05-04T08:39:47Z</time></trkpt>
      <trkpt lat="36.6884285" lon="101.7171665"><ele>2670.91</ele><time>2026-05-04T08:39:48Z</time></trkpt>
      <trkpt lat="36.6885365" lon="101.7171770"><ele>2671.33</ele><time>2026-05-04T08:39:49Z</time></trkpt>
      <trkpt lat="36.6886474" lon="101.7171944"><ele>2671.75</ele><time>2026-05-04T08:39:50Z</time></trkpt>
      <trkpt lat="36.6893347" lon="101.7173417"><ele>2675.05</ele><time>2026-05-04T08:39:56Z</time></trkpt>
      <trkpt lat="36.6898565" lon="101.7173472"><ele>2677.74</ele><time>2026-05-04T08:40:01Z</time></trkpt>
      <trkpt lat="36.6899463" lon="101.7173134"><ele>2677.87</ele><time>2026-05-04T08:40:02Z</time></trkpt>
      <trkpt lat="36.6900299" lon="101.7172644"><ele>2677.99</ele><time>2026-05-04T08:40:03Z</time></trkpt>
      <trkpt lat="36.6901076" lon="101.7172004"><ele>2678.24</ele><time>2026-05-04T08:40:04Z</time></trkpt>
      <trkpt lat="36.6901801" lon="101.7171228"><ele>2678.44</ele><time>2026-05-04T08:40:05Z</time></trkpt>
      <trkpt lat="36.6902491" lon="101.7170338"><ele>2678.66</ele><time>2026-05-04T08:40:06Z</time></trkpt>
      <trkpt lat="36.6903163" lon="101.7169363"><ele>2678.79</ele><time>2026-05-04T08:40:07Z</time></trkpt>
      <trkpt lat="36.6903836" lon="101.7168332"><ele>2678.95</ele><time>2026-05-04T08:40:08Z</time></trkpt>
      <trkpt lat="36.6907364" lon="101.7162855"><ele>2680.01</ele><time>2026-05-04T08:40:13Z</time></trkpt>
      <trkpt lat="36.6911784" lon="101.7156363"><ele>2680.31</ele><time>2026-05-04T08:40:19Z</time></trkpt>
      <trkpt lat="36.6916014" lon="101.7149855"><ele>2680.1</ele><time>2026-05-04T08:40:25Z</time></trkpt>
      <trkpt lat="36.6918450" lon="101.7146959"><ele>2679.98</ele><time>2026-05-04T08:40:28Z</time></trkpt>
      <trkpt lat="36.6919337" lon="101.7146105"><ele>2679.96</ele><time>2026-05-04T08:40:29Z</time></trkpt>
      <trkpt lat="36.6920255" lon="101.7145314"><ele>2679.95</ele><time>2026-05-04T08:40:30Z</time></trkpt>
      <trkpt lat="36.6926560" lon="101.7140431"><ele>2679.89</ele><time>2026-05-04T08:40:37Z</time></trkpt>
      <trkpt lat="36.6927286" lon="101.7139632"><ele>2679.84</ele><time>2026-05-04T08:40:38Z</time></trkpt>
      <trkpt lat="36.6927936" lon="101.7138770"><ele>2679.74</ele><time>2026-05-04T08:40:39Z</time></trkpt>
      <trkpt lat="36.6928512" lon="101.7137850"><ele>2679.58</ele><time>2026-05-04T08:40:40Z</time></trkpt>
      <trkpt lat="36.6929020" lon="101.7136881"><ele>2679.38</ele><time>2026-05-04T08:40:41Z</time></trkpt>
      <trkpt lat="36.6929472" lon="101.7135878"><ele>2679.11</ele><time>2026-05-04T08:40:42Z</time></trkpt>
      <trkpt lat="36.6931599" lon="101.7129828"><ele>2677.21</ele><time>2026-05-04T08:40:48Z</time></trkpt>
      <trkpt lat="36.6933169" lon="101.7126654"><ele>2676</ele><time>2026-05-04T08:40:52Z</time></trkpt>
      <trkpt lat="36.6933655" lon="101.7126084"><ele>2675.76</ele><time>2026-05-04T08:40:53Z</time></trkpt>
      <trkpt lat="36.6934185" lon="101.7125620"><ele>2675.5</ele><time>2026-05-04T08:40:54Z</time></trkpt>
      <trkpt lat="36.6934757" lon="101.7125253"><ele>2675.13</ele><time>2026-05-04T08:40:55Z</time></trkpt>
      <trkpt lat="36.6935364" lon="101.7124969"><ele>2674.76</ele><time>2026-05-04T08:40:56Z</time></trkpt>
      <trkpt lat="36.6935999" lon="101.7124750"><ele>2674.46</ele><time>2026-05-04T08:40:57Z</time></trkpt>
      <trkpt lat="36.6942472" lon="101.7124600"><ele>2672.84</ele><time>2026-05-04T08:41:06Z</time></trkpt>
      <trkpt lat="36.6946480" lon="101.7125316"><ele>2672.2</ele><time>2026-05-04T08:41:11Z</time></trkpt>
      <trkpt lat="36.6953162" lon="101.7127394"><ele>2672.31</ele><time>2026-05-04T08:41:19Z</time></trkpt>
      <trkpt lat="36.6957851" lon="101.7130116"><ele>2671.94</ele><time>2026-05-04T08:41:26Z</time></trkpt>
      <trkpt lat="36.6959346" lon="101.7131201"><ele>2671.78</ele><time>2026-05-04T08:41:30Z</time></trkpt>
      <trkpt lat="36.6960106" lon="101.7131692"><ele>2670.87</ele><time>2026-05-04T08:41:35Z</time></trkpt>
      <trkpt lat="36.6960201" lon="101.7131726"><ele>2670.6</ele><time>2026-05-04T08:41:36Z</time></trkpt>
      <trkpt lat="36.6960298" lon="101.7131756"><ele>2670.39</ele><time>2026-05-04T08:41:37Z</time></trkpt>
      <trkpt lat="36.6960400" lon="101.7131785"><ele>2670.23</ele><time>2026-05-04T08:41:38Z</time></trkpt>
      <trkpt lat="36.6960504" lon="101.7131817"><ele>2670.06</ele><time>2026-05-04T08:41:39Z</time></trkpt>
      <trkpt lat="36.6960605" lon="101.7131852"><ele>2669.94</ele><time>2026-05-04T08:41:40Z</time></trkpt>
      <trkpt lat="36.6960697" lon="101.7131888"><ele>2669.85</ele><time>2026-05-04T08:41:41Z</time></trkpt>
      <trkpt lat="36.6961106" lon="101.7132165"><ele>2669.51</ele><time>2026-05-04T08:41:49Z</time></trkpt>
      <trkpt lat="36.6961159" lon="101.7132226"><ele>2669.59</ele><time>2026-05-04T08:41:51Z</time></trkpt>
    </trkseg>
    <trkseg>
      <trkpt lat="36.6962030" lon="101.7133734"><ele>2670.58</ele><time>2026-05-04T08:46:02Z</time></trkpt>
      <trkpt lat="36.6963037" lon="101.7132558"><ele>2670.64</ele><time>2026-05-04T08:46:07Z</time></trkpt>
      <trkpt lat="36.6963733" lon="101.7130877"><ele>2670.71</ele><time>2026-05-04T08:46:11Z</time></trkpt>
      <trkpt lat="36.6965032" lon="101.7125305"><ele>2671.41</ele><time>2026-05-04T08:46:19Z</time></trkpt>
      <trkpt lat="36.6966711" lon="101.7117972"><ele>2672.46</ele><time>2026-05-04T08:46:27Z</time></trkpt>
      <trkpt lat="36.6969238" lon="101.7108663"><ele>2673.56</ele><time>2026-05-04T08:46:37Z</time></trkpt>
      <trkpt lat="36.6971519" lon="101.7097874"><ele>2675.93</ele><time>2026-05-04T08:46:48Z</time></trkpt>
      <trkpt lat="36.6972934" lon="101.7088445"><ele>2678.25</ele><time>2026-05-04T08:46:57Z</time></trkpt>
      <trkpt lat="36.6973922" lon="101.7080020"><ele>2680.94</ele><time>2026-05-04T08:47:05Z</time></trkpt>
      <trkpt lat="36.6974580" lon="101.7073889"><ele>2684.33</ele><time>2026-05-04T08:47:11Z</time></trkpt>
      <trkpt lat="36.6975406" lon="101.7069139"><ele>2687.6</ele><time>2026-05-04T08:47:16Z</time></trkpt>
      <trkpt lat="36.6976570" lon="101.7064878"><ele>2691.21</ele><time>2026-05-04T08:47:21Z</time></trkpt>
      <trkpt lat="36.6977775" lon="101.7061738"><ele>2694.24</ele><time>2026-05-04T08:47:25Z</time></trkpt>
      <trkpt lat="36.6979344" lon="101.7058742"><ele>2698</ele><time>2026-05-04T08:47:29Z</time></trkpt>
      <trkpt lat="36.6981303" lon="101.7055894"><ele>2701.84</ele><time>2026-05-04T08:47:33Z</time></trkpt>
      <trkpt lat="36.6982988" lon="101.7053882"><ele>2705.12</ele><time>2026-05-04T08:47:36Z</time></trkpt>
      <trkpt lat="36.6984798" lon="101.7051950"><ele>2708.27</ele><time>2026-05-04T08:47:39Z</time></trkpt>
      <trkpt lat="36.6987271" lon="101.7049398"><ele>2711.74</ele><time>2026-05-04T08:47:43Z</time></trkpt>
      <trkpt lat="36.6989674" lon="101.7046792"><ele>2715</ele><time>2026-05-04T08:47:47Z</time></trkpt>
      <trkpt lat="36.6991955" lon="101.7044201"><ele>2718.34</ele><time>2026-05-04T08:47:51Z</time></trkpt>
      <trkpt lat="36.6993934" lon="101.7041818"><ele>2721.69</ele><time>2026-05-04T08:47:55Z</time></trkpt>
      <trkpt lat="36.6995224" lon="101.7039977"><ele>2724.96</ele><time>2026-05-04T08:47:59Z</time></trkpt>
      <trkpt lat="36.6995638" lon="101.7038959"><ele>2727.51</ele><time>2026-05-04T08:48:03Z</time></trkpt>
      <trkpt lat="36.6995245" lon="101.7038600"><ele>2729.69</ele><time>2026-05-04T08:48:10Z</time></trkpt>
      <trkpt lat="36.6994917" lon="101.7038684"><ele>2730.33</ele><time>2026-05-04T08:48:16Z</time></trkpt>
    </trkseg>
    <trkseg>
      <trkpt lat="36.6996448" lon="101.7038579"><ele>2730.38</ele><time>2026-05-04T09:01:46Z</time></trkpt>
      <trkpt lat="36.6996876" lon="101.7035617"><ele>2730.38</ele><time>2026-05-04T09:01:50Z</time></trkpt>
      <trkpt lat="36.6996955" lon="101.7034847"><ele>2730.53</ele><time>2026-05-04T09:01:51Z</time></trkpt>
      <trkpt lat="36.6996927" lon="101.7028331"><ele>2733.73</ele><time>2026-05-04T09:01:59Z</time></trkpt>
      <trkpt lat="36.6996121" lon="101.7023167"><ele>2737.03</ele><time>2026-05-04T09:02:05Z</time></trkpt>
      <trkpt lat="36.6995022" lon="101.7018552"><ele>2740.2</ele><time>2026-05-04T09:02:10Z</time></trkpt>
      <trkpt lat="36.6993998" lon="101.7015710"><ele>2742</ele><time>2026-05-04T09:02:13Z</time></trkpt>
      <trkpt lat="36.6993554" lon="101.7014793"><ele>2742.5</ele><time>2026-05-04T09:02:14Z</time></trkpt>
      <trkpt lat="36.6992474" lon="101.7013079"><ele>2743.43</ele><time>2026-05-04T09:02:16Z</time></trkpt>
      <trkpt lat="36.6991836" lon="101.7012307"><ele>2743.87</ele><time>2026-05-04T09:02:17Z</time></trkpt>
      <trkpt lat="36.6991135" lon="101.7011602"><ele>2744.32</ele><time>2026-05-04T09:02:18Z</time></trkpt>
      <trkpt lat="36.6990382" lon="101.7010966"><ele>2744.71</ele><time>2026-05-04T09:02:19Z</time></trkpt>
      <trkpt lat="36.6989588" lon="101.7010395"><ele>2745.1</ele><time>2026-05-04T09:02:20Z</time></trkpt>
      <trkpt lat="36.6988767" lon="101.7009879"><ele>2745.5</ele><time>2026-05-04T09:02:21Z</time></trkpt>
      <trkpt lat="36.6984987" lon="101.7007448"><ele>2746.94</ele><time>2026-05-04T09:02:26Z</time></trkpt>
      <trkpt lat="36.6984449" lon="101.7006844"><ele>2747.13</ele><time>2026-05-04T09:02:27Z</time></trkpt>
      <trkpt lat="36.6984031" lon="101.7006159"><ele>2747.25</ele><time>2026-05-04T09:02:28Z</time></trkpt>
      <trkpt lat="36.6983748" lon="101.7005389"><ele>2747.38</ele><time>2026-05-04T09:02:29Z</time></trkpt>
      <trkpt lat="36.6983606" lon="101.7004536"><ele>2747.58</ele><time>2026-05-04T09:02:30Z</time></trkpt>
      <trkpt lat="36.6983604" lon="101.7003611"><ele>2747.89</ele><time>2026-05-04T09:02:31Z</time></trkpt>
      <trkpt lat="36.6983730" lon="101.7002630"><ele>2748.11</ele><time>2026-05-04T09:02:32Z</time></trkpt>
      <trkpt lat="36.6983968" lon="101.7001613"><ele>2748.45</ele><time>2026-05-04T09:02:33Z</time></trkpt>
      <trkpt lat="36.6984297" lon="101.7000579"><ele>2748.83</ele><time>2026-05-04T09:02:34Z</time></trkpt>
      <trkpt lat="36.6984692" lon="101.6999544"><ele>2749.32</ele><time>2026-05-04T09:02:35Z</time></trkpt>
      <trkpt lat="36.6985129" lon="101.6998519"><ele>2749.73</ele><time>2026-05-04T09:02:36Z</time></trkpt>
      <trkpt lat="36.6985582" lon="101.6997509"><ele>2750.27</ele><time>2026-05-04T09:02:37Z</time></trkpt>
      <trkpt lat="36.6986838" lon="101.6994533"><ele>2751.77</ele><time>2026-05-04T09:02:40Z</time></trkpt>
      <trkpt lat="36.6987172" lon="101.6993537"><ele>2752.22</ele><time>2026-05-04T09:02:41Z</time></trkpt>
      <trkpt lat="36.6987449" lon="101.6992528"><ele>2752.75</ele><time>2026-05-04T09:02:42Z</time></trkpt>
      <trkpt lat="36.6987678" lon="101.6991501"><ele>2753.17</ele><time>2026-05-04T09:02:43Z</time></trkpt>
      <trkpt lat="36.6987870" lon="101.6990453"><ele>2753.72</ele><time>2026-05-04T09:02:44Z</time></trkpt>
      <trkpt lat="36.6988529" lon="101.6986052"><ele>2756.86</ele><time>2026-05-04T09:02:48Z</time></trkpt>
      <trkpt lat="36.6989365" lon="101.6981355"><ele>2760.69</ele><time>2026-05-04T09:02:52Z</time></trkpt>
      <trkpt lat="36.6991007" lon="101.6973924"><ele>2764.04</ele><time>2026-05-04T09:02:58Z</time></trkpt>
      <trkpt lat="36.6993345" lon="101.6965500"><ele>2767.5</ele><time>2026-05-04T09:03:05Z</time></trkpt>
      <trkpt lat="36.6995622" lon="101.6959125"><ele>2769.97</ele><time>2026-05-04T09:03:12Z</time></trkpt>
      <trkpt lat="36.6996367" lon="101.6957241"><ele>2770.4</ele><time>2026-05-04T09:03:16Z</time></trkpt>
      <trkpt lat="36.6996752" lon="101.6956363"><ele>2769.65</ele><time>2026-05-04T09:03:21Z</time></trkpt>
    </trkseg>
    <trkseg>
      <trkpt lat="36.6996736" lon="101.6955560"><ele>2769.07</ele><time>2026-05-04T09:04:54Z</time></trkpt>
      <trkpt lat="36.6997332" lon="101.6952085"><ele>2769.34</ele><time>2026-05-04T09:04:59Z</time></trkpt>
      <trkpt lat="36.6997951" lon="101.6945156"><ele>2769.79</ele><time>2026-05-04T09:05:07Z</time></trkpt>
      <trkpt lat="36.6998322" lon="101.6936305"><ele>2768.97</ele><time>2026-05-04T09:05:15Z</time></trkpt>
      <trkpt lat="36.6999316" lon="101.6924989"><ele>2765.91</ele><time>2026-05-04T09:05:24Z</time></trkpt>
      <trkpt lat="36.7000598" lon="101.6914546"><ele>2762.64</ele><time>2026-05-04T09:05:32Z</time></trkpt>
      <trkpt lat="36.7001967" lon="101.6904780"><ele>2759.46</ele><time>2026-05-04T09:05:40Z</time></trkpt>
      <trkpt lat="36.7002651" lon="101.6900652"><ele>2757.72</ele><time>2026-05-04T09:05:45Z</time></trkpt>
      <trkpt lat="36.7002947" lon="101.6899012"><ele>2755.97</ele><time>2026-05-04T09:05:49Z</time></trkpt>
      <trkpt lat="36.7003088" lon="101.6898100"><ele>2754.13</ele><time>2026-05-04T09:05:56Z</time></trkpt>
      <trkpt lat="36.7003098" lon="101.6898039"><ele>2754.01</ele><time>2026-05-04T09:05:57Z</time></trkpt>
      <trkpt lat="36.7003110" lon="101.6897979"><ele>2753.86</ele><time>2026-05-04T09:05:58Z</time></trkpt>
      <trkpt lat="36.7003174" lon="101.6897728"><ele>2753.49</ele><time>2026-05-04T09:06:03Z</time></trkpt>
    </trkseg>
    <trkseg>
      <trkpt lat="36.7003382" lon="101.6896656"><ele>2753.02</ele><time>2026-05-04T09:06:47Z</time></trkpt>
      <trkpt lat="36.7004151" lon="101.6893531"><ele>2753.07</ele><time>2026-05-04T09:06:52Z</time></trkpt>
      <trkpt lat="36.7004359" lon="101.6892860"><ele>2753.12</ele><time>2026-05-04T09:06:53Z</time></trkpt>
      <trkpt lat="36.7006639" lon="101.6886918"><ele>2754.24</ele><time>2026-05-04T09:07:01Z</time></trkpt>
      <trkpt lat="36.7009164" lon="101.6879575"><ele>2755.4</ele><time>2026-05-04T09:07:10Z</time></trkpt>
      <trkpt lat="36.7010262" lon="101.6872880"><ele>2755.68</ele><time>2026-05-04T09:07:18Z</time></trkpt>
      <trkpt lat="36.7010349" lon="101.6866821"><ele>2755.44</ele><time>2026-05-04T09:07:25Z</time></trkpt>
      <trkpt lat="36.7010344" lon="101.6858747"><ele>2753.79</ele><time>2026-05-04T09:07:34Z</time></trkpt>
      <trkpt lat="36.7010494" lon="101.6850154"><ele>2750.4</ele><time>2026-05-04T09:07:43Z</time></trkpt>
      <trkpt lat="36.7011076" lon="101.6844410"><ele>2747.24</ele><time>2026-05-04T09:07:49Z</time></trkpt>
      <trkpt lat="36.7011747" lon="101.6839745"><ele>2744.04</ele><time>2026-05-04T09:07:54Z</time></trkpt>
      <trkpt lat="36.7012491" lon="101.6834377"><ele>2740.69</ele><time>2026-05-04T09:08:00Z</time></trkpt>
      <trkpt lat="36.7013234" lon="101.6829571"><ele>2737.62</ele><time>2026-05-04T09:08:06Z</time></trkpt>
      <trkpt lat="36.7014021" lon="101.6825368"><ele>2734.45</ele><time>2026-05-04T09:08:12Z</time></trkpt>
      <trkpt lat="36.7015013" lon="101.6820248"><ele>2731.1</ele><time>2026-05-04T09:08:19Z</time></trkpt>
      <trkpt lat="36.7016069" lon="101.6815234"><ele>2727.88</ele><time>2026-05-04T09:08:25Z</time></trkpt>
      <trkpt lat="36.7017564" lon="101.6809728"><ele>2724.46</ele><time>2026-05-04T09:08:31Z</time></trkpt>
      <trkpt lat="36.7019351" lon="101.6805034"><ele>2721.41</ele><time>2026-05-04T09:08:36Z</time></trkpt>
      <trkpt lat="36.7022951" lon="101.6797489"><ele>2718.21</ele><time>2026-05-04T09:08:44Z</time></trkpt>
      <trkpt lat="36.7028485" lon="101.6786723"><ele>2716.98</ele><time>2026-05-04T09:08:55Z</time></trkpt>
      <trkpt lat="36.7033007" lon="101.6778767"><ele>2717.93</ele><time>2026-05-04T09:09:03Z</time></trkpt>
      <trkpt lat="36.7038607" lon="101.6768927"><ele>2718.73</ele><time>2026-05-04T09:09:13Z</time></trkpt>
      <trkpt lat="36.7043644" lon="101.6759896"><ele>2719.04</ele><time>2026-05-04T09:09:23Z</time></trkpt>
      <trkpt lat="36.7045670" lon="101.6756919"><ele>2718.77</ele><time>2026-05-04T09:09:28Z</time></trkpt>
      <trkpt lat="36.7046083" lon="101.6756517"><ele>2718.55</ele><time>2026-05-04T09:09:29Z</time></trkpt>
      <trkpt lat="36.7046510" lon="101.6756182"><ele>2718.28</ele><time>2026-05-04T09:09:30Z</time></trkpt>
      <trkpt lat="36.7046950" lon="101.6755913"><ele>2718.02</ele><time>2026-05-04T09:09:31Z</time></trkpt>
      <trkpt lat="36.7047397" lon="101.6755704"><ele>2717.68</ele><time>2026-05-04T09:09:32Z</time></trkpt>
      <trkpt lat="36.7048691" lon="101.6755402"><ele>2716.36</ele><time>2026-05-04T09:09:35Z</time></trkpt>
      <trkpt lat="36.7049071" lon="101.6755394"><ele>2715.92</ele><time>2026-05-04T09:09:36Z</time></trkpt>
      <trkpt lat="36.7049412" lon="101.6755423"><ele>2715.38</ele><time>2026-05-04T09:09:37Z</time></trkpt>
      <trkpt lat="36.7049714" lon="101.6755477"><ele>2714.87</ele><time>2026-05-04T09:09:38Z</time></trkpt>
      <trkpt lat="36.7049977" lon="101.6755547"><ele>2714.31</ele><time>2026-05-04T09:09:39Z</time></trkpt>
      <trkpt lat="36.7050913" lon="101.6755928"><ele>2711.24</ele><time>2026-05-04T09:09:44Z</time></trkpt>
      <trkpt lat="36.7051895" lon="101.6755957"><ele>2708.84</ele><time>2026-05-04T09:09:52Z</time></trkpt>
      <trkpt lat="36.7052118" lon="101.6755235"><ele>2707.9</ele><time>2026-05-04T09:09:59Z</time></trkpt>
      <trkpt lat="36.7052035" lon="101.6754846"><ele>2706.9</ele><time>2026-05-04T09:10:04Z</time></trkpt>
    </trkseg>
    <trkseg>
      <trkpt lat="36.7051752" lon="101.6754310"><ele>2707.66</ele><time>2026-05-04T09:12:50Z</time></trkpt>
      <trkpt lat="36.7051385" lon="101.6753997"><ele>2707.66</ele><time>2026-05-04T09:12:51Z</time></trkpt>
      <trkpt lat="36.7051011" lon="101.6753687"><ele>2707.66</ele><time>2026-05-04T09:12:52Z</time></trkpt>
      <trkpt lat="36.7050624" lon="101.6753384"><ele>2707.66</ele><time>2026-05-04T09:12:53Z</time></trkpt>
      <trkpt lat="36.7050223" lon="101.6753094"><ele>2707.5</ele><time>2026-05-04T09:12:54Z</time></trkpt>
      <trkpt lat="36.7049811" lon="101.6752819"><ele>2707.35</ele><time>2026-05-04T09:12:55Z</time></trkpt>
      <trkpt lat="36.7049392" lon="101.6752555"><ele>2707.11</ele><time>2026-05-04T09:12:56Z</time></trkpt>
      <trkpt lat="36.7047587" lon="101.6751092"><ele>2705.37</ele><time>2026-05-04T09:13:01Z</time></trkpt>
      <trkpt lat="36.7047369" lon="101.6750697"><ele>2704.99</ele><time>2026-05-04T09:13:02Z</time></trkpt>
      <trkpt lat="36.7047229" lon="101.6750252"><ele>2704.62</ele><time>2026-05-04T09:13:03Z</time></trkpt>
      <trkpt lat="36.7047178" lon="101.6749767"><ele>2704.23</ele><time>2026-05-04T09:13:04Z</time></trkpt>
      <trkpt lat="36.7047226" lon="101.6749256"><ele>2703.86</ele><time>2026-05-04T09:13:05Z</time></trkpt>
      <trkpt lat="36.7047375" lon="101.6748738"><ele>2703.52</ele><time>2026-05-04T09:13:06Z</time></trkpt>
      <trkpt lat="36.7047623" lon="101.6748229"><ele>2703.07</ele><time>2026-05-04T09:13:07Z</time></trkpt>
      <trkpt lat="36.7047961" lon="101.6747744"><ele>2702.62</ele><time>2026-05-04T09:13:08Z</time></trkpt>
      <trkpt lat="36.7048380" lon="101.6747290"><ele>2702.19</ele><time>2026-05-04T09:13:09Z</time></trkpt>
      <trkpt lat="36.7048866" lon="101.6746869"><ele>2701.78</ele><time>2026-05-04T09:13:10Z</time></trkpt>
      <trkpt lat="36.7049407" lon="101.6746472"><ele>2701.38</ele><time>2026-05-04T09:13:11Z</time></trkpt>
      <trkpt lat="36.7049990" lon="101.6746088"><ele>2701</ele><time>2026-05-04T09:13:12Z</time></trkpt>
      <trkpt lat="36.7053938" lon="101.6743476"><ele>2699.36</ele><time>2026-05-04T09:13:18Z</time></trkpt>
      <trkpt lat="36.7057088" lon="101.6740434"><ele>2698.52</ele><time>2026-05-04T09:13:23Z</time></trkpt>
      <trkpt lat="36.7059481" lon="101.6737917"><ele>2697.77</ele><time>2026-05-04T09:13:28Z</time></trkpt>
      <trkpt lat="36.7060102" lon="101.6737552"><ele>2697.27</ele><time>2026-05-04T09:13:30Z</time></trkpt>
      <trkpt lat="36.7060312" lon="101.6737567"><ele>2696.98</ele><time>2026-05-04T09:13:31Z</time></trkpt>
      <trkpt lat="36.7060439" lon="101.6737718"><ele>2696.62</ele><time>2026-05-04T09:13:32Z</time></trkpt>
      <trkpt lat="36.7060468" lon="101.6737996"><ele>2696.32</ele><time>2026-05-04T09:13:33Z</time></trkpt>
      <trkpt lat="36.7060388" lon="101.6738384"><ele>2695.97</ele><time>2026-05-04T09:13:34Z</time></trkpt>
      <trkpt lat="36.7060193" lon="101.6738864"><ele>2695.65</ele><time>2026-05-04T09:13:35Z</time></trkpt>
      <trkpt lat="36.7059892" lon="101.6739416"><ele>2695.33</ele><time>2026-05-04T09:13:36Z</time></trkpt>
      <trkpt lat="36.7059495" lon="101.6740023"><ele>2694.98</ele><time>2026-05-04T09:13:37Z</time></trkpt>
      <trkpt lat="36.7059022" lon="101.6740673"><ele>2694.64</ele><time>2026-05-04T09:13:38Z</time></trkpt>
      <trkpt lat="36.7054771" lon="101.6746559"><ele>2692.36</ele><time>2026-05-04T09:13:46Z</time></trkpt>
      <trkpt lat="36.7054473" lon="101.6747284"><ele>2691.99</ele><time>2026-05-04T09:13:47Z</time></trkpt>
      <trkpt lat="36.7054292" lon="101.6747977"><ele>2691.6</ele><time>2026-05-04T09:13:48Z</time></trkpt>
      <trkpt lat="36.7054244" lon="101.6748621"><ele>2691.17</ele><time>2026-05-04T09:13:49Z</time></trkpt>
      <trkpt lat="36.7054338" lon="101.6749190"><ele>2690.76</ele><time>2026-05-04T09:13:50Z</time></trkpt>
      <trkpt lat="36.7054574" lon="101.6749653"><ele>2690.28</ele><time>2026-05-04T09:13:51Z</time></trkpt>
      <trkpt lat="36.7054942" lon="101.6749986"><ele>2689.76</ele><time>2026-05-04T09:13:52Z</time></trkpt>
      <trkpt lat="36.7055424" lon="101.6750166"><ele>2689.32</ele><time>2026-05-04T09:13:53Z</time></trkpt>
      <trkpt lat="36.7055995" lon="101.6750181"><ele>2688.88</ele><time>2026-05-04T09:13:54Z</time></trkpt>
      <trkpt lat="36.7056626" lon="101.6750029"><ele>2688.45</ele><time>2026-05-04T09:13:55Z</time></trkpt>
      <trkpt lat="36.7057286" lon="101.6749719"><ele>2688.06</ele><time>2026-05-04T09:13:56Z</time></trkpt>
      <trkpt lat="36.7057949" lon="101.6749268"><ele>2687.56</ele><time>2026-05-04T09:13:57Z</time></trkpt>
      <trkpt lat="36.7058597" lon="101.6748699"><ele>2687.08</ele><time>2026-05-04T09:13:58Z</time></trkpt>
      <trkpt lat="36.7059220" lon="101.6748037"><ele>2686.57</ele><time>2026-05-04T09:13:59Z</time></trkpt>
      <trkpt lat="36.7062997" lon="101.6742249"><ele>2683.04</ele><time>2026-05-04T09:14:06Z</time></trkpt>
      <trkpt lat="36.7065702" lon="101.6738591"><ele>2680.46</ele><time>2026-05-04T09:14:12Z</time></trkpt>
      <trkpt lat="36.7066055" lon="101.6738405"><ele>2680.1</ele><time>2026-05-04T09:14:13Z</time></trkpt>
      <trkpt lat="36.7066353" lon="101.6738386"><ele>2679.7</ele><time>2026-05-04T09:14:14Z</time></trkpt>
      <trkpt lat="36.7066573" lon="101.6738540"><ele>2679.27</ele><time>2026-05-04T09:14:15Z</time></trkpt>
      <trkpt lat="36.7066687" lon="101.6738861"><ele>2678.86</ele><time>2026-05-04T09:14:16Z</time></trkpt>
      <trkpt lat="36.7066678" lon="101.6739338"><ele>2678.36</ele><time>2026-05-04T09:14:17Z</time></trkpt>
      <trkpt lat="36.7066539" lon="101.6739951"><ele>2677.93</ele><time>2026-05-04T09:14:18Z</time></trkpt>
      <trkpt lat="36.7066284" lon="101.6740678"><ele>2677.41</ele><time>2026-05-04T09:14:19Z</time></trkpt>
      <trkpt lat="36.7065942" lon="101.6741489"><ele>2676.8</ele><time>2026-05-04T09:14:20Z</time></trkpt>
      <trkpt lat="36.7065548" lon="101.6742354"><ele>2676.22</ele><time>2026-05-04T09:14:21Z</time></trkpt>
      <trkpt lat="36.7064428" lon="101.6745012"><ele>2674.91</ele><time>2026-05-04T09:14:24Z</time></trkpt>
      <trkpt lat="36.7064187" lon="101.6745845"><ele>2674.53</ele><time>2026-05-04T09:14:25Z</time></trkpt>
      <trkpt lat="36.7064056" lon="101.6746616"><ele>2674.22</ele><time>2026-05-04T09:14:26Z</time></trkpt>
      <trkpt lat="36.7064048" lon="101.6747298"><ele>2673.84</ele><time>2026-05-04T09:14:27Z</time></trkpt>
      <trkpt lat="36.7064165" lon="101.6747868"><ele>2673.44</ele><time>2026-05-04T09:14:28Z</time></trkpt>
      <trkpt lat="36.7064403" lon="101.6748302"><ele>2673.21</ele><time>2026-05-04T09:14:29Z</time></trkpt>
      <trkpt lat="36.7064753" lon="101.6748583"><ele>2672.87</ele><time>2026-05-04T09:14:30Z</time></trkpt>
      <trkpt lat="36.7065199" lon="101.6748703"><ele>2672.6</ele><time>2026-05-04T09:14:31Z</time></trkpt>
      <trkpt lat="36.7065726" lon="101.6748668"><ele>2672.24</ele><time>2026-05-04T09:14:32Z</time></trkpt>
      <trkpt lat="36.7066318" lon="101.6748498"><ele>2671.84</ele><time>2026-05-04T09:14:33Z</time></trkpt>
      <trkpt lat="36.7066963" lon="101.6748228"><ele>2671.49</ele><time>2026-05-04T09:14:34Z</time></trkpt>
      <trkpt lat="36.7067649" lon="101.6747894"><ele>2671.3</ele><time>2026-05-04T09:14:35Z</time></trkpt>
      <trkpt lat="36.7072303" lon="101.6745602"><ele>2669.03</ele><time>2026-05-04T09:14:41Z</time></trkpt>
      <trkpt lat="36.7076514" lon="101.6744391"><ele>2665.55</ele><time>2026-05-04T09:14:46Z</time></trkpt>
      <trkpt lat="36.7079964" lon="101.6743885"><ele>2662.02</ele><time>2026-05-04T09:14:50Z</time></trkpt>
      <trkpt lat="36.7083450" lon="101.6743519"><ele>2658.37</ele><time>2026-05-04T09:14:54Z</time></trkpt>
      <trkpt lat="36.7087020" lon="101.6743176"><ele>2654.9</ele><time>2026-05-04T09:14:58Z</time></trkpt>
      <trkpt lat="36.7090770" lon="101.6742901"><ele>2651.64</ele><time>2026-05-04T09:15:02Z</time></trkpt>
      <trkpt lat="36.7094714" lon="101.6742874"><ele>2648.44</ele><time>2026-05-04T09:15:06Z</time></trkpt>
      <trkpt lat="36.7098762" lon="101.6743280"><ele>2645.17</ele><time>2026-05-04T09:15:10Z</time></trkpt>
      <trkpt lat="36.7102822" lon="101.6743952"><ele>2641.83</ele><time>2026-05-04T09:15:14Z</time></trkpt>
      <trkpt lat="36.7107919" lon="101.6744538"><ele>2638.65</ele><time>2026-05-04T09:15:19Z</time></trkpt>
      <trkpt lat="36.7114139" lon="101.6744782"><ele>2636.31</ele><time>2026-05-04T09:15:25Z</time></trkpt>
      <trkpt lat="36.7115178" lon="101.6744877"><ele>2635.91</ele><time>2026-05-04T09:15:26Z</time></trkpt>
      <trkpt lat="36.7121285" lon="101.6746157"><ele>2632.51</ele><time>2026-05-04T09:15:32Z</time></trkpt>
      <trkpt lat="36.7123211" lon="101.6746820"><ele>2631.04</ele><time>2026-05-04T09:15:34Z</time></trkpt>
      <trkpt lat="36.7124145" lon="101.6747173"><ele>2630.35</ele><time>2026-05-04T09:15:35Z</time></trkpt>
      <trkpt lat="36.7126877" lon="101.6748104"><ele>2628.55</ele><time>2026-05-04T09:15:38Z</time></trkpt>
      <trkpt lat="36.7127789" lon="101.6748299"><ele>2628.03</ele><time>2026-05-04T09:15:39Z</time></trkpt>
      <trkpt lat="36.7128712" lon="101.6748409"><ele>2627.5</ele><time>2026-05-04T09:15:40Z</time></trkpt>
      <trkpt lat="36.7129650" lon="101.6748433"><ele>2627.02</ele><time>2026-05-04T09:15:41Z</time></trkpt>
      <trkpt lat="36.7130602" lon="101.6748375"><ele>2626.54</ele><time>2026-05-04T09:15:42Z</time></trkpt>
      <trkpt lat="36.7131565" lon="101.6748245"><ele>2625.99</ele><time>2026-05-04T09:15:43Z</time></trkpt>
      <trkpt lat="36.7137434" lon="101.6746448"><ele>2622.34</ele><time>2026-05-04T09:15:49Z</time></trkpt>
      <trkpt lat="36.7142144" lon="101.6744385"><ele>2618.86</ele><time>2026-05-04T09:15:54Z</time></trkpt>
      <trkpt lat="36.7146588" lon="101.6742353"><ele>2615.64</ele><time>2026-05-04T09:15:59Z</time></trkpt>
      <trkpt lat="36.7150817" lon="101.6740473"><ele>2612.03</ele><time>2026-05-04T09:16:04Z</time></trkpt>
      <trkpt lat="36.7154872" lon="101.6738707"><ele>2608.28</ele><time>2026-05-04T09:16:09Z</time></trkpt>
      <trkpt lat="36.7158789" lon="101.6736908"><ele>2604.96</ele><time>2026-05-04T09:16:14Z</time></trkpt>
      <trkpt lat="36.7162538" lon="101.6734995"><ele>2601.64</ele><time>2026-05-04T09:16:19Z</time></trkpt>
      <trkpt lat="36.7165850" lon="101.6733820"><ele>2598.78</ele><time>2026-05-04T09:16:24Z</time></trkpt>
      <trkpt lat="36.7166415" lon="101.6733847"><ele>2598.31</ele><time>2026-05-04T09:16:25Z</time></trkpt>
      <trkpt lat="36.7166937" lon="101.6733999"><ele>2597.82</ele><time>2026-05-04T09:16:26Z</time></trkpt>
      <trkpt lat="36.7167410" lon="101.6734281"><ele>2597.31</ele><time>2026-05-04T09:16:27Z</time></trkpt>
      <trkpt lat="36.7167834" lon="101.6734688"><ele>2596.89</ele><time>2026-05-04T09:16:28Z</time></trkpt>
      <trkpt lat="36.7168209" lon="101.6735209"><ele>2596.44</ele><time>2026-05-04T09:16:29Z</time></trkpt>
      <trkpt lat="36.7168539" lon="101.6735825"><ele>2596.05</ele><time>2026-05-04T09:16:30Z</time></trkpt>
      <trkpt lat="36.7168831" lon="101.6736515"><ele>2595.66</ele><time>2026-05-04T09:16:31Z</time></trkpt>
      <trkpt lat="36.7171454" lon="101.6744301"><ele>2594.25</ele><time>2026-05-04T09:16:41Z</time></trkpt>
      <trkpt lat="36.7171862" lon="101.6744881"><ele>2594.27</ele><time>2026-05-04T09:16:42Z</time></trkpt>
      <trkpt lat="36.7172323" lon="101.6745376"><ele>2594.28</ele><time>2026-05-04T09:16:43Z</time></trkpt>
      <trkpt lat="36.7172838" lon="101.6745785"><ele>2594.39</ele><time>2026-05-04T09:16:44Z</time></trkpt>
      <trkpt lat="36.7173402" lon="101.6746110"><ele>2594.45</ele><time>2026-05-04T09:16:45Z</time></trkpt>
      <trkpt lat="36.7174005" lon="101.6746365"><ele>2594.64</ele><time>2026-05-04T09:16:46Z</time></trkpt>
      <trkpt lat="36.7174637" lon="101.6746569"><ele>2594.81</ele><time>2026-05-04T09:16:47Z</time></trkpt>
      <trkpt lat="36.7176570" lon="101.6747102"><ele>2595.51</ele><time>2026-05-04T09:16:50Z</time></trkpt>
      <trkpt lat="36.7177188" lon="101.6747330"><ele>2595.73</ele><time>2026-05-04T09:16:51Z</time></trkpt>
      <trkpt lat="36.7177775" lon="101.6747616"><ele>2596.01</ele><time>2026-05-04T09:16:52Z</time></trkpt>
      <trkpt lat="36.7178324" lon="101.6747970"><ele>2596.25</ele><time>2026-05-04T09:16:53Z</time></trkpt>
      <trkpt lat="36.7178831" lon="101.6748396"><ele>2596.41</ele><time>2026-05-04T09:16:54Z</time></trkpt>
      <trkpt lat="36.7179295" lon="101.6748891"><ele>2596.51</ele><time>2026-05-04T09:16:55Z</time></trkpt>
      <trkpt lat="36.7179715" lon="101.6749446"><ele>2596.58</ele><time>2026-05-04T09:16:56Z</time></trkpt>
      <trkpt lat="36.7180095" lon="101.6750050"><ele>2596.63</ele><time>2026-05-04T09:16:57Z</time></trkpt>
      <trkpt lat="36.7181598" lon="101.6753284"><ele>2596.73</ele><time>2026-05-04T09:17:02Z</time></trkpt>
      <trkpt lat="36.7182168" lon="101.6754431"><ele>2596.74</ele><time>2026-05-04T09:17:04Z</time></trkpt>
      <trkpt lat="36.7182491" lon="101.6754927"><ele>2596.74</ele><time>2026-05-04T09:17:05Z</time></trkpt>
      <trkpt lat="36.7182855" lon="101.6755365"><ele>2596.72</ele><time>2026-05-04T09:17:06Z</time></trkpt>
      <trkpt lat="36.7183265" lon="101.6755746"><ele>2596.69</ele><time>2026-05-04T09:17:07Z</time></trkpt>
      <trkpt lat="36.7183720" lon="101.6756076"><ele>2596.65</ele><time>2026-05-04T09:17:08Z</time></trkpt>
      <trkpt lat="36.7184213" lon="101.6756364"><ele>2596.54</ele><time>2026-05-04T09:17:09Z</time></trkpt>
      <trkpt lat="36.7184735" lon="101.6756619"><ele>2596.47</ele><time>2026-05-04T09:17:10Z</time></trkpt>
      <trkpt lat="36.7188810" lon="101.6757881"><ele>2594.96</ele><time>2026-05-04T09:17:18Z</time></trkpt>
      <trkpt lat="36.7190157" lon="101.6758066"><ele>2593.48</ele><time>2026-05-04T09:17:23Z</time></trkpt>
      <trkpt lat="36.7190258" lon="101.6758010"><ele>2593.18</ele><time>2026-05-04T09:17:24Z</time></trkpt>
      <trkpt lat="36.7190296" lon="101.6757922"><ele>2592.96</ele><time>2026-05-04T09:17:25Z</time></trkpt>
      <trkpt lat="36.7190268" lon="101.6757814"><ele>2592.83</ele><time>2026-05-04T09:17:26Z</time></trkpt>
      <trkpt lat="36.7190173" lon="101.6757700"><ele>2592.67</ele><time>2026-05-04T09:17:27Z</time></trkpt>
      <trkpt lat="36.7189576" lon="101.6757398"><ele>2592.14</ele><time>2026-05-04T09:17:30Z</time></trkpt>
      <trkpt lat="36.7189311" lon="101.6757320"><ele>2592.05</ele><time>2026-05-04T09:17:31Z</time></trkpt>
      <trkpt lat="36.7189032" lon="101.6757255"><ele>2592.01</ele><time>2026-05-04T09:17:32Z</time></trkpt>
      <trkpt lat="36.7188751" lon="101.6757201"><ele>2591.98</ele><time>2026-05-04T09:17:33Z</time></trkpt>
      <trkpt lat="36.7188470" lon="101.6757158"><ele>2591.97</ele><time>2026-05-04T09:17:34Z</time></trkpt>
      <trkpt lat="36.7186691" lon="101.6756940"><ele>2592.26</ele><time>2026-05-04T09:17:40Z</time></trkpt>
      <trkpt lat="36.7184369" lon="101.6756246"><ele>2592.84</ele><time>2026-05-04T09:17:46Z</time></trkpt>
      <trkpt lat="36.7183170" lon="101.6755459"><ele>2593.82</ele><time>2026-05-04T09:17:49Z</time></trkpt>
      <trkpt lat="36.7182805" lon="101.6755098"><ele>2594.18</ele><time>2026-05-04T09:17:50Z</time></trkpt>
      <trkpt lat="36.7182466" lon="101.6754681"><ele>2594.57</ele><time>2026-05-04T09:17:51Z</time></trkpt>
      <trkpt lat="36.7182153" lon="101.6754211"><ele>2594.94</ele><time>2026-05-04T09:17:52Z</time></trkpt>
      <trkpt lat="36.7181861" lon="101.6753693"><ele>2595.25</ele><time>2026-05-04T09:17:53Z</time></trkpt>
      <trkpt lat="36.7181581" lon="101.6753136"><ele>2595.65</ele><time>2026-05-04T09:17:54Z</time></trkpt>
      <trkpt lat="36.7179821" lon="101.6749609"><ele>2598.07</ele><time>2026-05-04T09:18:00Z</time></trkpt>
      <trkpt lat="36.7179065" lon="101.6748622"><ele>2598.42</ele><time>2026-05-04T09:18:02Z</time></trkpt>
      <trkpt lat="36.7178626" lon="101.6748199"><ele>2598.49</ele><time>2026-05-04T09:18:03Z</time></trkpt>
      <trkpt lat="36.7178139" lon="101.6747826"><ele>2598.52</ele><time>2026-05-04T09:18:04Z</time></trkpt>
      <trkpt lat="36.7177603" lon="101.6747502"><ele>2598.54</ele><time>2026-05-04T09:18:05Z</time></trkpt>
      <trkpt lat="36.7177022" lon="101.6747224"><ele>2598.55</ele><time>2026-05-04T09:18:06Z</time></trkpt>
      <trkpt lat="36.7176402" lon="101.6746984"><ele>2598.55</ele><time>2026-05-04T09:18:07Z</time></trkpt>
      <trkpt lat="36.7175753" lon="101.6746770"><ele>2598.56</ele><time>2026-05-04T09:18:08Z</time></trkpt>
      <trkpt lat="36.7175087" lon="101.6746563"><ele>2598.57</ele><time>2026-05-04T09:18:09Z</time></trkpt>
      <trkpt lat="36.7173131" lon="101.6745773"><ele>2598.6</ele><time>2026-05-04T09:18:12Z</time></trkpt>
      <trkpt lat="36.7172539" lon="101.6745382"><ele>2598.56</ele><time>2026-05-04T09:18:13Z</time></trkpt>
      <trkpt lat="36.7171997" lon="101.6744901"><ele>2598.5</ele><time>2026-05-04T09:18:14Z</time></trkpt>
      <trkpt lat="36.7171508" lon="101.6744329"><ele>2598.45</ele><time>2026-05-04T09:18:15Z</time></trkpt>
      <trkpt lat="36.7171071" lon="101.6743676"><ele>2598.32</ele><time>2026-05-04T09:18:16Z</time></trkpt>
      <trkpt lat="36.7170682" lon="101.6742955"><ele>2598.18</ele><time>2026-05-04T09:18:17Z</time></trkpt>
      <trkpt lat="36.7170332" lon="101.6742185"><ele>2597.98</ele><time>2026-05-04T09:18:18Z</time></trkpt>
      <trkpt lat="36.7168277" lon="101.6735923"><ele>2596.44</ele><time>2026-05-04T09:18:26Z</time></trkpt>
      <trkpt lat="36.7167526" lon="101.6734357"><ele>2596.03</ele><time>2026-05-04T09:18:29Z</time></trkpt>
      <trkpt lat="36.7167235" lon="101.6734019"><ele>2595.89</ele><time>2026-05-04T09:18:30Z</time></trkpt>
      <trkpt lat="36.7166915" lon="101.6733784"><ele>2595.68</ele><time>2026-05-04T09:18:31Z</time></trkpt>
      <trkpt lat="36.7166559" lon="101.6733653"><ele>2595.49</ele><time>2026-05-04T09:18:32Z</time></trkpt>
      <trkpt lat="36.7166160" lon="101.6733620"><ele>2595.35</ele><time>2026-05-04T09:18:33Z</time></trkpt>
      <trkpt lat="36.7165717" lon="101.6733676"><ele>2595.21</ele><time>2026-05-04T09:18:34Z</time></trkpt>
      <trkpt lat="36.7165229" lon="101.6733809"><ele>2595.05</ele><time>2026-05-04T09:18:35Z</time></trkpt>
      <trkpt lat="36.7164700" lon="101.6734006"><ele>2594.91</ele><time>2026-05-04T09:18:36Z</time></trkpt>
      <trkpt lat="36.7164133" lon="101.6734253"><ele>2594.73</ele><time>2026-05-04T09:18:37Z</time></trkpt>
      <trkpt lat="36.7158684" lon="101.6737086"><ele>2594.69</ele><time>2026-05-04T09:18:45Z</time></trkpt>
      <trkpt lat="36.7151737" lon="101.6740199"><ele>2597.85</ele><time>2026-05-04T09:18:54Z</time></trkpt>
      <trkpt lat="36.7146869" lon="101.6742257"><ele>2601.25</ele><time>2026-05-04T09:19:00Z</time></trkpt>
      <trkpt lat="36.7141878" lon="101.6744426"><ele>2604.28</ele><time>2026-05-04T09:19:06Z</time></trkpt>
      <trkpt lat="36.7137564" lon="101.6746200"><ele>2607.36</ele><time>2026-05-04T09:19:11Z</time></trkpt>
      <trkpt lat="36.7133228" lon="101.6747621"><ele>2610.57</ele><time>2026-05-04T09:19:16Z</time></trkpt>
      <trkpt lat="36.7129235" lon="101.6748349"><ele>2613.77</ele><time>2026-05-04T09:19:21Z</time></trkpt>
      <trkpt lat="36.7128524" lon="101.6748369"><ele>2614.42</ele><time>2026-05-04T09:19:22Z</time></trkpt>
      <trkpt lat="36.7127851" lon="101.6748340"><ele>2615.08</ele><time>2026-05-04T09:19:23Z</time></trkpt>
      <trkpt lat="36.7127219" lon="101.6748265"><ele>2615.78</ele><time>2026-05-04T09:19:24Z</time></trkpt>
      <trkpt lat="36.7126621" lon="101.6748149"><ele>2616.42</ele><time>2026-05-04T09:19:25Z</time></trkpt>
      <trkpt lat="36.7126048" lon="101.6747998"><ele>2617.06</ele><time>2026-05-04T09:19:26Z</time></trkpt>
      <trkpt lat="36.7124924" lon="101.6747617"><ele>2618.34</ele><time>2026-05-04T09:19:28Z</time></trkpt>
      <trkpt lat="36.7121187" lon="101.6746229"><ele>2621.48</ele><time>2026-05-04T09:19:34Z</time></trkpt>
      <trkpt lat="36.7114914" lon="101.6745022"><ele>2624.49</ele><time>2026-05-04T09:19:42Z</time></trkpt>
      <trkpt lat="36.7109832" lon="101.6744778"><ele>2626.17</ele><time>2026-05-04T09:19:48Z</time></trkpt>
      <trkpt lat="36.7102924" lon="101.6744142"><ele>2628.53</ele><time>2026-05-04T09:19:56Z</time></trkpt>
      <trkpt lat="36.7095162" lon="101.6742877"><ele>2631.79</ele><time>2026-05-04T09:20:05Z</time></trkpt>
      <trkpt lat="36.7088787" lon="101.6742923"><ele>2635.12</ele><time>2026-05-04T09:20:12Z</time></trkpt>
      <trkpt lat="36.7084287" lon="101.6743320"><ele>2638.79</ele><time>2026-05-04T09:20:17Z</time></trkpt>
      <trkpt lat="36.7079995" lon="101.6743731"><ele>2642.23</ele><time>2026-05-04T09:20:22Z</time></trkpt>
      <trkpt lat="36.7075864" lon="101.6744229"><ele>2645.77</ele><time>2026-05-04T09:20:27Z</time></trkpt>
      <trkpt lat="36.7072761" lon="101.6744949"><ele>2649.11</ele><time>2026-05-04T09:20:31Z</time></trkpt>
      <trkpt lat="36.7069932" lon="101.6746140"><ele>2652.68</ele><time>2026-05-04T09:20:35Z</time></trkpt>
      <trkpt lat="36.7067389" lon="101.6747602"><ele>2655.81</ele><time>2026-05-04T09:20:39Z</time></trkpt>
      <trkpt lat="36.7065736" lon="101.6748349"><ele>2658.31</ele><time>2026-05-04T09:20:42Z</time></trkpt>
      <trkpt lat="36.7065259" lon="101.6748410"><ele>2659.18</ele><time>2026-05-04T09:20:43Z</time></trkpt>
      <trkpt lat="36.7064837" lon="101.6748336"><ele>2660.04</ele><time>2026-05-04T09:20:44Z</time></trkpt>
      <trkpt lat="36.7064484" lon="101.6748115"><ele>2660.88</ele><time>2026-05-04T09:20:45Z</time></trkpt>
      <trkpt lat="36.7064221" lon="101.6747745"><ele>2661.76</ele><time>2026-05-04T09:20:46Z</time></trkpt>
      <trkpt lat="36.7064063" lon="101.6747236"><ele>2662.5</ele><time>2026-05-04T09:20:47Z</time></trkpt>
      <trkpt lat="36.7064018" lon="101.6746608"><ele>2663.24</ele><time>2026-05-04T09:20:48Z</time></trkpt>
      <trkpt lat="36.7064089" lon="101.6745886"><ele>2663.94</ele><time>2026-05-04T09:20:49Z</time></trkpt>
      <trkpt lat="36.7064267" lon="101.6745097"><ele>2664.63</ele><time>2026-05-04T09:20:50Z</time></trkpt>
      <trkpt lat="36.7064534" lon="101.6744267"><ele>2665.26</ele><time>2026-05-04T09:20:51Z</time></trkpt>
      <trkpt lat="36.7064867" lon="101.6743419"><ele>2665.83</ele><time>2026-05-04T09:20:52Z</time></trkpt>
      <trkpt lat="36.7065236" lon="101.6742574"><ele>2666.42</ele><time>2026-05-04T09:20:53Z</time></trkpt>
      <trkpt lat="36.7066491" lon="101.6739583"><ele>2668.56</ele><time>2026-05-04T09:20:57Z</time></trkpt>
      <trkpt lat="36.7066612" lon="101.6739026"><ele>2669.02</ele><time>2026-05-04T09:20:58Z</time></trkpt>
      <trkpt lat="36.7066614" lon="101.6738588"><ele>2669.49</ele><time>2026-05-04T09:20:59Z</time></trkpt>
      <trkpt lat="36.7066495" lon="101.6738294"><ele>2669.89</ele><time>2026-05-04T09:21:00Z</time></trkpt>
      <trkpt lat="36.7066266" lon="101.6738166"><ele>2670.37</ele><time>2026-05-04T09:21:01Z</time></trkpt>
      <trkpt lat="36.7065948" lon="101.6738213"><ele>2670.83</ele><time>2026-05-04T09:21:02Z</time></trkpt>
      <trkpt lat="36.7065564" lon="101.6738437"><ele>2671.37</ele><time>2026-05-04T09:21:03Z</time></trkpt>
      <trkpt lat="36.7065135" lon="101.6738822"><ele>2671.74</ele><time>2026-05-04T09:21:04Z</time></trkpt>
      <trkpt lat="36.7064679" lon="101.6739343"><ele>2672.12</ele><time>2026-05-04T09:21:05Z</time></trkpt>
      <trkpt lat="36.7064207" lon="101.6739974"><ele>2672.47</ele><time>2026-05-04T09:21:06Z</time></trkpt>
      <trkpt lat="36.7060573" lon="101.6745848"><ele>2675.51</ele><time>2026-05-04T09:21:13Z</time></trkpt>
      <trkpt lat="36.7058182" lon="101.6748790"><ele>2677.1</ele><time>2026-05-04T09:21:17Z</time></trkpt>
      <trkpt lat="36.7057542" lon="101.6749274"><ele>2677.44</ele><time>2026-05-04T09:21:18Z</time></trkpt>
      <trkpt lat="36.7056896" lon="101.6749616"><ele>2677.8</ele><time>2026-05-04T09:21:19Z</time></trkpt>
      <trkpt lat="36.7056261" lon="101.6749800"><ele>2678.12</ele><time>2026-05-04T09:21:20Z</time></trkpt>
      <trkpt lat="36.7055666" lon="101.6749818"><ele>2678.49</ele><time>2026-05-04T09:21:21Z</time></trkpt>
      <trkpt lat="36.7055143" lon="101.6749672"><ele>2678.76</ele><time>2026-05-04T09:21:22Z</time></trkpt>
      <trkpt lat="36.7054724" lon="101.6749370"><ele>2679.02</ele><time>2026-05-04T09:21:23Z</time></trkpt>
      <trkpt lat="36.7054438" lon="101.6748929"><ele>2679.42</ele><time>2026-05-04T09:21:24Z</time></trkpt>
      <trkpt lat="36.7054306" lon="101.6748372"><ele>2679.86</ele><time>2026-05-04T09:21:25Z</time></trkpt>
      <trkpt lat="36.7054333" lon="101.6747724"><ele>2680.3</ele><time>2026-05-04T09:21:26Z</time></trkpt>
      <trkpt lat="36.7054514" lon="101.6747010"><ele>2680.77</ele><time>2026-05-04T09:21:27Z</time></trkpt>
      <trkpt lat="36.7054832" lon="101.6746254"><ele>2681.34</ele><time>2026-05-04T09:21:28Z</time></trkpt>
      <trkpt lat="36.7055263" lon="101.6745471"><ele>2681.95</ele><time>2026-05-04T09:21:29Z</time></trkpt>
      <trkpt lat="36.7055779" lon="101.6744673"><ele>2682.52</ele><time>2026-05-04T09:21:30Z</time></trkpt>
      <trkpt lat="36.7058811" lon="101.6740794"><ele>2685.53</ele><time>2026-05-04T09:21:35Z</time></trkpt>
      <trkpt lat="36.7060490" lon="101.6738397"><ele>2688.18</ele><time>2026-05-04T09:21:39Z</time></trkpt>
      <trkpt lat="36.7060644" lon="101.6737988"><ele>2688.74</ele><time>2026-05-04T09:21:40Z</time></trkpt>
      <trkpt lat="36.7060666" lon="101.6737682"><ele>2689.17</ele><time>2026-05-04T09:21:41Z</time></trkpt>
      <trkpt lat="36.7060558" lon="101.6737494"><ele>2689.54</ele><time>2026-05-04T09:21:42Z</time></trkpt>
      <trkpt lat="36.7060333" lon="101.6737440"><ele>2689.89</ele><time>2026-05-04T09:21:43Z</time></trkpt>
      <trkpt lat="36.7060012" lon="101.6737525"><ele>2690.21</ele><time>2026-05-04T09:21:44Z</time></trkpt>
      <trkpt lat="36.7059620" lon="101.6737745"><ele>2690.52</ele><time>2026-05-04T09:21:45Z</time></trkpt>
      <trkpt lat="36.7059178" lon="101.6738087"><ele>2690.84</ele><time>2026-05-04T09:21:46Z</time></trkpt>
      <trkpt lat="36.7058702" lon="101.6738530"><ele>2691.17</ele><time>2026-05-04T09:21:47Z</time></trkpt>
      <trkpt lat="36.7055350" lon="101.6742206"><ele>2693.2</ele><time>2026-05-04T09:21:53Z</time></trkpt>
      <trkpt lat="36.7052727" lon="101.6744439"><ele>2694.16</ele><time>2026-05-04T09:21:57Z</time></trkpt>
      <trkpt lat="36.7052035" lon="101.6744893"><ele>2694.29</ele><time>2026-05-04T09:21:58Z</time></trkpt>
      <trkpt lat="36.7048231" lon="101.6747308"><ele>2695.3</ele><time>2026-05-04T09:22:04Z</time></trkpt>
      <trkpt lat="36.7047782" lon="101.6747787"><ele>2695.44</ele><time>2026-05-04T09:22:05Z</time></trkpt>
      <trkpt lat="36.7047425" lon="101.6748312"><ele>2695.66</ele><time>2026-05-04T09:22:06Z</time></trkpt>
      <trkpt lat="36.7047174" lon="101.6748875"><ele>2695.87</ele><time>2026-05-04T09:22:07Z</time></trkpt>
      <trkpt lat="36.7047043" lon="101.6749458"><ele>2696.09</ele><time>2026-05-04T09:22:08Z</time></trkpt>
      <trkpt lat="36.7047039" lon="101.6750040"><ele>2696.3</ele><time>2026-05-04T09:22:09Z</time></trkpt>
      <trkpt lat="36.7047162" lon="101.6750597"><ele>2696.48</ele><time>2026-05-04T09:22:10Z</time></trkpt>
      <trkpt lat="36.7047403" lon="101.6751113"><ele>2696.78</ele><time>2026-05-04T09:22:11Z</time></trkpt>
      <trkpt lat="36.7047745" lon="101.6751577"><ele>2697.04</ele><time>2026-05-04T09:22:12Z</time></trkpt>
      <trkpt lat="36.7048165" lon="101.6751988"><ele>2697.42</ele><time>2026-05-04T09:22:13Z</time></trkpt>
      <trkpt lat="36.7048637" lon="101.6752356"><ele>2697.86</ele><time>2026-05-04T09:22:14Z</time></trkpt>
      <trkpt lat="36.7049136" lon="101.6752694"><ele>2698.36</ele><time>2026-05-04T09:22:15Z</time></trkpt>
      <trkpt lat="36.7050117" lon="101.6753336"><ele>2699.49</ele><time>2026-05-04T09:22:17Z</time></trkpt>
      <trkpt lat="36.7050556" lon="101.6753666"><ele>2700.04</ele><time>2026-05-04T09:22:18Z</time></trkpt>
      <trkpt lat="36.7050937" lon="101.6754012"><ele>2700.61</ele><time>2026-05-04T09:22:19Z</time></trkpt>
      <trkpt lat="36.7051244" lon="101.6754371"><ele>2701.17</ele><time>2026-05-04T09:22:20Z</time></trkpt>
      <trkpt lat="36.7051463" lon="101.6754735"><ele>2701.62</ele><time>2026-05-04T09:22:21Z</time></trkpt>
      <trkpt lat="36.7051582" lon="101.6755087"><ele>2702.17</ele><time>2026-05-04T09:22:22Z</time></trkpt>
      <trkpt lat="36.7051594" lon="101.6755405"><ele>2702.65</ele><time>2026-05-04T09:22:23Z</time></trkpt>
      <trkpt lat="36.7051496" lon="101.6755667"><ele>2703.12</ele><time>2026-05-04T09:22:24Z</time></trkpt>
      <trkpt lat="36.7051290" lon="101.6755852"><ele>2703.61</ele><time>2026-05-04T09:22:25Z</time></trkpt>
      <trkpt lat="36.7050984" lon="101.6755956"><ele>2704.09</ele><time>2026-05-04T09:22:26Z</time></trkpt>
      <trkpt lat="36.7050593" lon="101.6755985"><ele>2704.57</ele><time>2026-05-04T09:22:27Z</time></trkpt>
      <trkpt lat="36.7050134" lon="101.6755965"><ele>2704.95</ele><time>2026-05-04T09:22:28Z</time></trkpt>
      <trkpt lat="36.7049625" lon="101.6755926"><ele>2705.27</ele><time>2026-05-04T09:22:29Z</time></trkpt>
      <trkpt lat="36.7049085" lon="101.6755901"><ele>2705.6</ele><time>2026-05-04T09:22:30Z</time></trkpt>
      <trkpt lat="36.7048531" lon="101.6755913"><ele>2705.94</ele><time>2026-05-04T09:22:31Z</time></trkpt>
      <trkpt lat="36.7047981" lon="101.6755978"><ele>2706.37</ele><time>2026-05-04T09:22:32Z</time></trkpt>
      <trkpt lat="36.7047447" lon="101.6756099"><ele>2706.8</ele><time>2026-05-04T09:22:33Z</time></trkpt>
      <trkpt lat="36.7046018" lon="101.6756770"><ele>2708.34</ele><time>2026-05-04T09:22:36Z</time></trkpt>
      <trkpt lat="36.7045617" lon="101.6757070"><ele>2708.93</ele><time>2026-05-04T09:22:37Z</time></trkpt>
      <trkpt lat="36.7045260" lon="101.6757392"><ele>2709.51</ele><time>2026-05-04T09:22:38Z</time></trkpt>
      <trkpt lat="36.7044947" lon="101.6757725"><ele>2710.09</ele><time>2026-05-04T09:22:39Z</time></trkpt>
      <trkpt lat="36.7044676" lon="101.6758054"><ele>2710.63</ele><time>2026-05-04T09:22:40Z</time></trkpt>
      <trkpt lat="36.7043776" lon="101.6759607"><ele>2713.2</ele><time>2026-05-04T09:22:46Z</time></trkpt>
      <trkpt lat="36.7043626" lon="101.6760144"><ele>2714.52</ele><time>2026-05-04T09:22:51Z</time></trkpt>
    </trkseg>
    <trkseg>
      <trkpt lat="36.7042948" lon="101.6761568"><ele>2714.93</ele><time>2026-05-04T09:32:04Z</time></trkpt>
      <trkpt lat="36.7041117" lon="101.6764990"><ele>2715.06</ele><time>2026-05-04T09:32:10Z</time></trkpt>
      <trkpt lat="36.7037564" lon="101.6771571"><ele>2715.25</ele><time>2026-05-04T09:32:20Z</time></trkpt>
      <trkpt lat="36.7034265" lon="101.6777328"><ele>2715.26</ele><time>2026-05-04T09:32:27Z</time></trkpt>
      <trkpt lat="36.7028584" lon="101.6787476"><ele>2714.51</ele><time>2026-05-04T09:32:38Z</time></trkpt>
      <trkpt lat="36.7023775" lon="101.6796948"><ele>2713.29</ele><time>2026-05-04T09:32:48Z</time></trkpt>
      <trkpt lat="36.7018629" lon="101.6807894"><ele>2713.29</ele><time>2026-05-04T09:32:59Z</time></trkpt>
      <trkpt lat="36.7016793" lon="101.6813938"><ele>2713.8</ele><time>2026-05-04T09:33:05Z</time></trkpt>
      <trkpt lat="36.7015304" lon="101.6820707"><ele>2716.89</ele><time>2026-05-04T09:33:12Z</time></trkpt>
      <trkpt lat="36.7014380" lon="101.6825279"><ele>2720.38</ele><time>2026-05-04T09:33:17Z</time></trkpt>
      <trkpt lat="36.7013697" lon="101.6828910"><ele>2723.42</ele><time>2026-05-04T09:33:21Z</time></trkpt>
      <trkpt lat="36.7012956" lon="101.6833601"><ele>2726.96</ele><time>2026-05-04T09:33:26Z</time></trkpt>
      <trkpt lat="36.7012238" lon="101.6838579"><ele>2730.38</ele><time>2026-05-04T09:33:31Z</time></trkpt>
      <trkpt lat="36.7011280" lon="101.6845069"><ele>2733.83</ele><time>2026-05-04T09:33:37Z</time></trkpt>
      <trkpt lat="36.7010619" lon="101.6850827"><ele>2736.91</ele><time>2026-05-04T09:33:42Z</time></trkpt>
      <trkpt lat="36.7010323" lon="101.6856662"><ele>2740.67</ele><time>2026-05-04T09:33:47Z</time></trkpt>
      <trkpt lat="36.7010253" lon="101.6861179"><ele>2744.01</ele><time>2026-05-04T09:33:51Z</time></trkpt>
      <trkpt lat="36.7010227" lon="101.6865352"><ele>2747.12</ele><time>2026-05-04T09:33:55Z</time></trkpt>
      <trkpt lat="36.7010267" lon="101.6869913"><ele>2750.33</ele><time>2026-05-04T09:34:00Z</time></trkpt>
      <trkpt lat="36.7010088" lon="101.6874718"><ele>2752.9</ele><time>2026-05-04T09:34:06Z</time></trkpt>
      <trkpt lat="36.7008979" lon="101.6880628"><ele>2754.04</ele><time>2026-05-04T09:34:13Z</time></trkpt>
      <trkpt lat="36.7006581" lon="101.6887725"><ele>2754.43</ele><time>2026-05-04T09:34:21Z</time></trkpt>
      <trkpt lat="36.7004694" lon="101.6892342"><ele>2754.19</ele><time>2026-05-04T09:34:28Z</time></trkpt>
      <trkpt lat="36.7004196" lon="101.6893604"><ele>2753.87</ele><time>2026-05-04T09:34:32Z</time></trkpt>
      <trkpt lat="36.7004013" lon="101.6894107"><ele>2753.58</ele><time>2026-05-04T09:34:35Z</time></trkpt>
    </trkseg>
    <trkseg>
      <trkpt lat="36.7003941" lon="101.6894978"><ele>2753.44</ele><time>2026-05-04T09:35:16Z</time></trkpt>
      <trkpt lat="36.7003246" lon="101.6899202"><ele>2753.5</ele><time>2026-05-04T09:35:21Z</time></trkpt>
      <trkpt lat="36.7002114" lon="101.6906514"><ele>2753.92</ele><time>2026-05-04T09:35:28Z</time></trkpt>
      <trkpt lat="36.7000273" lon="101.6920051"><ele>2755.76</ele><time>2026-05-04T09:35:39Z</time></trkpt>
      <trkpt lat="36.6998680" lon="101.6932763"><ele>2758.57</ele><time>2026-05-04T09:35:49Z</time></trkpt>
      <trkpt lat="36.6998139" lon="101.6943022"><ele>2761.82</ele><time>2026-05-04T09:35:57Z</time></trkpt>
      <trkpt lat="36.6997542" lon="101.6951389"><ele>2765.16</ele><time>2026-05-04T09:36:04Z</time></trkpt>
      <trkpt lat="36.6996201" lon="101.6957919"><ele>2767.87</ele><time>2026-05-04T09:36:10Z</time></trkpt>
      <trkpt lat="36.6994638" lon="101.6962829"><ele>2769.44</ele><time>2026-05-04T09:36:16Z</time></trkpt>
      <trkpt lat="36.6994243" lon="101.6965156"><ele>2769.36</ele><time>2026-05-04T09:36:21Z</time></trkpt>
      <trkpt lat="36.6994341" lon="101.6965451"><ele>2769.3</ele><time>2026-05-04T09:36:22Z</time></trkpt>
      <trkpt lat="36.6995288" lon="101.6966172"><ele>2768.94</ele><time>2026-05-04T09:36:26Z</time></trkpt>
      <trkpt lat="36.6997104" lon="101.6966019"><ele>2769.17</ele><time>2026-05-04T09:36:31Z</time></trkpt>
      <trkpt lat="36.6998941" lon="101.6964397"><ele>2769.76</ele><time>2026-05-04T09:36:36Z</time></trkpt>
      <trkpt lat="36.7000962" lon="101.6960630"><ele>2771.69</ele><time>2026-05-04T09:36:43Z</time></trkpt>
      <trkpt lat="36.7001642" lon="101.6959011"><ele>2772.26</ele><time>2026-05-04T09:36:46Z</time></trkpt>
      <trkpt lat="36.7002538" lon="101.6956895"><ele>2772.54</ele><time>2026-05-04T09:36:50Z</time></trkpt>
      <trkpt lat="36.7005231" lon="101.6950849"><ele>2773.81</ele><time>2026-05-04T09:37:00Z</time></trkpt>
      <trkpt lat="36.7007071" lon="101.6946669"><ele>2774.33</ele><time>2026-05-04T09:37:06Z</time></trkpt>
      <trkpt lat="36.7008413" lon="101.6943822"><ele>2774.93</ele><time>2026-05-04T09:37:11Z</time></trkpt>
      <trkpt lat="36.7009933" lon="101.6941461"><ele>2774.77</ele><time>2026-05-04T09:37:18Z</time></trkpt>
      <trkpt lat="36.7011175" lon="101.6939879"><ele>2774.11</ele><time>2026-05-04T09:37:23Z</time></trkpt>
      <trkpt lat="36.7013844" lon="101.6936543"><ele>2774.24</ele><time>2026-05-04T09:37:30Z</time></trkpt>
      <trkpt lat="36.7016996" lon="101.6933140"><ele>2774.48</ele><time>2026-05-04T09:37:36Z</time></trkpt>
      <trkpt lat="36.7021850" lon="101.6928723"><ele>2774.59</ele><time>2026-05-04T09:37:44Z</time></trkpt>
      <trkpt lat="36.7027479" lon="101.6924882"><ele>2774.76</ele><time>2026-05-04T09:37:52Z</time></trkpt>
      <trkpt lat="36.7032236" lon="101.6921811"><ele>2774.9</ele><time>2026-05-04T09:37:58Z</time></trkpt>
      <trkpt lat="36.7039789" lon="101.6915991"><ele>2777.45</ele><time>2026-05-04T09:38:07Z</time></trkpt>
      <trkpt lat="36.7045295" lon="101.6910949"><ele>2779.44</ele><time>2026-05-04T09:38:14Z</time></trkpt>
      <trkpt lat="36.7050122" lon="101.6905626"><ele>2780.3</ele><time>2026-05-04T09:38:21Z</time></trkpt>
      <trkpt lat="36.7053252" lon="101.6902296"><ele>2780.21</ele><time>2026-05-04T09:38:26Z</time></trkpt>
      <trkpt lat="36.7056242" lon="101.6899082"><ele>2779.55</ele><time>2026-05-04T09:38:32Z</time></trkpt>
      <trkpt lat="36.7058132" lon="101.6896771"><ele>2778.33</ele><time>2026-05-04T09:38:37Z</time></trkpt>
      <trkpt lat="36.7058536" lon="101.6896221"><ele>2778.09</ele><time>2026-05-04T09:38:38Z</time></trkpt>
      <trkpt lat="36.7062538" lon="101.6890677"><ele>2778.09</ele><time>2026-05-04T09:38:46Z</time></trkpt>
      <trkpt lat="36.7066449" lon="101.6886137"><ele>2778.63</ele><time>2026-05-04T09:38:53Z</time></trkpt>
      <trkpt lat="36.7071532" lon="101.6880726"><ele>2779.44</ele><time>2026-05-04T09:39:03Z</time></trkpt>
      <trkpt lat="36.7075218" lon="101.6876041"><ele>2779.56</ele><time>2026-05-04T09:39:10Z</time></trkpt>
      <trkpt lat="36.7080603" lon="101.6868409"><ele>2778.6</ele><time>2026-05-04T09:39:20Z</time></trkpt>
      <trkpt lat="36.7086036" lon="101.6860496"><ele>2776.83</ele><time>2026-05-04T09:39:30Z</time></trkpt>
      <trkpt lat="36.7090651" lon="101.6854928"><ele>2774.18</ele><time>2026-05-04T09:39:38Z</time></trkpt>
      <trkpt lat="36.7092609" lon="101.6852837"><ele>2772.6</ele><time>2026-05-04T09:39:42Z</time></trkpt>
      <trkpt lat="36.7094596" lon="101.6851101"><ele>2770.56</ele><time>2026-05-04T09:39:48Z</time></trkpt>
      <trkpt lat="36.7095222" lon="101.6850695"><ele>2768.8</ele><time>2026-05-04T09:39:53Z</time></trkpt>
    </trkseg>
    <trkseg>
      <trkpt lat="36.7095325" lon="101.6850694"><ele>2767.94</ele><time>2026-05-04T09:40:23Z</time></trkpt>
      <trkpt lat="36.7097818" lon="101.6849629"><ele>2767.93</ele><time>2026-05-04T09:40:31Z</time></trkpt>
      <trkpt lat="36.7099327" lon="101.6849300"><ele>2767.58</ele><time>2026-05-04T09:40:35Z</time></trkpt>
      <trkpt lat="36.7103612" lon="101.6849136"><ele>2766.12</ele><time>2026-05-04T09:40:45Z</time></trkpt>
      <trkpt lat="36.7107405" lon="101.6849072"><ele>2764.61</ele><time>2026-05-04T09:40:54Z</time></trkpt>
      <trkpt lat="36.7110874" lon="101.6848964"><ele>2763.47</ele><time>2026-05-04T09:41:01Z</time></trkpt>
      <trkpt lat="36.7113459" lon="101.6848927"><ele>2762.88</ele><time>2026-05-04T09:41:06Z</time></trkpt>
      <trkpt lat="36.7119970" lon="101.6849026"><ele>2759.65</ele><time>2026-05-04T09:41:18Z</time></trkpt>
      <trkpt lat="36.7124487" lon="101.6847787"><ele>2756.17</ele><time>2026-05-04T09:41:26Z</time></trkpt>
      <trkpt lat="36.7126690" lon="101.6847182"><ele>2753.84</ele><time>2026-05-04T09:41:31Z</time></trkpt>
      <trkpt lat="36.7128999" lon="101.6846893"><ele>2750.99</ele><time>2026-05-04T09:41:37Z</time></trkpt>
      <trkpt lat="36.7131399" lon="101.6846666"><ele>2749.48</ele><time>2026-05-04T09:41:43Z</time></trkpt>
      <trkpt lat="36.7134767" lon="101.6846504"><ele>2748.36</ele><time>2026-05-04T09:41:51Z</time></trkpt>
      <trkpt lat="36.7137307" lon="101.6846629"><ele>2747.45</ele><time>2026-05-04T09:41:57Z</time></trkpt>
      <trkpt lat="36.7140234" lon="101.6846776"><ele>2746.15</ele><time>2026-05-04T09:42:04Z</time></trkpt>
      <trkpt lat="36.7144120" lon="101.6846887"><ele>2745.28</ele><time>2026-05-04T09:42:12Z</time></trkpt>
      <trkpt lat="36.7145295" lon="101.6847015"><ele>2745.25</ele><time>2026-05-04T09:42:14Z</time></trkpt>
      <trkpt lat="36.7150016" lon="101.6847954"><ele>2744.66</ele><time>2026-05-04T09:42:21Z</time></trkpt>
      <trkpt lat="36.7155715" lon="101.6849496"><ele>2744.12</ele><time>2026-05-04T09:42:29Z</time></trkpt>
      <trkpt lat="36.7159469" lon="101.6851100"><ele>2743.82</ele><time>2026-05-04T09:42:35Z</time></trkpt>
      <trkpt lat="36.7163627" lon="101.6852573"><ele>2741.38</ele><time>2026-05-04T09:42:42Z</time></trkpt>
      <trkpt lat="36.7167501" lon="101.6853344"><ele>2738.98</ele><time>2026-05-04T09:42:49Z</time></trkpt>
      <trkpt lat="36.7169602" lon="101.6853537"><ele>2737.51</ele><time>2026-05-04T09:42:53Z</time></trkpt>
      <trkpt lat="36.7173145" lon="101.6854284"><ele>2735.39</ele><time>2026-05-04T09:43:00Z</time></trkpt>
      <trkpt lat="36.7173615" lon="101.6854485"><ele>2735.09</ele><time>2026-05-04T09:43:01Z</time></trkpt>
      <trkpt lat="36.7176054" lon="101.6856084"><ele>2733.3</ele><time>2026-05-04T09:43:07Z</time></trkpt>
      <trkpt lat="36.7177846" lon="101.6857592"><ele>2731.14</ele><time>2026-05-04T09:43:13Z</time></trkpt>
      <trkpt lat="36.7179206" lon="101.6858372"><ele>2729.69</ele><time>2026-05-04T09:43:17Z</time></trkpt>
      <trkpt lat="36.7182284" lon="101.6859226"><ele>2727.31</ele><time>2026-05-04T09:43:25Z</time></trkpt>
      <trkpt lat="36.7184157" lon="101.6859833"><ele>2724.05</ele><time>2026-05-04T09:43:32Z</time></trkpt>
      <trkpt lat="36.7184693" lon="101.6860081"><ele>2721.51</ele><time>2026-05-04T09:43:37Z</time></trkpt>
    </trkseg>
    <trkseg>
      <trkpt lat="36.7185177" lon="101.6860218"><ele>2721.02</ele><time>2026-05-04T09:44:37Z</time></trkpt>
      <trkpt lat="36.7185823" lon="101.6860535"><ele>2720.84</ele><time>2026-05-04T09:44:45Z</time></trkpt>
      <trkpt lat="36.7186004" lon="101.6860612"><ele>2720.62</ele><time>2026-05-04T09:44:49Z</time></trkpt>
    </trkseg>
    <trkseg>
      <trkpt lat="36.7185096" lon="101.6860050"><ele>2720.79</ele><time>2026-05-04T09:45:14Z</time></trkpt>
      <trkpt lat="36.7184781" lon="101.6859968"><ele>2720.81</ele><time>2026-05-04T09:45:15Z</time></trkpt>
      <trkpt lat="36.7182015" lon="101.6859271"><ele>2721.46</ele><time>2026-05-04T09:45:23Z</time></trkpt>
      <trkpt lat="36.7179322" lon="101.6858550"><ele>2723.77</ele><time>2026-05-04T09:45:30Z</time></trkpt>
      <trkpt lat="36.7177440" lon="101.6857508"><ele>2726.28</ele><time>2026-05-04T09:45:36Z</time></trkpt>
      <trkpt lat="36.7175853" lon="101.6856243"><ele>2727.76</ele><time>2026-05-04T09:45:41Z</time></trkpt>
      <trkpt lat="36.7174604" lon="101.6855430"><ele>2728.58</ele><time>2026-05-04T09:45:44Z</time></trkpt>
      <trkpt lat="36.7170646" lon="101.6854078"><ele>2730.86</ele><time>2026-05-04T09:45:51Z</time></trkpt>
      <trkpt lat="36.7169986" lon="101.6853955"><ele>2731.19</ele><time>2026-05-04T09:45:52Z</time></trkpt>
      <trkpt lat="36.7167174" lon="101.6853539"><ele>2732.78</ele><time>2026-05-04T09:45:56Z</time></trkpt>
      <trkpt lat="36.7161167" lon="101.6852112"><ele>2736.13</ele><time>2026-05-04T09:46:04Z</time></trkpt>
      <trkpt lat="36.7160437" lon="101.6851850"><ele>2736.51</ele><time>2026-05-04T09:46:05Z</time></trkpt>
      <trkpt lat="36.7156031" lon="101.6850084"><ele>2738.67</ele><time>2026-05-04T09:46:11Z</time></trkpt>
      <trkpt lat="36.7150089" lon="101.6848401"><ele>2742.3</ele><time>2026-05-04T09:46:18Z</time></trkpt>
      <trkpt lat="36.7145782" lon="101.6847543"><ele>2745.03</ele><time>2026-05-04T09:46:23Z</time></trkpt>
      <trkpt lat="36.7142329" lon="101.6847264"><ele>2745.92</ele><time>2026-05-04T09:46:28Z</time></trkpt>
      <trkpt lat="36.7139901" lon="101.6847201"><ele>2746.18</ele><time>2026-05-04T09:46:33Z</time></trkpt>
      <trkpt lat="36.7136562" lon="101.6846992"><ele>2745.97</ele><time>2026-05-04T09:46:40Z</time></trkpt>
      <trkpt lat="36.7132964" lon="101.6846976"><ele>2746.34</ele><time>2026-05-04T09:46:46Z</time></trkpt>
      <trkpt lat="36.7126999" lon="101.6847644"><ele>2748.23</ele><time>2026-05-04T09:46:55Z</time></trkpt>
      <trkpt lat="36.7122485" lon="101.6848802"><ele>2749.86</ele><time>2026-05-04T09:47:02Z</time></trkpt>
      <trkpt lat="36.7119855" lon="101.6849358"><ele>2751.4</ele><time>2026-05-04T09:47:06Z</time></trkpt>
      <trkpt lat="36.7117166" lon="101.6849515"><ele>2753.26</ele><time>2026-05-04T09:47:10Z</time></trkpt>
      <trkpt lat="36.7112369" lon="101.6849247"><ele>2756.94</ele><time>2026-05-04T09:47:17Z</time></trkpt>
      <trkpt lat="36.7108195" lon="101.6849279"><ele>2760.29</ele><time>2026-05-04T09:47:23Z</time></trkpt>
      <trkpt lat="36.7102025" lon="101.6849496"><ele>2763.28</ele><time>2026-05-04T09:47:32Z</time></trkpt>
      <trkpt lat="36.7098487" lon="101.6849713"><ele>2765.69</ele><time>2026-05-04T09:47:38Z</time></trkpt>
      <trkpt lat="36.7097280" lon="101.6849915"><ele>2766.73</ele><time>2026-05-04T09:47:41Z</time></trkpt>
      <trkpt lat="36.7095683" lon="101.6850548"><ele>2767.54</ele><time>2026-05-04T09:47:46Z</time></trkpt>
      <trkpt lat="36.7093100" lon="101.6852432"><ele>2768.64</ele><time>2026-05-04T09:47:53Z</time></trkpt>
      <trkpt lat="36.7090306" lon="101.6855393"><ele>2769.18</ele><time>2026-05-04T09:47:59Z</time></trkpt>
      <trkpt lat="36.7086911" lon="101.6859480"><ele>2769.65</ele><time>2026-05-04T09:48:05Z</time></trkpt>
      <trkpt lat="36.7083003" lon="101.6864906"><ele>2771.58</ele><time>2026-05-04T09:48:12Z</time></trkpt>
      <trkpt lat="36.7078953" lon="101.6870929"><ele>2773.88</ele><time>2026-05-04T09:48:19Z</time></trkpt>
      <trkpt lat="36.7074439" lon="101.6877372"><ele>2776.35</ele><time>2026-05-04T09:48:26Z</time></trkpt>
      <trkpt lat="36.7071685" lon="101.6880880"><ele>2778.19</ele><time>2026-05-04T09:48:31Z</time></trkpt>
      <trkpt lat="36.7069501" lon="101.6883305"><ele>2779.18</ele><time>2026-05-04T09:48:36Z</time></trkpt>
      <trkpt lat="36.7066401" lon="101.6886507"><ele>2779.65</ele><time>2026-05-04T09:48:42Z</time></trkpt>
      <trkpt lat="36.7062150" lon="101.6891518"><ele>2779.72</ele><time>2026-05-04T09:48:49Z</time></trkpt>
      <trkpt lat="36.7058409" lon="101.6896623"><ele>2779.08</ele><time>2026-05-04T09:48:56Z</time></trkpt>
      <trkpt lat="36.7056893" lon="101.6898605"><ele>2778.68</ele><time>2026-05-04T09:49:00Z</time></trkpt>
      <trkpt lat="36.7054974" lon="101.6900786"><ele>2778.08</ele><time>2026-05-04T09:49:05Z</time></trkpt>
      <trkpt lat="36.7051792" lon="101.6904231"><ele>2778.04</ele><time>2026-05-04T09:49:11Z</time></trkpt>
      <trkpt lat="36.7046908" lon="101.6909712"><ele>2778.87</ele><time>2026-05-04T09:49:19Z</time></trkpt>
      <trkpt lat="36.7043288" lon="101.6913463"><ele>2779.24</ele><time>2026-05-04T09:49:25Z</time></trkpt>
      <trkpt lat="36.7040101" lon="101.6916197"><ele>2779.11</ele><time>2026-05-04T09:49:30Z</time></trkpt>
      <trkpt lat="36.7032159" lon="101.6922133"><ele>2777.54</ele><time>2026-05-04T09:49:41Z</time></trkpt>
      <trkpt lat="36.7028169" lon="101.6924630"><ele>2776.26</ele><time>2026-05-04T09:49:47Z</time></trkpt>
      <trkpt lat="36.7026102" lon="101.6925768"><ele>2775.63</ele><time>2026-05-04T09:49:51Z</time></trkpt>
      <trkpt lat="36.7024174" lon="101.6926971"><ele>2774.85</ele><time>2026-05-04T09:49:55Z</time></trkpt>
      <trkpt lat="36.7019670" lon="101.6930690"><ele>2774.58</ele><time>2026-05-04T09:50:03Z</time></trkpt>
      <trkpt lat="36.7014701" lon="101.6935650"><ele>2774.56</ele><time>2026-05-04T09:50:11Z</time></trkpt>
      <trkpt lat="36.7010950" lon="101.6940311"><ele>2774.72</ele><time>2026-05-04T09:50:19Z</time></trkpt>
      <trkpt lat="36.7009788" lon="101.6941886"><ele>2774.71</ele><time>2026-05-04T09:50:23Z</time></trkpt>
      <trkpt lat="36.7009034" lon="101.6943033"><ele>2774.67</ele><time>2026-05-04T09:50:26Z</time></trkpt>
      <trkpt lat="36.7007093" lon="101.6946876"><ele>2774.58</ele><time>2026-05-04T09:50:33Z</time></trkpt>
      <trkpt lat="36.7005285" lon="101.6951081"><ele>2775</ele><time>2026-05-04T09:50:39Z</time></trkpt>
      <trkpt lat="36.7003294" lon="101.6955580"><ele>2774.8</ele><time>2026-05-04T09:50:46Z</time></trkpt>
      <trkpt lat="36.7001305" lon="101.6960357"><ele>2774.71</ele><time>2026-05-04T09:50:53Z</time></trkpt>
      <trkpt lat="36.6998654" lon="101.6965014"><ele>2774.32</ele><time>2026-05-04T09:51:01Z</time></trkpt>
      <trkpt lat="36.6996528" lon="101.6966336"><ele>2773.36</ele><time>2026-05-04T09:51:07Z</time></trkpt>
      <trkpt lat="36.6996205" lon="101.6966352"><ele>2773.18</ele><time>2026-05-04T09:51:08Z</time></trkpt>
      <trkpt lat="36.6994458" lon="101.6965725"><ele>2771.96</ele><time>2026-05-04T09:51:15Z</time></trkpt>
      <trkpt lat="36.6993976" lon="101.6965706"><ele>2771.44</ele><time>2026-05-04T09:51:18Z</time></trkpt>
      <trkpt lat="36.6993511" lon="101.6966374"><ele>2771.01</ele><time>2026-05-04T09:51:21Z</time></trkpt>
      <trkpt lat="36.6993339" lon="101.6966821"><ele>2770.86</ele><time>2026-05-04T09:51:22Z</time></trkpt>
      <trkpt lat="36.6993155" lon="101.6967395"><ele>2770.74</ele><time>2026-05-04T09:51:23Z</time></trkpt>
      <trkpt lat="36.6992958" lon="101.6968095"><ele>2770.68</ele><time>2026-05-04T09:51:24Z</time></trkpt>
      <trkpt lat="36.6992040" lon="101.6971887"><ele>2770.3</ele><time>2026-05-04T09:51:28Z</time></trkpt>
      <trkpt lat="36.6990126" lon="101.6980363"><ele>2769.12</ele><time>2026-05-04T09:51:35Z</time></trkpt>
      <trkpt lat="36.6988443" lon="101.6988921"><ele>2766.7</ele><time>2026-05-04T09:51:42Z</time></trkpt>
      <trkpt lat="36.6987444" lon="101.6993595"><ele>2765.36</ele><time>2026-05-04T09:51:46Z</time></trkpt>
      <trkpt lat="36.6987103" lon="101.6994730"><ele>2764.99</ele><time>2026-05-04T09:51:47Z</time></trkpt>
      <trkpt lat="36.6986711" lon="101.6995850"><ele>2764.54</ele><time>2026-05-04T09:51:48Z</time></trkpt>
      <trkpt lat="36.6986273" lon="101.6996961"><ele>2764.06</ele><time>2026-05-04T09:51:49Z</time></trkpt>
      <trkpt lat="36.6985810" lon="101.6998068"><ele>2763.65</ele><time>2026-05-04T09:51:50Z</time></trkpt>
      <trkpt lat="36.6984909" lon="101.7000278"><ele>2762.64</ele><time>2026-05-04T09:51:52Z</time></trkpt>
      <trkpt lat="36.6984529" lon="101.7001379"><ele>2761.98</ele><time>2026-05-04T09:51:53Z</time></trkpt>
      <trkpt lat="36.6984234" lon="101.7002464"><ele>2761.33</ele><time>2026-05-04T09:51:54Z</time></trkpt>
      <trkpt lat="36.6984048" lon="101.7003514"><ele>2760.73</ele><time>2026-05-04T09:51:55Z</time></trkpt>
      <trkpt lat="36.6983990" lon="101.7004507"><ele>2760.12</ele><time>2026-05-04T09:51:56Z</time></trkpt>
      <trkpt lat="36.6984075" lon="101.7005419"><ele>2759.54</ele><time>2026-05-04T09:51:57Z</time></trkpt>
      <trkpt lat="36.6984312" lon="101.7006237"><ele>2759</ele><time>2026-05-04T09:51:58Z</time></trkpt>
      <trkpt lat="36.6984699" lon="101.7006955"><ele>2758.39</ele><time>2026-05-04T09:51:59Z</time></trkpt>
      <trkpt lat="36.6985225" lon="101.7007581"><ele>2757.84</ele><time>2026-05-04T09:52:00Z</time></trkpt>
      <trkpt lat="36.6985871" lon="101.7008134"><ele>2757.21</ele><time>2026-05-04T09:52:01Z</time></trkpt>
      <trkpt lat="36.6986611" lon="101.7008639"><ele>2756.54</ele><time>2026-05-04T09:52:02Z</time></trkpt>
      <trkpt lat="36.6987415" lon="101.7009124"><ele>2755.97</ele><time>2026-05-04T09:52:03Z</time></trkpt>
      <trkpt lat="36.6991647" lon="101.7011946"><ele>2753.7</ele><time>2026-05-04T09:52:08Z</time></trkpt>
      <trkpt lat="36.6992405" lon="101.7012700"><ele>2753.39</ele><time>2026-05-04T09:52:09Z</time></trkpt>
      <trkpt lat="36.6993097" lon="101.7013545"><ele>2753.17</ele><time>2026-05-04T09:52:10Z</time></trkpt>
      <trkpt lat="36.6993717" lon="101.7014481"><ele>2753.01</ele><time>2026-05-04T09:52:11Z</time></trkpt>
      <trkpt lat="36.6994268" lon="101.7015501"><ele>2752.83</ele><time>2026-05-04T09:52:12Z</time></trkpt>
      <trkpt lat="36.6994754" lon="101.7016599"><ele>2752.67</ele><time>2026-05-04T09:52:13Z</time></trkpt>
      <trkpt lat="36.6995189" lon="101.7017763"><ele>2752.59</ele><time>2026-05-04T09:52:14Z</time></trkpt>
      <trkpt lat="36.6995581" lon="101.7018985"><ele>2752.47</ele><time>2026-05-04T09:52:15Z</time></trkpt>
      <trkpt lat="36.6997310" lon="101.7028543"><ele>2750.78</ele><time>2026-05-04T09:52:22Z</time></trkpt>
      <trkpt lat="36.6997102" lon="101.7035496"><ele>2747.32</ele><time>2026-05-04T09:52:27Z</time></trkpt>
      <trkpt lat="36.6996836" lon="101.7036782"><ele>2746.48</ele><time>2026-05-04T09:52:28Z</time></trkpt>
      <trkpt lat="36.6996479" lon="101.7038012"><ele>2745.53</ele><time>2026-05-04T09:52:29Z</time></trkpt>
      <trkpt lat="36.6996033" lon="101.7039181"><ele>2744.71</ele><time>2026-05-04T09:52:30Z</time></trkpt>
      <trkpt lat="36.6995503" lon="101.7040289"><ele>2743.76</ele><time>2026-05-04T09:52:31Z</time></trkpt>
      <trkpt lat="36.6994901" lon="101.7041342"><ele>2742.85</ele><time>2026-05-04T09:52:32Z</time></trkpt>
      <trkpt lat="36.6994238" lon="101.7042343"><ele>2741.99</ele><time>2026-05-04T09:52:33Z</time></trkpt>
      <trkpt lat="36.6993532" lon="101.7043302"><ele>2741.2</ele><time>2026-05-04T09:52:34Z</time></trkpt>
      <trkpt lat="36.6992797" lon="101.7044224"><ele>2740.36</ele><time>2026-05-04T09:52:35Z</time></trkpt>
      <trkpt lat="36.6989804" lon="101.7047581"><ele>2736.75</ele><time>2026-05-04T09:52:39Z</time></trkpt>
      <trkpt lat="36.6987123" lon="101.7050342"><ele>2732.76</ele><time>2026-05-04T09:52:43Z</time></trkpt>
      <trkpt lat="36.6985527" lon="101.7051884"><ele>2729.57</ele><time>2026-05-04T09:52:46Z</time></trkpt>
      <trkpt lat="36.6984288" lon="101.7053041"><ele>2726.26</ele><time>2026-05-04T09:52:49Z</time></trkpt>
      <trkpt lat="36.6983184" lon="101.7054106"><ele>2722.98</ele><time>2026-05-04T09:52:52Z</time></trkpt>
      <trkpt lat="36.6981573" lon="101.7055876"><ele>2719.61</ele><time>2026-05-04T09:52:56Z</time></trkpt>
      <trkpt lat="36.6979377" lon="101.7058948"><ele>2716.6</ele><time>2026-05-04T09:53:01Z</time></trkpt>
      <trkpt lat="36.6977414" lon="101.7062862"><ele>2713.2</ele><time>2026-05-04T09:53:06Z</time></trkpt>
      <trkpt lat="36.6976202" lon="101.7066382"><ele>2709.74</ele><time>2026-05-04T09:53:10Z</time></trkpt>
      <trkpt lat="36.6975506" lon="101.7069049"><ele>2706.57</ele><time>2026-05-04T09:53:13Z</time></trkpt>
      <trkpt lat="36.6974994" lon="101.7071510"><ele>2703.29</ele><time>2026-05-04T09:53:16Z</time></trkpt>
      <trkpt lat="36.6974679" lon="101.7073548"><ele>2700.16</ele><time>2026-05-04T09:53:19Z</time></trkpt>
      <trkpt lat="36.6974501" lon="101.7075404"><ele>2696.44</ele><time>2026-05-04T09:53:23Z</time></trkpt>
      <trkpt lat="36.6974448" lon="101.7076467"><ele>2693.04</ele><time>2026-05-04T09:53:28Z</time></trkpt>
      <trkpt lat="36.6974467" lon="101.7076771"><ele>2690.89</ele><time>2026-05-04T09:53:33Z</time></trkpt>
    </trkseg>
    <trkseg>
      <trkpt lat="36.6973750" lon="101.7076115"><ele>2690.59</ele><time>2026-05-04T09:53:48Z</time></trkpt>
      <trkpt lat="36.6973503" lon="101.7075983"><ele>2690.58</ele><time>2026-05-04T09:53:49Z</time></trkpt>
      <trkpt lat="36.6970957" lon="101.7074476"><ele>2692.28</ele><time>2026-05-04T09:53:59Z</time></trkpt>
      <trkpt lat="36.6968792" lon="101.7072791"><ele>2693.88</ele><time>2026-05-04T09:54:08Z</time></trkpt>
      <trkpt lat="36.6967509" lon="101.7071754"><ele>2694.26</ele><time>2026-05-04T09:54:14Z</time></trkpt>
      <trkpt lat="36.6966275" lon="101.7070496"><ele>2694.5</ele><time>2026-05-04T09:54:20Z</time></trkpt>
      <trkpt lat="36.6964438" lon="101.7068549"><ele>2694.52</ele><time>2026-05-04T09:54:27Z</time></trkpt>
      <trkpt lat="36.6961226" lon="101.7065560"><ele>2694.62</ele><time>2026-05-04T09:54:37Z</time></trkpt>
      <trkpt lat="36.6958790" lon="101.7063645"><ele>2695.14</ele><time>2026-05-04T09:54:45Z</time></trkpt>
      <trkpt lat="36.6957855" lon="101.7063000"><ele>2695.17</ele><time>2026-05-04T09:54:50Z</time></trkpt>
      <trkpt lat="36.6956979" lon="101.7061990"><ele>2694.41</ele><time>2026-05-04T09:54:58Z</time></trkpt>
      <trkpt lat="36.6956549" lon="101.7060477"><ele>2694.61</ele><time>2026-05-04T09:55:05Z</time></trkpt>
      <trkpt lat="36.6956436" lon="101.7059781"><ele>2694.62</ele><time>2026-05-04T09:55:10Z</time></trkpt>
      <trkpt lat="36.6956410" lon="101.7059588"><ele>2694.48</ele><time>2026-05-04T09:55:12Z</time></trkpt>
    </trkseg>
    <trkseg>
      <trkpt lat="36.6956474" lon="101.7059039"><ele>2694.3</ele><time>2026-05-04T09:55:37Z</time></trkpt>
      <trkpt lat="36.6957699" lon="101.7055059"><ele>2694.7</ele><time>2026-05-04T09:55:47Z</time></trkpt>
      <trkpt lat="36.6958245" lon="101.7053132"><ele>2694.38</ele><time>2026-05-04T09:55:54Z</time></trkpt>
      <trkpt lat="36.6958547" lon="101.7051771"><ele>2694.3</ele><time>2026-05-04T09:56:05Z</time></trkpt>
      <trkpt lat="36.6959228" lon="101.7050472"><ele>2694.42</ele><time>2026-05-04T09:56:14Z</time></trkpt>
      <trkpt lat="36.6960511" lon="101.7049005"><ele>2694.59</ele><time>2026-05-04T09:56:24Z</time></trkpt>
      <trkpt lat="36.6962029" lon="101.7047825"><ele>2694.68</ele><time>2026-05-04T09:56:33Z</time></trkpt>
      <trkpt lat="36.6963949" lon="101.7046826"><ele>2694.42</ele><time>2026-05-04T09:56:42Z</time></trkpt>
      <trkpt lat="36.6965610" lon="101.7045880"><ele>2694.28</ele><time>2026-05-04T09:56:50Z</time></trkpt>
      <trkpt lat="36.6966641" lon="101.7045198"><ele>2694.2</ele><time>2026-05-04T09:56:57Z</time></trkpt>
      <trkpt lat="36.6968308" lon="101.7043931"><ele>2694.41</ele><time>2026-05-04T09:57:07Z</time></trkpt>
      <trkpt lat="36.6970652" lon="101.7041579"><ele>2694.47</ele><time>2026-05-04T09:57:18Z</time></trkpt>
      <trkpt lat="36.6974135" lon="101.7039727"><ele>2694.24</ele><time>2026-05-04T09:57:29Z</time></trkpt>
      <trkpt lat="36.6977506" lon="101.7038284"><ele>2694.55</ele><time>2026-05-04T09:57:38Z</time></trkpt>
      <trkpt lat="36.6981111" lon="101.7035850"><ele>2694.94</ele><time>2026-05-04T09:57:48Z</time></trkpt>
      <trkpt lat="36.6984731" lon="101.7033410"><ele>2694.95</ele><time>2026-05-04T09:57:58Z</time></trkpt>
      <trkpt lat="36.6987689" lon="101.7031583"><ele>2694.88</ele><time>2026-05-04T09:58:07Z</time></trkpt>
      <trkpt lat="36.6989001" lon="101.7029624"><ele>2694.92</ele><time>2026-05-04T09:58:14Z</time></trkpt>
      <trkpt lat="36.6988862" lon="101.7027721"><ele>2695.04</ele><time>2026-05-04T09:58:19Z</time></trkpt>
      <trkpt lat="36.6987714" lon="101.7023776"><ele>2695.44</ele><time>2026-05-04T09:58:28Z</time></trkpt>
      <trkpt lat="36.6987352" lon="101.7021889"><ele>2695.55</ele><time>2026-05-04T09:58:32Z</time></trkpt>
      <trkpt lat="36.6986339" lon="101.7019592"><ele>2695.7</ele><time>2026-05-04T09:58:38Z</time></trkpt>
      <trkpt lat="36.6984638" lon="101.7018809"><ele>2695.83</ele><time>2026-05-04T09:58:43Z</time></trkpt>
      <trkpt lat="36.6984236" lon="101.7018759"><ele>2695.89</ele><time>2026-05-04T09:58:44Z</time></trkpt>
      <trkpt lat="36.6979421" lon="101.7018963"><ele>2696.15</ele><time>2026-05-04T09:58:55Z</time></trkpt>
      <trkpt lat="36.6977224" lon="101.7018687"><ele>2695.95</ele><time>2026-05-04T09:59:00Z</time></trkpt>
      <trkpt lat="36.6973996" lon="101.7016551"><ele>2695.89</ele><time>2026-05-04T09:59:09Z</time></trkpt>
      <trkpt lat="36.6973029" lon="101.7014129"><ele>2695.94</ele><time>2026-05-04T09:59:15Z</time></trkpt>
      <trkpt lat="36.6973257" lon="101.7011442"><ele>2696.14</ele><time>2026-05-04T09:59:21Z</time></trkpt>
      <trkpt lat="36.6974322" lon="101.7008235"><ele>2696.17</ele><time>2026-05-04T09:59:28Z</time></trkpt>
      <trkpt lat="36.6976014" lon="101.7002842"><ele>2696.24</ele><time>2026-05-04T09:59:39Z</time></trkpt>
      <trkpt lat="36.6976891" lon="101.6998287"><ele>2696.07</ele><time>2026-05-04T09:59:48Z</time></trkpt>
      <trkpt lat="36.6976779" lon="101.6997423"><ele>2696.03</ele><time>2026-05-04T09:59:50Z</time></trkpt>
      <trkpt lat="36.6975840" lon="101.6995973"><ele>2696.14</ele><time>2026-05-04T09:59:55Z</time></trkpt>
      <trkpt lat="36.6974992" lon="101.6995764"><ele>2696.21</ele><time>2026-05-04T09:59:58Z</time></trkpt>
      <trkpt lat="36.6972738" lon="101.6996576"><ele>2695.93</ele><time>2026-05-04T10:00:06Z</time></trkpt>
      <trkpt lat="36.6970734" lon="101.6997850"><ele>2695.71</ele><time>2026-05-04T10:00:15Z</time></trkpt>
      <trkpt lat="36.6969044" lon="101.6999359"><ele>2695.63</ele><time>2026-05-04T10:00:22Z</time></trkpt>
      <trkpt lat="36.6966305" lon="101.7001337"><ele>2695.75</ele><time>2026-05-04T10:00:31Z</time></trkpt>
      <trkpt lat="36.6963268" lon="101.7002450"><ele>2695.73</ele><time>2026-05-04T10:00:40Z</time></trkpt>
      <trkpt lat="36.6959283" lon="101.7002964"><ele>2695.62</ele><time>2026-05-04T10:00:51Z</time></trkpt>
      <trkpt lat="36.6956033" lon="101.7003295"><ele>2695.45</ele><time>2026-05-04T10:01:00Z</time></trkpt>
      <trkpt lat="36.6952918" lon="101.7003736"><ele>2695.56</ele><time>2026-05-04T10:01:09Z</time></trkpt>
      <trkpt lat="36.6951876" lon="101.7003455"><ele>2695.7</ele><time>2026-05-04T10:01:14Z</time></trkpt>
      <trkpt lat="36.6951469" lon="101.7003202"><ele>2695.74</ele><time>2026-05-04T10:01:18Z</time></trkpt>
    </trkseg>
    <trkseg>
      <trkpt lat="36.6951725" lon="101.7003489"><ele>2695.77</ele><time>2026-05-04T10:01:47Z</time></trkpt>
      <trkpt lat="36.6951269" lon="101.7002488"><ele>2695.77</ele><time>2026-05-04T10:01:51Z</time></trkpt>
      <trkpt lat="36.6950943" lon="101.7000250"><ele>2696.17</ele><time>2026-05-04T10:01:59Z</time></trkpt>
      <trkpt lat="36.6951620" lon="101.6997215"><ele>2696.1</ele><time>2026-05-04T10:02:08Z</time></trkpt>
      <trkpt lat="36.6952396" lon="101.6994293"><ele>2696.2</ele><time>2026-05-04T10:02:17Z</time></trkpt>
      <trkpt lat="36.6952606" lon="101.6992527"><ele>2696.36</ele><time>2026-05-04T10:02:24Z</time></trkpt>
      <trkpt lat="36.6952460" lon="101.6991662"><ele>2696.27</ele><time>2026-05-04T10:02:30Z</time></trkpt>
      <trkpt lat="36.6952373" lon="101.6991424"><ele>2696.27</ele><time>2026-05-04T10:02:33Z</time></trkpt>
    </trkseg>
    <trkseg>
      <trkpt lat="36.6952021" lon="101.6991278"><ele>2696.32</ele><time>2026-05-04T10:02:47Z</time></trkpt>
      <trkpt lat="36.6949922" lon="101.6988617"><ele>2696.43</ele><time>2026-05-04T10:03:00Z</time></trkpt>
      <trkpt lat="36.6948130" lon="101.6985224"><ele>2696.73</ele><time>2026-05-04T10:03:11Z</time></trkpt>
      <trkpt lat="36.6947044" lon="101.6982269"><ele>2697.09</ele><time>2026-05-04T10:03:21Z</time></trkpt>
      <trkpt lat="36.6947063" lon="101.6980487"><ele>2697.09</ele><time>2026-05-04T10:03:29Z</time></trkpt>
      <trkpt lat="36.6947800" lon="101.6977822"><ele>2697.23</ele><time>2026-05-04T10:03:38Z</time></trkpt>
      <trkpt lat="36.6948743" lon="101.6974923"><ele>2697.28</ele><time>2026-05-04T10:03:48Z</time></trkpt>
      <trkpt lat="36.6949669" lon="101.6972283"><ele>2697.03</ele><time>2026-05-04T10:03:57Z</time></trkpt>
      <trkpt lat="36.6950097" lon="101.6969995"><ele>2696.87</ele><time>2026-05-04T10:04:05Z</time></trkpt>
      <trkpt lat="36.6949707" lon="101.6967998"><ele>2696.76</ele><time>2026-05-04T10:04:12Z</time></trkpt>
      <trkpt lat="36.6949642" lon="101.6965578"><ele>2697.11</ele><time>2026-05-04T10:04:20Z</time></trkpt>
      <trkpt lat="36.6950594" lon="101.6963339"><ele>2697.26</ele><time>2026-05-04T10:04:28Z</time></trkpt>
      <trkpt lat="36.6950635" lon="101.6961859"><ele>2697.04</ele><time>2026-05-04T10:04:34Z</time></trkpt>
      <trkpt lat="36.6949301" lon="101.6960309"><ele>2696.63</ele><time>2026-05-04T10:04:42Z</time></trkpt>
      <trkpt lat="36.6947501" lon="101.6959603"><ele>2696.87</ele><time>2026-05-04T10:04:50Z</time></trkpt>
      <trkpt lat="36.6946509" lon="101.6959949"><ele>2697.08</ele><time>2026-05-04T10:04:56Z</time></trkpt>
      <trkpt lat="36.6945160" lon="101.6961105"><ele>2697.22</ele><time>2026-05-04T10:05:03Z</time></trkpt>
      <trkpt lat="36.6942641" lon="101.6962592"><ele>2697.53</ele><time>2026-05-04T10:05:12Z</time></trkpt>
      <trkpt lat="36.6939527" lon="101.6963210"><ele>2697.23</ele><time>2026-05-04T10:05:22Z</time></trkpt>
      <trkpt lat="36.6938134" lon="101.6963088"><ele>2697.03</ele><time>2026-05-04T10:05:28Z</time></trkpt>
      <trkpt lat="36.6937004" lon="101.6962215"><ele>2696.87</ele><time>2026-05-04T10:05:37Z</time></trkpt>
      <trkpt lat="36.6936778" lon="101.6961686"><ele>2696.79</ele><time>2026-05-04T10:05:41Z</time></trkpt>
      <trkpt lat="36.6936676" lon="101.6960655"><ele>2696.57</ele><time>2026-05-04T10:05:49Z</time></trkpt>
      <trkpt lat="36.6936677" lon="101.6960534"><ele>2696.57</ele><time>2026-05-04T10:05:50Z</time></trkpt>
    </trkseg>
    <trkseg>
      <trkpt lat="36.6936836" lon="101.6958837"><ele>2696.6</ele><time>2026-05-04T10:06:06Z</time></trkpt>
      <trkpt lat="36.6936950" lon="101.6957741"><ele>2696.66</ele><time>2026-05-04T10:06:14Z</time></trkpt>
      <trkpt lat="36.6936973" lon="101.6957517"><ele>2696.6</ele><time>2026-05-04T10:06:16Z</time></trkpt>
    </trkseg>
    <trkseg>
      <trkpt lat="36.6937130" lon="101.6956613"><ele>2696.55</ele><time>2026-05-04T10:06:55Z</time></trkpt>
      <trkpt lat="36.6937402" lon="101.6952738"><ele>2696.59</ele><time>2026-05-04T10:07:06Z</time></trkpt>
      <trkpt lat="36.6936675" lon="101.6949844"><ele>2696.86</ele><time>2026-05-04T10:07:15Z</time></trkpt>
      <trkpt lat="36.6935214" lon="101.6948200"><ele>2696.95</ele><time>2026-05-04T10:07:23Z</time></trkpt>
      <trkpt lat="36.6933283" lon="101.6946869"><ele>2697.03</ele><time>2026-05-04T10:07:32Z</time></trkpt>
      <trkpt lat="36.6931377" lon="101.6944268"><ele>2697</ele><time>2026-05-04T10:07:45Z</time></trkpt>
      <trkpt lat="36.6931046" lon="101.6942339"><ele>2697.9</ele><time>2026-05-04T10:07:53Z</time></trkpt>
      <trkpt lat="36.6931344" lon="101.6940049"><ele>2698.23</ele><time>2026-05-04T10:08:03Z</time></trkpt>
      <trkpt lat="36.6932411" lon="101.6938172"><ele>2698.42</ele><time>2026-05-04T10:08:13Z</time></trkpt>
      <trkpt lat="36.6934289" lon="101.6936823"><ele>2698.1</ele><time>2026-05-04T10:08:22Z</time></trkpt>
      <trkpt lat="36.6936025" lon="101.6935060"><ele>2696.91</ele><time>2026-05-04T10:08:30Z</time></trkpt>
      <trkpt lat="36.6936346" lon="101.6933163"><ele>2696.68</ele><time>2026-05-04T10:08:36Z</time></trkpt>
      <trkpt lat="36.6936160" lon="101.6930502"><ele>2697.14</ele><time>2026-05-04T10:08:44Z</time></trkpt>
      <trkpt lat="36.6936684" lon="101.6928610"><ele>2697.63</ele><time>2026-05-04T10:08:51Z</time></trkpt>
      <trkpt lat="36.6938207" lon="101.6926861"><ele>2697.39</ele><time>2026-05-04T10:08:59Z</time></trkpt>
      <trkpt lat="36.6939872" lon="101.6924998"><ele>2697.05</ele><time>2026-05-04T10:09:08Z</time></trkpt>
      <trkpt lat="36.6940034" lon="101.6923046"><ele>2696.85</ele><time>2026-05-04T10:09:15Z</time></trkpt>
      <trkpt lat="36.6938916" lon="101.6920416"><ele>2697.26</ele><time>2026-05-04T10:09:25Z</time></trkpt>
      <trkpt lat="36.6938636" lon="101.6919085"><ele>2697.62</ele><time>2026-05-04T10:09:31Z</time></trkpt>
      <trkpt lat="36.6939354" lon="101.6916821"><ele>2697.7</ele><time>2026-05-04T10:09:41Z</time></trkpt>
      <trkpt lat="36.6940728" lon="101.6915363"><ele>2697.36</ele><time>2026-05-04T10:09:50Z</time></trkpt>
      <trkpt lat="36.6941168" lon="101.6913935"><ele>2697.13</ele><time>2026-05-04T10:09:58Z</time></trkpt>
      <trkpt lat="36.6940453" lon="101.6912369"><ele>2697.28</ele><time>2026-05-04T10:10:05Z</time></trkpt>
      <trkpt lat="36.6939821" lon="101.6910488"><ele>2698</ele><time>2026-05-04T10:10:12Z</time></trkpt>
      <trkpt lat="36.6940406" lon="101.6908137"><ele>2698.12</ele><time>2026-05-04T10:10:20Z</time></trkpt>
      <trkpt lat="36.6942013" lon="101.6906370"><ele>2697.83</ele><time>2026-05-04T10:10:28Z</time></trkpt>
      <trkpt lat="36.6944353" lon="101.6905292"><ele>2698.22</ele><time>2026-05-04T10:10:37Z</time></trkpt>
      <trkpt lat="36.6945017" lon="101.6904640"><ele>2698.03</ele><time>2026-05-04T10:10:41Z</time></trkpt>
      <trkpt lat="36.6944936" lon="101.6903189"><ele>2697.51</ele><time>2026-05-04T10:10:47Z</time></trkpt>
      <trkpt lat="36.6944803" lon="101.6902944"><ele>2697.48</ele><time>2026-05-04T10:10:48Z</time></trkpt>
      <trkpt lat="36.6942213" lon="101.6900256"><ele>2697.65</ele><time>2026-05-04T10:11:00Z</time></trkpt>
      <trkpt lat="36.6941539" lon="101.6898314"><ele>2697.51</ele><time>2026-05-04T10:11:07Z</time></trkpt>
      <trkpt lat="36.6942119" lon="101.6896252"><ele>2697.58</ele><time>2026-05-04T10:11:14Z</time></trkpt>
      <trkpt lat="36.6943963" lon="101.6894137"><ele>2697.93</ele><time>2026-05-04T10:11:23Z</time></trkpt>
      <trkpt lat="36.6947158" lon="101.6891389"><ele>2697.74</ele><time>2026-05-04T10:11:36Z</time></trkpt>
      <trkpt lat="36.6949216" lon="101.6889821"><ele>2697.55</ele><time>2026-05-04T10:11:44Z</time></trkpt>
      <trkpt lat="36.6951403" lon="101.6887789"><ele>2697.46</ele><time>2026-05-04T10:11:53Z</time></trkpt>
      <trkpt lat="36.6953362" lon="101.6886155"><ele>2697.4</ele><time>2026-05-04T10:12:02Z</time></trkpt>
      <trkpt lat="36.6953869" lon="101.6884660"><ele>2697.41</ele><time>2026-05-04T10:12:08Z</time></trkpt>
      <trkpt lat="36.6953507" lon="101.6881443"><ele>2697.65</ele><time>2026-05-04T10:12:18Z</time></trkpt>
      <trkpt lat="36.6952690" lon="101.6879627"><ele>2697.73</ele><time>2026-05-04T10:12:25Z</time></trkpt>
      <trkpt lat="36.6950476" lon="101.6878619"><ele>2697.71</ele><time>2026-05-04T10:12:34Z</time></trkpt>
      <trkpt lat="36.6947641" lon="101.6877542"><ele>2697.77</ele><time>2026-05-04T10:12:44Z</time></trkpt>
      <trkpt lat="36.6945537" lon="101.6875990"><ele>2697.98</ele><time>2026-05-04T10:12:53Z</time></trkpt>
      <trkpt lat="36.6944421" lon="101.6873493"><ele>2698.27</ele><time>2026-05-04T10:13:01Z</time></trkpt>
      <trkpt lat="36.6944054" lon="101.6869786"><ele>2698.64</ele><time>2026-05-04T10:13:11Z</time></trkpt>
      <trkpt lat="36.6943643" lon="101.6865459"><ele>2698.59</ele><time>2026-05-04T10:13:23Z</time></trkpt>
      <trkpt lat="36.6943363" lon="101.6861697"><ele>2698.8</ele><time>2026-05-04T10:13:33Z</time></trkpt>
      <trkpt lat="36.6943776" lon="101.6857617"><ele>2699.16</ele><time>2026-05-04T10:13:43Z</time></trkpt>
      <trkpt lat="36.6944573" lon="101.6853641"><ele>2699.01</ele><time>2026-05-04T10:13:52Z</time></trkpt>
      <trkpt lat="36.6945125" lon="101.6849987"><ele>2698.76</ele><time>2026-05-04T10:14:00Z</time></trkpt>
      <trkpt lat="36.6945360" lon="101.6846108"><ele>2698.69</ele><time>2026-05-04T10:14:09Z</time></trkpt>
      <trkpt lat="36.6945836" lon="101.6841740"><ele>2698.81</ele><time>2026-05-04T10:14:19Z</time></trkpt>
      <trkpt lat="36.6946125" lon="101.6837785"><ele>2698.73</ele><time>2026-05-04T10:14:28Z</time></trkpt>
      <trkpt lat="36.6946693" lon="101.6833964"><ele>2698.89</ele><time>2026-05-04T10:14:37Z</time></trkpt>
      <trkpt lat="36.6947348" lon="101.6830746"><ele>2698.66</ele><time>2026-05-04T10:14:45Z</time></trkpt>
      <trkpt lat="36.6947206" lon="101.6827461"><ele>2698.39</ele><time>2026-05-04T10:14:53Z</time></trkpt>
      <trkpt lat="36.6946780" lon="101.6823147"><ele>2698.86</ele><time>2026-05-04T10:15:04Z</time></trkpt>
      <trkpt lat="36.6946697" lon="101.6819818"><ele>2699.18</ele><time>2026-05-04T10:15:12Z</time></trkpt>
      <trkpt lat="36.6946662" lon="101.6815353"><ele>2699.09</ele><time>2026-05-04T10:15:22Z</time></trkpt>
      <trkpt lat="36.6947073" lon="101.6811519"><ele>2699.11</ele><time>2026-05-04T10:15:30Z</time></trkpt>
      <trkpt lat="36.6948246" lon="101.6807560"><ele>2699.02</ele><time>2026-05-04T10:15:39Z</time></trkpt>
      <trkpt lat="36.6949549" lon="101.6804930"><ele>2699.08</ele><time>2026-05-04T10:15:46Z</time></trkpt>
      <trkpt lat="36.6951508" lon="101.6802465"><ele>2699.2</ele><time>2026-05-04T10:15:54Z</time></trkpt>
      <trkpt lat="36.6953006" lon="101.6800258"><ele>2698.97</ele><time>2026-05-04T10:16:02Z</time></trkpt>
      <trkpt lat="36.6952776" lon="101.6798949"><ele>2698.79</ele><time>2026-05-04T10:16:07Z</time></trkpt>
      <trkpt lat="36.6951140" lon="101.6797576"><ele>2698.5</ele><time>2026-05-04T10:16:14Z</time></trkpt>
      <trkpt lat="36.6948798" lon="101.6795305"><ele>2698.47</ele><time>2026-05-04T10:16:24Z</time></trkpt>
      <trkpt lat="36.6948154" lon="101.6792546"><ele>2698.72</ele><time>2026-05-04T10:16:31Z</time></trkpt>
      <trkpt lat="36.6948051" lon="101.6788872"><ele>2698.8</ele><time>2026-05-04T10:16:39Z</time></trkpt>
      <trkpt lat="36.6947444" lon="101.6784771"><ele>2698.84</ele><time>2026-05-04T10:16:48Z</time></trkpt>
      <trkpt lat="36.6947214" lon="101.6780076"><ele>2699.05</ele><time>2026-05-04T10:16:58Z</time></trkpt>
      <trkpt lat="36.6947398" lon="101.6776155"><ele>2699.09</ele><time>2026-05-04T10:17:07Z</time></trkpt>
      <trkpt lat="36.6947537" lon="101.6772590"><ele>2699.15</ele><time>2026-05-04T10:17:15Z</time></trkpt>
      <trkpt lat="36.6948060" lon="101.6768561"><ele>2699.38</ele><time>2026-05-04T10:17:24Z</time></trkpt>
      <trkpt lat="36.6948811" lon="101.6765542"><ele>2699.19</ele><time>2026-05-04T10:17:32Z</time></trkpt>
      <trkpt lat="36.6948756" lon="101.6762279"><ele>2699.34</ele><time>2026-05-04T10:17:40Z</time></trkpt>
      <trkpt lat="36.6949073" lon="101.6758649"><ele>2699.43</ele><time>2026-05-04T10:17:48Z</time></trkpt>
      <trkpt lat="36.6950719" lon="101.6754289"><ele>2699.56</ele><time>2026-05-04T10:17:58Z</time></trkpt>
      <trkpt lat="36.6951278" lon="101.6752492"><ele>2699.58</ele><time>2026-05-04T10:18:04Z</time></trkpt>
      <trkpt lat="36.6950851" lon="101.6750859"><ele>2699.18</ele><time>2026-05-04T10:18:11Z</time></trkpt>
      <trkpt lat="36.6949550" lon="101.6748672"><ele>2699.5</ele><time>2026-05-04T10:18:19Z</time></trkpt>
      <trkpt lat="36.6949550" lon="101.6746174"><ele>2699.92</ele><time>2026-05-04T10:18:26Z</time></trkpt>
      <trkpt lat="36.6950804" lon="101.6743421"><ele>2699.82</ele><time>2026-05-04T10:18:33Z</time></trkpt>
      <trkpt lat="36.6952638" lon="101.6740173"><ele>2699.88</ele><time>2026-05-04T10:18:42Z</time></trkpt>
      <trkpt lat="36.6954066" lon="101.6737091"><ele>2699.91</ele><time>2026-05-04T10:18:51Z</time></trkpt>
      <trkpt lat="36.6955105" lon="101.6734529"><ele>2699.92</ele><time>2026-05-04T10:18:59Z</time></trkpt>
      <trkpt lat="36.6956510" lon="101.6731070"><ele>2700.02</ele><time>2026-05-04T10:19:09Z</time></trkpt>
      <trkpt lat="36.6957932" lon="101.6727131"><ele>2700.35</ele><time>2026-05-04T10:19:20Z</time></trkpt>
      <trkpt lat="36.6958797" lon="101.6724860"><ele>2700.27</ele><time>2026-05-04T10:19:28Z</time></trkpt>
      <trkpt lat="36.6958738" lon="101.6724264"><ele>2700.16</ele><time>2026-05-04T10:19:31Z</time></trkpt>
      <trkpt lat="36.6958020" lon="101.6723659"><ele>2700.14</ele><time>2026-05-04T10:19:36Z</time></trkpt>
      <trkpt lat="36.6955707" lon="101.6723397"><ele>2700.64</ele><time>2026-05-04T10:19:46Z</time></trkpt>
      <trkpt lat="36.6954274" lon="101.6723321"><ele>2700.64</ele><time>2026-05-04T10:19:53Z</time></trkpt>
      <trkpt lat="36.6951538" lon="101.6723215"><ele>2700.42</ele><time>2026-05-04T10:20:06Z</time></trkpt>
      <trkpt lat="36.6949171" lon="101.6723334"><ele>2700.23</ele><time>2026-05-04T10:20:15Z</time></trkpt>
      <trkpt lat="36.6947449" lon="101.6722448"><ele>2700.07</ele><time>2026-05-04T10:20:22Z</time></trkpt>
      <trkpt lat="36.6946853" lon="101.6720857"><ele>2700.24</ele><time>2026-05-04T10:20:27Z</time></trkpt>
      <trkpt lat="36.6946744" lon="101.6717942"><ele>2700.45</ele><time>2026-05-04T10:20:34Z</time></trkpt>
      <trkpt lat="36.6946725" lon="101.6713538"><ele>2700.62</ele><time>2026-05-04T10:20:43Z</time></trkpt>
      <trkpt lat="36.6946541" lon="101.6709335"><ele>2700.84</ele><time>2026-05-04T10:20:52Z</time></trkpt>
      <trkpt lat="36.6946940" lon="101.6705788"><ele>2700.87</ele><time>2026-05-04T10:21:00Z</time></trkpt>
      <trkpt lat="36.6948498" lon="101.6701932"><ele>2700.61</ele><time>2026-05-04T10:21:10Z</time></trkpt>
      <trkpt lat="36.6950417" lon="101.6698849"><ele>2700.88</ele><time>2026-05-04T10:21:19Z</time></trkpt>
      <trkpt lat="36.6952031" lon="101.6695187"><ele>2701.26</ele><time>2026-05-04T10:21:28Z</time></trkpt>
      <trkpt lat="36.6953089" lon="101.6690955"><ele>2700.9</ele><time>2026-05-04T10:21:37Z</time></trkpt>
      <trkpt lat="36.6953460" lon="101.6687841"><ele>2700.95</ele><time>2026-05-04T10:21:46Z</time></trkpt>
      <trkpt lat="36.6953452" lon="101.6687216"><ele>2701.05</ele><time>2026-05-04T10:21:51Z</time></trkpt>
      <trkpt lat="36.6953445" lon="101.6687137"><ele>2701</ele><time>2026-05-04T10:21:52Z</time></trkpt>
    </trkseg>
    <trkseg>
      <trkpt lat="36.6953303" lon="101.6686200"><ele>2700.91</ele><time>2026-05-04T10:22:16Z</time></trkpt>
      <trkpt lat="36.6953350" lon="101.6685821"><ele>2700.97</ele><time>2026-05-04T10:22:25Z</time></trkpt>
    </trkseg>
    <trkseg>
      <trkpt lat="36.6954183" lon="101.6685864"><ele>2700.73</ele><time>2026-05-04T10:22:52Z</time></trkpt>
      <trkpt lat="36.6955588" lon="101.6686933"><ele>2701.65</ele><time>2026-05-04T10:23:01Z</time></trkpt>
      <trkpt lat="36.6956508" lon="101.6688404"><ele>2704.6</ele><time>2026-05-04T10:23:10Z</time></trkpt>
      <trkpt lat="36.6957186" lon="101.6690185"><ele>2707.88</ele><time>2026-05-04T10:23:19Z</time></trkpt>
      <trkpt lat="36.6958077" lon="101.6692154"><ele>2711.26</ele><time>2026-05-04T10:23:28Z</time></trkpt>
      <trkpt lat="36.6958909" lon="101.6694136"><ele>2714.56</ele><time>2026-05-04T10:23:37Z</time></trkpt>
      <trkpt lat="36.6959664" lon="101.6695777"><ele>2717.63</ele><time>2026-05-04T10:23:45Z</time></trkpt>
      <trkpt lat="36.6960648" lon="101.6697306"><ele>2720.68</ele><time>2026-05-04T10:23:53Z</time></trkpt>
      <trkpt lat="36.6961488" lon="101.6698643"><ele>2723.73</ele><time>2026-05-04T10:24:00Z</time></trkpt>
      <trkpt lat="36.6962242" lon="101.6699915"><ele>2726.97</ele><time>2026-05-04T10:24:07Z</time></trkpt>
      <trkpt lat="36.6963256" lon="101.6701069"><ele>2730.15</ele><time>2026-05-04T10:24:15Z</time></trkpt>
      <trkpt lat="36.6964465" lon="101.6702203"><ele>2733.34</ele><time>2026-05-04T10:24:24Z</time></trkpt>
      <trkpt lat="36.6965476" lon="101.6703231"><ele>2735.11</ele><time>2026-05-04T10:24:33Z</time></trkpt>
      <trkpt lat="36.6966451" lon="101.6704164"><ele>2735.23</ele><time>2026-05-04T10:24:42Z</time></trkpt>
      <trkpt lat="36.6968198" lon="101.6705693"><ele>2735.01</ele><time>2026-05-04T10:24:54Z</time></trkpt>
      <trkpt lat="36.6969949" lon="101.6707213"><ele>2735.53</ele><time>2026-05-04T10:25:05Z</time></trkpt>
      <trkpt lat="36.6971794" lon="101.6708921"><ele>2737.26</ele><time>2026-05-04T10:25:16Z</time></trkpt>
      <trkpt lat="36.6974154" lon="101.6710583"><ele>2740.45</ele><time>2026-05-04T10:25:27Z</time></trkpt>
      <trkpt lat="36.6976834" lon="101.6711949"><ele>2742.22</ele><time>2026-05-04T10:25:36Z</time></trkpt>
      <trkpt lat="36.6979481" lon="101.6713700"><ele>2742.8</ele><time>2026-05-04T10:25:44Z</time></trkpt>
      <trkpt lat="36.6982480" lon="101.6715167"><ele>2742.61</ele><time>2026-05-04T10:25:52Z</time></trkpt>
      <trkpt lat="36.6983668" lon="101.6715632"><ele>2742.62</ele><time>2026-05-04T10:25:55Z</time></trkpt>
      <trkpt lat="36.6987286" lon="101.6717125"><ele>2742.56</ele><time>2026-05-04T10:26:05Z</time></trkpt>
      <trkpt lat="36.6988665" lon="101.6718458"><ele>2742.26</ele><time>2026-05-04T10:26:11Z</time></trkpt>
      <trkpt lat="36.6990009" lon="101.6720910"><ele>2740.91</ele><time>2026-05-04T10:26:19Z</time></trkpt>
      <trkpt lat="36.6991156" lon="101.6724214"><ele>2738.11</ele><time>2026-05-04T10:26:27Z</time></trkpt>
      <trkpt lat="36.6992038" lon="101.6728598"><ele>2734.92</ele><time>2026-05-04T10:26:36Z</time></trkpt>
      <trkpt lat="36.6992614" lon="101.6733759"><ele>2732.69</ele><time>2026-05-04T10:26:45Z</time></trkpt>
      <trkpt lat="36.6993345" lon="101.6740804"><ele>2731.62</ele><time>2026-05-04T10:26:56Z</time></trkpt>
      <trkpt lat="36.6993999" lon="101.6743619"><ele>2731.39</ele><time>2026-05-04T10:27:02Z</time></trkpt>
      <trkpt lat="36.6995307" lon="101.6745789"><ele>2731.28</ele><time>2026-05-04T10:27:10Z</time></trkpt>
      <trkpt lat="36.6996060" lon="101.6747130"><ele>2731.19</ele><time>2026-05-04T10:27:17Z</time></trkpt>
      <trkpt lat="36.6996427" lon="101.6749626"><ele>2730.55</ele><time>2026-05-04T10:27:24Z</time></trkpt>
      <trkpt lat="36.6996816" lon="101.6753715"><ele>2729.05</ele><time>2026-05-04T10:27:32Z</time></trkpt>
      <trkpt lat="36.6997139" lon="101.6759196"><ele>2726.91</ele><time>2026-05-04T10:27:42Z</time></trkpt>
      <trkpt lat="36.6997563" lon="101.6761929"><ele>2726.08</ele><time>2026-05-04T10:27:47Z</time></trkpt>
      <trkpt lat="36.6999367" lon="101.6766565"><ele>2724.39</ele><time>2026-05-04T10:27:56Z</time></trkpt>
      <trkpt lat="36.7001762" lon="101.6771345"><ele>2722.09</ele><time>2026-05-04T10:28:06Z</time></trkpt>
      <trkpt lat="36.7003919" lon="101.6775485"><ele>2719.77</ele><time>2026-05-04T10:28:16Z</time></trkpt>
      <trkpt lat="36.7005601" lon="101.6779234"><ele>2717.32</ele><time>2026-05-04T10:28:25Z</time></trkpt>
      <trkpt lat="36.7006890" lon="101.6782882"><ele>2715.36</ele><time>2026-05-04T10:28:33Z</time></trkpt>
      <trkpt lat="36.7009197" lon="101.6789322"><ele>2713.41</ele><time>2026-05-04T10:28:45Z</time></trkpt>
      <trkpt lat="36.7011279" lon="101.6794107"><ele>2713.02</ele><time>2026-05-04T10:28:52Z</time></trkpt>
      <trkpt lat="36.7014024" lon="101.6799583"><ele>2713.3</ele><time>2026-05-04T10:28:59Z</time></trkpt>
      <trkpt lat="36.7016394" lon="101.6804198"><ele>2713.58</ele><time>2026-05-04T10:29:06Z</time></trkpt>
      <trkpt lat="36.7017444" lon="101.6806007"><ele>2714.17</ele><time>2026-05-04T10:29:11Z</time></trkpt>
      <trkpt lat="36.7017993" lon="101.6807296"><ele>2715.22</ele><time>2026-05-04T10:29:17Z</time></trkpt>
      <trkpt lat="36.7017884" lon="101.6808826"><ele>2715.73</ele><time>2026-05-04T10:29:21Z</time></trkpt>
      <trkpt lat="36.7017783" lon="101.6809375"><ele>2715.94</ele><time>2026-05-04T10:29:22Z</time></trkpt>
      <trkpt lat="36.7016933" lon="101.6812991"><ele>2716.94</ele><time>2026-05-04T10:29:27Z</time></trkpt>
      <trkpt lat="36.7015463" lon="101.6819080"><ele>2720.22</ele><time>2026-05-04T10:29:34Z</time></trkpt>
      <trkpt lat="36.7014525" lon="101.6823421"><ele>2723.52</ele><time>2026-05-04T10:29:39Z</time></trkpt>
      <trkpt lat="36.7013722" lon="101.6827695"><ele>2727.1</ele><time>2026-05-04T10:29:44Z</time></trkpt>
      <trkpt lat="36.7012998" lon="101.6832133"><ele>2730.61</ele><time>2026-05-04T10:29:49Z</time></trkpt>
      <trkpt lat="36.7012142" lon="101.6838007"><ele>2734.07</ele><time>2026-05-04T10:29:55Z</time></trkpt>
      <trkpt lat="36.7011187" lon="101.6844559"><ele>2737.67</ele><time>2026-05-04T10:30:01Z</time></trkpt>
      <trkpt lat="36.7010529" lon="101.6850285"><ele>2740.8</ele><time>2026-05-04T10:30:06Z</time></trkpt>
      <trkpt lat="36.7010251" lon="101.6856083"><ele>2744.39</ele><time>2026-05-04T10:30:11Z</time></trkpt>
      <trkpt lat="36.7010234" lon="101.6860740"><ele>2747.51</ele><time>2026-05-04T10:30:15Z</time></trkpt>
      <trkpt lat="36.7010266" lon="101.6865327"><ele>2750.65</ele><time>2026-05-04T10:30:19Z</time></trkpt>
      <trkpt lat="36.7010262" lon="101.6870747"><ele>2753.94</ele><time>2026-05-04T10:30:24Z</time></trkpt>
      <trkpt lat="36.7009716" lon="101.6876701"><ele>2756.6</ele><time>2026-05-04T10:30:30Z</time></trkpt>
      <trkpt lat="36.7007519" lon="101.6884991"><ele>2757.89</ele><time>2026-05-04T10:30:39Z</time></trkpt>
      <trkpt lat="36.7004607" lon="101.6893006"><ele>2757.8</ele><time>2026-05-04T10:30:48Z</time></trkpt>
      <trkpt lat="36.7003130" lon="101.6899313"><ele>2757.63</ele><time>2026-05-04T10:30:55Z</time></trkpt>
      <trkpt lat="36.7002474" lon="101.6903300"><ele>2757.49</ele><time>2026-05-04T10:31:01Z</time></trkpt>
      <trkpt lat="36.7002322" lon="101.6904441"><ele>2757.42</ele><time>2026-05-04T10:31:05Z</time></trkpt>
      <trkpt lat="36.7002282" lon="101.6904801"><ele>2757.33</ele><time>2026-05-04T10:31:08Z</time></trkpt>
    </trkseg>
    <trkseg>
      <trkpt lat="36.7002245" lon="101.6905644"><ele>2757.16</ele><time>2026-05-04T10:31:16Z</time></trkpt>
      <trkpt lat="36.7001754" lon="101.6909493"><ele>2757.08</ele><time>2026-05-04T10:31:21Z</time></trkpt>
      <trkpt lat="36.7000881" lon="101.6916032"><ele>2757.64</ele><time>2026-05-04T10:31:28Z</time></trkpt>
      <trkpt lat="36.6999488" lon="101.6926167"><ele>2759.86</ele><time>2026-05-04T10:31:37Z</time></trkpt>
      <trkpt lat="36.6998468" lon="101.6936345"><ele>2762.51</ele><time>2026-05-04T10:31:45Z</time></trkpt>
      <trkpt lat="36.6998103" lon="101.6945388"><ele>2765.63</ele><time>2026-05-04T10:31:52Z</time></trkpt>
      <trkpt lat="36.6997463" lon="101.6952566"><ele>2768.8</ele><time>2026-05-04T10:31:58Z</time></trkpt>
      <trkpt lat="36.6995469" lon="101.6960804"><ele>2772.04</ele><time>2026-05-04T10:32:06Z</time></trkpt>
      <trkpt lat="36.6992612" lon="101.6969701"><ele>2772.84</ele><time>2026-05-04T10:32:15Z</time></trkpt>
      <trkpt lat="36.6990416" lon="101.6978653"><ele>2771.15</ele><time>2026-05-04T10:32:23Z</time></trkpt>
      <trkpt lat="36.6989116" lon="101.6985065"><ele>2768.92</ele><time>2026-05-04T10:32:29Z</time></trkpt>
      <trkpt lat="36.6988077" lon="101.6991586"><ele>2766.41</ele><time>2026-05-04T10:32:36Z</time></trkpt>
      <trkpt lat="36.6987686" lon="101.6993319"><ele>2765.73</ele><time>2026-05-04T10:32:38Z</time></trkpt>
      <trkpt lat="36.6987437" lon="101.6994172"><ele>2765.43</ele><time>2026-05-04T10:32:39Z</time></trkpt>
      <trkpt lat="36.6987145" lon="101.6995021"><ele>2765.06</ele><time>2026-05-04T10:32:40Z</time></trkpt>
      <trkpt lat="36.6986808" lon="101.6995869"><ele>2764.63</ele><time>2026-05-04T10:32:41Z</time></trkpt>
      <trkpt lat="36.6986436" lon="101.6996722"><ele>2764.14</ele><time>2026-05-04T10:32:42Z</time></trkpt>
      <trkpt lat="36.6984261" lon="101.7001960"><ele>2761.15</ele><time>2026-05-04T10:32:48Z</time></trkpt>
      <trkpt lat="36.6984059" lon="101.7002836"><ele>2760.66</ele><time>2026-05-04T10:32:49Z</time></trkpt>
      <trkpt lat="36.6983945" lon="101.7003698"><ele>2760.14</ele><time>2026-05-04T10:32:50Z</time></trkpt>
      <trkpt lat="36.6983931" lon="101.7004532"><ele>2759.7</ele><time>2026-05-04T10:32:51Z</time></trkpt>
      <trkpt lat="36.6984028" lon="101.7005319"><ele>2759.22</ele><time>2026-05-04T10:32:52Z</time></trkpt>
      <trkpt lat="36.6984240" lon="101.7006044"><ele>2758.77</ele><time>2026-05-04T10:32:53Z</time></trkpt>
      <trkpt lat="36.6984569" lon="101.7006698"><ele>2758.31</ele><time>2026-05-04T10:32:54Z</time></trkpt>
      <trkpt lat="36.6985004" lon="101.7007279"><ele>2757.85</ele><time>2026-05-04T10:32:55Z</time></trkpt>
      <trkpt lat="36.6985532" lon="101.7007793"><ele>2757.38</ele><time>2026-05-04T10:32:56Z</time></trkpt>
      <trkpt lat="36.6986128" lon="101.7008256"><ele>2756.84</ele><time>2026-05-04T10:32:57Z</time></trkpt>
      <trkpt lat="36.6986771" lon="101.7008684"><ele>2756.37</ele><time>2026-05-04T10:32:58Z</time></trkpt>
      <trkpt lat="36.6987441" lon="101.7009096"><ele>2755.96</ele><time>2026-05-04T10:32:59Z</time></trkpt>
      <trkpt lat="36.6992598" lon="101.7012882"><ele>2753.59</ele><time>2026-05-04T10:33:07Z</time></trkpt>
      <trkpt lat="36.6994770" lon="101.7016558"><ele>2752.6</ele><time>2026-05-04T10:33:12Z</time></trkpt>
      <trkpt lat="36.6995092" lon="101.7017427"><ele>2752.48</ele><time>2026-05-04T10:33:13Z</time></trkpt>
      <trkpt lat="36.6996662" lon="101.7024381"><ele>2751.04</ele><time>2026-05-04T10:33:20Z</time></trkpt>
      <trkpt lat="36.6997320" lon="101.7031097"><ele>2748.71</ele><time>2026-05-04T10:33:26Z</time></trkpt>
      <trkpt lat="36.6997312" lon="101.7032277"><ele>2748.12</ele><time>2026-05-04T10:33:27Z</time></trkpt>
      <trkpt lat="36.6996668" lon="101.7037030"><ele>2745.46</ele><time>2026-05-04T10:33:31Z</time></trkpt>
      <trkpt lat="36.6996307" lon="101.7038176"><ele>2744.73</ele><time>2026-05-04T10:33:32Z</time></trkpt>
      <trkpt lat="36.6995853" lon="101.7039289"><ele>2744</ele><time>2026-05-04T10:33:33Z</time></trkpt>
      <trkpt lat="36.6995311" lon="101.7040364"><ele>2743.27</ele><time>2026-05-04T10:33:34Z</time></trkpt>
      <trkpt lat="36.6994692" lon="101.7041402"><ele>2742.56</ele><time>2026-05-04T10:33:35Z</time></trkpt>
      <trkpt lat="36.6994010" lon="101.7042409"><ele>2741.87</ele><time>2026-05-04T10:33:36Z</time></trkpt>
      <trkpt lat="36.6990006" lon="101.7047124"><ele>2738.23</ele><time>2026-05-04T10:33:41Z</time></trkpt>
      <trkpt lat="36.6986532" lon="101.7050699"><ele>2734.96</ele><time>2026-05-04T10:33:45Z</time></trkpt>
      <trkpt lat="36.6983165" lon="101.7054177"><ele>2731.14</ele><time>2026-05-04T10:33:49Z</time></trkpt>
      <trkpt lat="36.6980908" lon="101.7056838"><ele>2727.62</ele><time>2026-05-04T10:33:52Z</time></trkpt>
      <trkpt lat="36.6978997" lon="101.7059650"><ele>2724.07</ele><time>2026-05-04T10:33:55Z</time></trkpt>
      <trkpt lat="36.6977448" lon="101.7062697"><ele>2720.32</ele><time>2026-05-04T10:33:58Z</time></trkpt>
      <trkpt lat="36.6976227" lon="101.7066028"><ele>2716.35</ele><time>2026-05-04T10:34:01Z</time></trkpt>
      <trkpt lat="36.6975302" lon="101.7069605"><ele>2712.13</ele><time>2026-05-04T10:34:04Z</time></trkpt>
      <trkpt lat="36.6974838" lon="101.7072060"><ele>2709.11</ele><time>2026-05-04T10:34:06Z</time></trkpt>
      <trkpt lat="36.6974337" lon="101.7075735"><ele>2705.16</ele><time>2026-05-04T10:34:09Z</time></trkpt>
      <trkpt lat="36.6973979" lon="101.7079318"><ele>2701.55</ele><time>2026-05-04T10:34:12Z</time></trkpt>
      <trkpt lat="36.6973660" lon="101.7082790"><ele>2698.18</ele><time>2026-05-04T10:34:15Z</time></trkpt>
      <trkpt lat="36.6973343" lon="101.7086146"><ele>2695</ele><time>2026-05-04T10:34:18Z</time></trkpt>
      <trkpt lat="36.6972910" lon="101.7090435"><ele>2691.52</ele><time>2026-05-04T10:34:22Z</time></trkpt>
      <trkpt lat="36.6972391" lon="101.7094620"><ele>2688.43</ele><time>2026-05-04T10:34:26Z</time></trkpt>
      <trkpt lat="36.6971457" lon="101.7100030"><ele>2685.23</ele><time>2026-05-04T10:34:31Z</time></trkpt>
      <trkpt lat="36.6969709" lon="101.7108006"><ele>2682.07</ele><time>2026-05-04T10:34:38Z</time></trkpt>
      <trkpt lat="36.6967454" lon="101.7116824"><ele>2679.79</ele><time>2026-05-04T10:34:46Z</time></trkpt>
      <trkpt lat="36.6965505" lon="101.7124737"><ele>2678.39</ele><time>2026-05-04T10:34:54Z</time></trkpt>
      <trkpt lat="36.6964053" lon="101.7130686"><ele>2677.08</ele><time>2026-05-04T10:35:02Z</time></trkpt>
      <trkpt lat="36.6963122" lon="101.7132295"><ele>2676.4</ele><time>2026-05-04T10:35:07Z</time></trkpt>
      <trkpt lat="36.6962875" lon="101.7132390"><ele>2676.28</ele><time>2026-05-04T10:35:08Z</time></trkpt>
      <trkpt lat="36.6962599" lon="101.7132416"><ele>2676.15</ele><time>2026-05-04T10:35:09Z</time></trkpt>
      <trkpt lat="36.6962294" lon="101.7132384"><ele>2676.03</ele><time>2026-05-04T10:35:10Z</time></trkpt>
      <trkpt lat="36.6961962" lon="101.7132304"><ele>2675.95</ele><time>2026-05-04T10:35:11Z</time></trkpt>
      <trkpt lat="36.6958335" lon="101.7130420"><ele>2675.62</ele><time>2026-05-04T10:35:20Z</time></trkpt>
      <trkpt lat="36.6954619" lon="101.7128305"><ele>2675.67</ele><time>2026-05-04T10:35:29Z</time></trkpt>
      <trkpt lat="36.6949301" lon="101.7126398"><ele>2675.6</ele><time>2026-05-04T10:35:41Z</time></trkpt>
      <trkpt lat="36.6945845" lon="101.7125359"><ele>2675.77</ele><time>2026-05-04T10:35:49Z</time></trkpt>
      <trkpt lat="36.6944402" lon="101.7124964"><ele>2675.89</ele><time>2026-05-04T10:35:54Z</time></trkpt>
      <trkpt lat="36.6942708" lon="101.7124581"><ele>2675.51</ele><time>2026-05-04T10:36:00Z</time></trkpt>
      <trkpt lat="36.6941890" lon="101.7124484"><ele>2675.37</ele><time>2026-05-04T10:36:02Z</time></trkpt>
      <trkpt lat="36.6938457" lon="101.7124502"><ele>2675.36</ele><time>2026-05-04T10:36:08Z</time></trkpt>
      <trkpt lat="36.6933916" lon="101.7125752"><ele>2676.07</ele><time>2026-05-04T10:36:15Z</time></trkpt>
      <trkpt lat="36.6933387" lon="101.7126133"><ele>2676.21</ele><time>2026-05-04T10:36:16Z</time></trkpt>
      <trkpt lat="36.6932913" lon="101.7126578"><ele>2676.3</ele><time>2026-05-04T10:36:17Z</time></trkpt>
      <trkpt lat="36.6932493" lon="101.7127082"><ele>2676.42</ele><time>2026-05-04T10:36:18Z</time></trkpt>
      <trkpt lat="36.6932121" lon="101.7127634"><ele>2676.49</ele><time>2026-05-04T10:36:19Z</time></trkpt>
      <trkpt lat="36.6931790" lon="101.7128224"><ele>2676.53</ele><time>2026-05-04T10:36:20Z</time></trkpt>
      <trkpt lat="36.6931490" lon="101.7128841"><ele>2676.57</ele><time>2026-05-04T10:36:21Z</time></trkpt>
      <trkpt lat="36.6928756" lon="101.7136826"><ele>2677.29</ele><time>2026-05-04T10:36:33Z</time></trkpt>
      <trkpt lat="36.6926454" lon="101.7140721"><ele>2678.02</ele><time>2026-05-04T10:36:40Z</time></trkpt>
      <trkpt lat="36.6925994" lon="101.7141174"><ele>2678.18</ele><time>2026-05-04T10:36:41Z</time></trkpt>
      <trkpt lat="36.6925494" lon="101.7141600"><ele>2678.35</ele><time>2026-05-04T10:36:42Z</time></trkpt>
      <trkpt lat="36.6920646" lon="101.7144721"><ele>2680.21</ele><time>2026-05-04T10:36:50Z</time></trkpt>
      <trkpt lat="36.6918187" lon="101.7146711"><ele>2680.87</ele><time>2026-05-04T10:36:54Z</time></trkpt>
      <trkpt lat="36.6915458" lon="101.7150091"><ele>2681.17</ele><time>2026-05-04T10:36:59Z</time></trkpt>
      <trkpt lat="36.6910982" lon="101.7157451"><ele>2680.95</ele><time>2026-05-04T10:37:08Z</time></trkpt>
      <trkpt lat="36.6907635" lon="101.7161933"><ele>2680.84</ele><time>2026-05-04T10:37:14Z</time></trkpt>
      <trkpt lat="36.6903994" lon="101.7167202"><ele>2681.14</ele><time>2026-05-04T10:37:21Z</time></trkpt>
      <trkpt lat="36.6900662" lon="101.7172243"><ele>2681.15</ele><time>2026-05-04T10:37:28Z</time></trkpt>
      <trkpt lat="36.6900124" lon="101.7172749"><ele>2681.14</ele><time>2026-05-04T10:37:29Z</time></trkpt>
      <trkpt lat="36.6899559" lon="101.7173169"><ele>2681.14</ele><time>2026-05-04T10:37:30Z</time></trkpt>
      <trkpt lat="36.6898971" lon="101.7173497"><ele>2681.09</ele><time>2026-05-04T10:37:31Z</time></trkpt>
      <trkpt lat="36.6898370" lon="101.7173738"><ele>2681</ele><time>2026-05-04T10:37:32Z</time></trkpt>
      <trkpt lat="36.6897768" lon="101.7173898"><ele>2680.95</ele><time>2026-05-04T10:37:33Z</time></trkpt>
      <trkpt lat="36.6897178" lon="101.7173990"><ele>2680.93</ele><time>2026-05-04T10:37:34Z</time></trkpt>
      <trkpt lat="36.6896610" lon="101.7174028"><ele>2680.9</ele><time>2026-05-04T10:37:35Z</time></trkpt>
      <trkpt lat="36.6896072" lon="101.7174028"><ele>2680.89</ele><time>2026-05-04T10:37:36Z</time></trkpt>
      <trkpt lat="36.6892864" lon="101.7173513"><ele>2679.82</ele><time>2026-05-04T10:37:43Z</time></trkpt>
      <trkpt lat="36.6888819" lon="101.7172594"><ele>2678.49</ele><time>2026-05-04T10:37:51Z</time></trkpt>
      <trkpt lat="36.6884244" lon="101.7171473"><ele>2677.85</ele><time>2026-05-04T10:37:58Z</time></trkpt>
      <trkpt lat="36.6882331" lon="101.7171273"><ele>2677.68</ele><time>2026-05-04T10:38:01Z</time></trkpt>
      <trkpt lat="36.6881743" lon="101.7171311"><ele>2677.61</ele><time>2026-05-04T10:38:02Z</time></trkpt>
      <trkpt lat="36.6881185" lon="101.7171420"><ele>2677.51</ele><time>2026-05-04T10:38:03Z</time></trkpt>
      <trkpt lat="36.6880653" lon="101.7171606"><ele>2677.34</ele><time>2026-05-04T10:38:04Z</time></trkpt>
      <trkpt lat="36.6880138" lon="101.7171871"><ele>2677.09</ele><time>2026-05-04T10:38:05Z</time></trkpt>
      <trkpt lat="36.6879630" lon="101.7172213"><ele>2676.86</ele><time>2026-05-04T10:38:06Z</time></trkpt>
      <trkpt lat="36.6879119" lon="101.7172623"><ele>2676.64</ele><time>2026-05-04T10:38:07Z</time></trkpt>
      <trkpt lat="36.6878596" lon="101.7173092"><ele>2676.3</ele><time>2026-05-04T10:38:08Z</time></trkpt>
      <trkpt lat="36.6874585" lon="101.7177479"><ele>2674.01</ele><time>2026-05-04T10:38:15Z</time></trkpt>
      <trkpt lat="36.6869950" lon="101.7183748"><ele>2672.03</ele><time>2026-05-04T10:38:23Z</time></trkpt>
      <trkpt lat="36.6865854" lon="101.7191208"><ele>2670.82</ele><time>2026-05-04T10:38:31Z</time></trkpt>
      <trkpt lat="36.6860567" lon="101.7200210"><ele>2668.13</ele><time>2026-05-04T10:38:40Z</time></trkpt>
      <trkpt lat="36.6856773" lon="101.7206131"><ele>2664.77</ele><time>2026-05-04T10:38:46Z</time></trkpt>
      <trkpt lat="36.6854148" lon="101.7210141"><ele>2661.62</ele><time>2026-05-04T10:38:50Z</time></trkpt>
      <trkpt lat="36.6851494" lon="101.7214240"><ele>2658.08</ele><time>2026-05-04T10:38:54Z</time></trkpt>
      <trkpt lat="36.6849493" lon="101.7217255"><ele>2654.98</ele><time>2026-05-04T10:38:57Z</time></trkpt>
      <trkpt lat="36.6847408" lon="101.7220017"><ele>2651.91</ele><time>2026-05-04T10:39:00Z</time></trkpt>
      <trkpt lat="36.6844323" lon="101.7222913"><ele>2648.11</ele><time>2026-05-04T10:39:04Z</time></trkpt>
      <trkpt lat="36.6843485" lon="101.7223455"><ele>2647.24</ele><time>2026-05-04T10:39:05Z</time></trkpt>
      <trkpt lat="36.6842622" lon="101.7223923"><ele>2646.42</ele><time>2026-05-04T10:39:06Z</time></trkpt>
      <trkpt lat="36.6841738" lon="101.7224331"><ele>2645.63</ele><time>2026-05-04T10:39:07Z</time></trkpt>
      <trkpt lat="36.6840838" lon="101.7224695"><ele>2644.98</ele><time>2026-05-04T10:39:08Z</time></trkpt>
      <trkpt lat="36.6836205" lon="101.7226309"><ele>2641.83</ele><time>2026-05-04T10:39:13Z</time></trkpt>
      <trkpt lat="36.6829667" lon="101.7229032"><ele>2638.54</ele><time>2026-05-04T10:39:20Z</time></trkpt>
      <trkpt lat="36.6823249" lon="101.7232104"><ele>2635.37</ele><time>2026-05-04T10:39:27Z</time></trkpt>
      <trkpt lat="36.6817921" lon="101.7235618"><ele>2632.52</ele><time>2026-05-04T10:39:33Z</time></trkpt>
      <trkpt lat="36.6813696" lon="101.7239417"><ele>2629.44</ele><time>2026-05-04T10:39:38Z</time></trkpt>
      <trkpt lat="36.6812902" lon="101.7240292"><ele>2628.81</ele><time>2026-05-04T10:39:39Z</time></trkpt>
      <trkpt lat="36.6812130" lon="101.7241204"><ele>2628.17</ele><time>2026-05-04T10:39:40Z</time></trkpt>
      <trkpt lat="36.6811377" lon="101.7242145"><ele>2627.5</ele><time>2026-05-04T10:39:41Z</time></trkpt>
      <trkpt lat="36.6806997" lon="101.7247674"><ele>2624.95</ele><time>2026-05-04T10:39:47Z</time></trkpt>
      <trkpt lat="36.6806247" lon="101.7248457"><ele>2624.83</ele><time>2026-05-04T10:39:48Z</time></trkpt>
      <trkpt lat="36.6805484" lon="101.7249179"><ele>2624.72</ele><time>2026-05-04T10:39:49Z</time></trkpt>
      <trkpt lat="36.6800928" lon="101.7252808"><ele>2623.64</ele><time>2026-05-04T10:39:55Z</time></trkpt>
      <trkpt lat="36.6796244" lon="101.7256746"><ele>2621.5</ele><time>2026-05-04T10:40:02Z</time></trkpt>
      <trkpt lat="36.6794925" lon="101.7257558"><ele>2620.88</ele><time>2026-05-04T10:40:04Z</time></trkpt>
      <trkpt lat="36.6794244" lon="101.7257860"><ele>2620.49</ele><time>2026-05-04T10:40:05Z</time></trkpt>
      <trkpt lat="36.6793545" lon="101.7258083"><ele>2620.09</ele><time>2026-05-04T10:40:06Z</time></trkpt>
      <trkpt lat="36.6792827" lon="101.7258229"><ele>2619.7</ele><time>2026-05-04T10:40:07Z</time></trkpt>
      <trkpt lat="36.6792092" lon="101.7258309"><ele>2619.3</ele><time>2026-05-04T10:40:08Z</time></trkpt>
      <trkpt lat="36.6791347" lon="101.7258342"><ele>2618.92</ele><time>2026-05-04T10:40:09Z</time></trkpt>
      <trkpt lat="36.6787694" lon="101.7258590"><ele>2616.78</ele><time>2026-05-04T10:40:14Z</time></trkpt>
      <trkpt lat="36.6787023" lon="101.7258821"><ele>2616.42</ele><time>2026-05-04T10:40:15Z</time></trkpt>
      <trkpt lat="36.6786386" lon="101.7259158"><ele>2616.01</ele><time>2026-05-04T10:40:16Z</time></trkpt>
      <trkpt lat="36.6785790" lon="101.7259610"><ele>2615.59</ele><time>2026-05-04T10:40:17Z</time></trkpt>
      <trkpt lat="36.6785237" lon="101.7260172"><ele>2615.13</ele><time>2026-05-04T10:40:18Z</time></trkpt>
      <trkpt lat="36.6784727" lon="101.7260834"><ele>2614.68</ele><time>2026-05-04T10:40:19Z</time></trkpt>
      <trkpt lat="36.6784254" lon="101.7261575"><ele>2614.24</ele><time>2026-05-04T10:40:20Z</time></trkpt>
      <trkpt lat="36.6783810" lon="101.7262373"><ele>2613.77</ele><time>2026-05-04T10:40:21Z</time></trkpt>
      <trkpt lat="36.6782007" lon="101.7265616"><ele>2611.64</ele><time>2026-05-04T10:40:25Z</time></trkpt>
      <trkpt lat="36.6781467" lon="101.7266319"><ele>2610.9</ele><time>2026-05-04T10:40:26Z</time></trkpt>
      <trkpt lat="36.6780865" lon="101.7266940"><ele>2610.12</ele><time>2026-05-04T10:40:27Z</time></trkpt>
      <trkpt lat="36.6780200" lon="101.7267472"><ele>2609.38</ele><time>2026-05-04T10:40:28Z</time></trkpt>
      <trkpt lat="36.6779477" lon="101.7267916"><ele>2608.59</ele><time>2026-05-04T10:40:29Z</time></trkpt>
      <trkpt lat="36.6778705" lon="101.7268280"><ele>2607.85</ele><time>2026-05-04T10:40:30Z</time></trkpt>
      <trkpt lat="36.6777900" lon="101.7268579"><ele>2607.13</ele><time>2026-05-04T10:40:31Z</time></trkpt>
      <trkpt lat="36.6777077" lon="101.7268833"><ele>2606.35</ele><time>2026-05-04T10:40:32Z</time></trkpt>
      <trkpt lat="36.6776252" lon="101.7269064"><ele>2605.68</ele><time>2026-05-04T10:40:33Z</time></trkpt>
      <trkpt lat="36.6773924" lon="101.7269864"><ele>2603.51</ele><time>2026-05-04T10:40:36Z</time></trkpt>
      <trkpt lat="36.6773245" lon="101.7270242"><ele>2602.77</ele><time>2026-05-04T10:40:37Z</time></trkpt>
      <trkpt lat="36.6772632" lon="101.7270706"><ele>2602.2</ele><time>2026-05-04T10:40:38Z</time></trkpt>
      <trkpt lat="36.6772090" lon="101.7271259"><ele>2601.59</ele><time>2026-05-04T10:40:39Z</time></trkpt>
      <trkpt lat="36.6771617" lon="101.7271896"><ele>2601</ele><time>2026-05-04T10:40:40Z</time></trkpt>
      <trkpt lat="36.6771204" lon="101.7272606"><ele>2600.49</ele><time>2026-05-04T10:40:41Z</time></trkpt>
      <trkpt lat="36.6770840" lon="101.7273375"><ele>2599.98</ele><time>2026-05-04T10:40:42Z</time></trkpt>
      <trkpt lat="36.6770509" lon="101.7274185"><ele>2599.53</ele><time>2026-05-04T10:40:43Z</time></trkpt>
      <trkpt lat="36.6767877" lon="101.7280919"><ele>2597.62</ele><time>2026-05-04T10:40:51Z</time></trkpt>
      <trkpt lat="36.6765155" lon="101.7284155"><ele>2596.99</ele><time>2026-05-04T10:40:56Z</time></trkpt>
      <trkpt lat="36.6764493" lon="101.7284637"><ele>2596.78</ele><time>2026-05-04T10:40:57Z</time></trkpt>
      <trkpt lat="36.6763803" lon="101.7285064"><ele>2596.58</ele><time>2026-05-04T10:40:58Z</time></trkpt>
      <trkpt lat="36.6763091" lon="101.7285444"><ele>2596.32</ele><time>2026-05-04T10:40:59Z</time></trkpt>
      <trkpt lat="36.6762368" lon="101.7285791"><ele>2595.91</ele><time>2026-05-04T10:41:00Z</time></trkpt>
      <trkpt lat="36.6757326" lon="101.7287966"><ele>2593.38</ele><time>2026-05-04T10:41:07Z</time></trkpt>
      <trkpt lat="36.6753442" lon="101.7290528"><ele>2590.04</ele><time>2026-05-04T10:41:13Z</time></trkpt>
      <trkpt lat="36.6750125" lon="101.7294071"><ele>2586.42</ele><time>2026-05-04T10:41:19Z</time></trkpt>
      <trkpt lat="36.6748024" lon="101.7297862"><ele>2582.93</ele><time>2026-05-04T10:41:24Z</time></trkpt>
      <trkpt lat="36.6746611" lon="101.7301123"><ele>2579.78</ele><time>2026-05-04T10:41:28Z</time></trkpt>
      <trkpt lat="36.6745398" lon="101.7303444"><ele>2577.1</ele><time>2026-05-04T10:41:31Z</time></trkpt>
      <trkpt lat="36.6744918" lon="101.7304174"><ele>2576.2</ele><time>2026-05-04T10:41:32Z</time></trkpt>
      <trkpt lat="36.6742624" lon="101.7306922"><ele>2572.34</ele><time>2026-05-04T10:41:36Z</time></trkpt>
      <trkpt lat="36.6740044" lon="101.7309631"><ele>2568.74</ele><time>2026-05-04T10:41:40Z</time></trkpt>
      <trkpt lat="36.6737592" lon="101.7312548"><ele>2564.94</ele><time>2026-05-04T10:41:44Z</time></trkpt>
      <trkpt lat="36.6735608" lon="101.7315910"><ele>2561.16</ele><time>2026-05-04T10:41:48Z</time></trkpt>
      <trkpt lat="36.6735211" lon="101.7316856"><ele>2560.18</ele><time>2026-05-04T10:41:49Z</time></trkpt>
      <trkpt lat="36.6734852" lon="101.7317855"><ele>2559.17</ele><time>2026-05-04T10:41:50Z</time></trkpt>
      <trkpt lat="36.6733581" lon="101.7322350"><ele>2555.46</ele><time>2026-05-04T10:41:54Z</time></trkpt>
      <trkpt lat="36.6732134" lon="101.7327464"><ele>2552.03</ele><time>2026-05-04T10:41:58Z</time></trkpt>
      <trkpt lat="36.6726049" lon="101.7340168"><ele>2544.45</ele><time>2026-05-04T10:42:09Z</time></trkpt>
      <trkpt lat="36.6725346" lon="101.7340849"><ele>2543.84</ele><time>2026-05-04T10:42:10Z</time></trkpt>
      <trkpt lat="36.6724618" lon="101.7341415"><ele>2543.08</ele><time>2026-05-04T10:42:11Z</time></trkpt>
      <trkpt lat="36.6723865" lon="101.7341875"><ele>2542.27</ele><time>2026-05-04T10:42:12Z</time></trkpt>
      <trkpt lat="36.6723087" lon="101.7342243"><ele>2541.46</ele><time>2026-05-04T10:42:13Z</time></trkpt>
      <trkpt lat="36.6719788" lon="101.7343023"><ele>2538.88</ele><time>2026-05-04T10:42:17Z</time></trkpt>
      <trkpt lat="36.6718939" lon="101.7343096"><ele>2538.37</ele><time>2026-05-04T10:42:18Z</time></trkpt>
      <trkpt lat="36.6713958" lon="101.7343447"><ele>2534.94</ele><time>2026-05-04T10:42:24Z</time></trkpt>
      <trkpt lat="36.6713184" lon="101.7343618"><ele>2534.3</ele><time>2026-05-04T10:42:25Z</time></trkpt>
      <trkpt lat="36.6712434" lon="101.7343845"><ele>2533.64</ele><time>2026-05-04T10:42:26Z</time></trkpt>
      <trkpt lat="36.6711705" lon="101.7344121"><ele>2533.02</ele><time>2026-05-04T10:42:27Z</time></trkpt>
      <trkpt lat="36.6708907" lon="101.7345386"><ele>2530.56</ele><time>2026-05-04T10:42:31Z</time></trkpt>
      <trkpt lat="36.6708210" lon="101.7345655"><ele>2529.85</ele><time>2026-05-04T10:42:32Z</time></trkpt>
      <trkpt lat="36.6707503" lon="101.7345886"><ele>2529.19</ele><time>2026-05-04T10:42:33Z</time></trkpt>
      <trkpt lat="36.6706784" lon="101.7346091"><ele>2528.55</ele><time>2026-05-04T10:42:34Z</time></trkpt>
      <trkpt lat="36.6706053" lon="101.7346290"><ele>2527.84</ele><time>2026-05-04T10:42:35Z</time></trkpt>
      <trkpt lat="36.6705308" lon="101.7346505"><ele>2527.08</ele><time>2026-05-04T10:42:36Z</time></trkpt>
      <trkpt lat="36.6704550" lon="101.7346750"><ele>2526.41</ele><time>2026-05-04T10:42:37Z</time></trkpt>
      <trkpt lat="36.6703781" lon="101.7347034"><ele>2525.68</ele><time>2026-05-04T10:42:38Z</time></trkpt>
      <trkpt lat="36.6699902" lon="101.7348676"><ele>2522.25</ele><time>2026-05-04T10:42:43Z</time></trkpt>
      <trkpt lat="36.6698434" lon="101.7349174"><ele>2520.87</ele><time>2026-05-04T10:42:45Z</time></trkpt>
      <trkpt lat="36.6697750" lon="101.7349341"><ele>2520.08</ele><time>2026-05-04T10:42:46Z</time></trkpt>
      <trkpt lat="36.6697113" lon="101.7349451"><ele>2519.38</ele><time>2026-05-04T10:42:47Z</time></trkpt>
      <trkpt lat="36.6696530" lon="101.7349508"><ele>2518.61</ele><time>2026-05-04T10:42:48Z</time></trkpt>
      <trkpt lat="36.6696001" lon="101.7349523"><ele>2517.71</ele><time>2026-05-04T10:42:49Z</time></trkpt>
      <trkpt lat="36.6694143" lon="101.7349275"><ele>2514.55</ele><time>2026-05-04T10:42:53Z</time></trkpt>
      <trkpt lat="36.6693141" lon="101.7348986"><ele>2513.06</ele><time>2026-05-04T10:42:55Z</time></trkpt>
      <trkpt lat="36.6692586" lon="101.7348796"><ele>2512.41</ele><time>2026-05-04T10:42:56Z</time></trkpt>
      <trkpt lat="36.6688846" lon="101.7347510"><ele>2510.72</ele><time>2026-05-04T10:43:02Z</time></trkpt>
      <trkpt lat="36.6687663" lon="101.7347339"><ele>2510.1</ele><time>2026-05-04T10:43:04Z</time></trkpt>
      <trkpt lat="36.6687112" lon="101.7347374"><ele>2509.54</ele><time>2026-05-04T10:43:05Z</time></trkpt>
      <trkpt lat="36.6686589" lon="101.7347510"><ele>2508.89</ele><time>2026-05-04T10:43:06Z</time></trkpt>
      <trkpt lat="36.6686093" lon="101.7347754"><ele>2508.23</ele><time>2026-05-04T10:43:07Z</time></trkpt>
      <trkpt lat="36.6685620" lon="101.7348106"><ele>2507.61</ele><time>2026-05-04T10:43:08Z</time></trkpt>
      <trkpt lat="36.6685167" lon="101.7348557"><ele>2506.98</ele><time>2026-05-04T10:43:09Z</time></trkpt>
      <trkpt lat="36.6684729" lon="101.7349094"><ele>2506.45</ele><time>2026-05-04T10:43:10Z</time></trkpt>
      <trkpt lat="36.6684302" lon="101.7349703"><ele>2505.78</ele><time>2026-05-04T10:43:11Z</time></trkpt>
      <trkpt lat="36.6682492" lon="101.7353310"><ele>2502.67</ele><time>2026-05-04T10:43:16Z</time></trkpt>
      <trkpt lat="36.6681939" lon="101.7355428"><ele>2500.85</ele><time>2026-05-04T10:43:19Z</time></trkpt>
      <trkpt lat="36.6681909" lon="101.7356048"><ele>2500.19</ele><time>2026-05-04T10:43:20Z</time></trkpt>
      <trkpt lat="36.6681977" lon="101.7356605"><ele>2499.55</ele><time>2026-05-04T10:43:21Z</time></trkpt>
      <trkpt lat="36.6682153" lon="101.7357090"><ele>2498.91</ele><time>2026-05-04T10:43:22Z</time></trkpt>
      <trkpt lat="36.6682440" lon="101.7357497"><ele>2498.31</ele><time>2026-05-04T10:43:23Z</time></trkpt>
      <trkpt lat="36.6682836" lon="101.7357824"><ele>2497.68</ele><time>2026-05-04T10:43:24Z</time></trkpt>
      <trkpt lat="36.6683333" lon="101.7358075"><ele>2497.06</ele><time>2026-05-04T10:43:25Z</time></trkpt>
      <trkpt lat="36.6683918" lon="101.7358260"><ele>2496.46</ele><time>2026-05-04T10:43:26Z</time></trkpt>
      <trkpt lat="36.6684577" lon="101.7358392"><ele>2495.87</ele><time>2026-05-04T10:43:27Z</time></trkpt>
      <trkpt lat="36.6685297" lon="101.7358485"><ele>2495.3</ele><time>2026-05-04T10:43:28Z</time></trkpt>
      <trkpt lat="36.6691521" lon="101.7358595"><ele>2492.04</ele><time>2026-05-04T10:43:35Z</time></trkpt>
      <trkpt lat="36.6699835" lon="101.7358425"><ele>2489.1</ele><time>2026-05-04T10:43:43Z</time></trkpt>
      <trkpt lat="36.6701892" lon="101.7358312"><ele>2488.21</ele><time>2026-05-04T10:43:45Z</time></trkpt>
      <trkpt lat="36.6702885" lon="101.7358254"><ele>2487.74</ele><time>2026-05-04T10:43:46Z</time></trkpt>
      <trkpt lat="36.6703843" lon="101.7358211"><ele>2487.31</ele><time>2026-05-04T10:43:47Z</time></trkpt>
      <trkpt lat="36.6704760" lon="101.7358205"><ele>2486.9</ele><time>2026-05-04T10:43:48Z</time></trkpt>
      <trkpt lat="36.6705637" lon="101.7358253"><ele>2486.55</ele><time>2026-05-04T10:43:49Z</time></trkpt>
      <trkpt lat="36.6706478" lon="101.7358363"><ele>2486.04</ele><time>2026-05-04T10:43:50Z</time></trkpt>
      <trkpt lat="36.6707295" lon="101.7358531"><ele>2485.53</ele><time>2026-05-04T10:43:51Z</time></trkpt>
      <trkpt lat="36.6708100" lon="101.7358743"><ele>2484.93</ele><time>2026-05-04T10:43:52Z</time></trkpt>
      <trkpt lat="36.6708902" lon="101.7358973"><ele>2484.25</ele><time>2026-05-04T10:43:53Z</time></trkpt>
      <trkpt lat="36.6710518" lon="101.7359384"><ele>2482.81</ele><time>2026-05-04T10:43:55Z</time></trkpt>
      <trkpt lat="36.6711330" lon="101.7359518"><ele>2482.2</ele><time>2026-05-04T10:43:56Z</time></trkpt>
      <trkpt lat="36.6712135" lon="101.7359580"><ele>2481.65</ele><time>2026-05-04T10:43:57Z</time></trkpt>
      <trkpt lat="36.6712919" lon="101.7359568"><ele>2481</ele><time>2026-05-04T10:43:58Z</time></trkpt>
      <trkpt lat="36.6713665" lon="101.7359489"><ele>2480.41</ele><time>2026-05-04T10:43:59Z</time></trkpt>
      <trkpt lat="36.6714355" lon="101.7359367"><ele>2479.77</ele><time>2026-05-04T10:44:00Z</time></trkpt>
      <trkpt lat="36.6714974" lon="101.7359237"><ele>2479.1</ele><time>2026-05-04T10:44:01Z</time></trkpt>
      <trkpt lat="36.6715507" lon="101.7359139"><ele>2478.39</ele><time>2026-05-04T10:44:02Z</time></trkpt>
      <trkpt lat="36.6715937" lon="101.7359108"><ele>2477.7</ele><time>2026-05-04T10:44:03Z</time></trkpt>
      <trkpt lat="36.6716245" lon="101.7359167"><ele>2476.98</ele><time>2026-05-04T10:44:04Z</time></trkpt>
      <trkpt lat="36.6716411" lon="101.7359322"><ele>2476.19</ele><time>2026-05-04T10:44:05Z</time></trkpt>
      <trkpt lat="36.6716420" lon="101.7359564"><ele>2475.39</ele><time>2026-05-04T10:44:06Z</time></trkpt>
      <trkpt lat="36.6716261" lon="101.7359870"><ele>2474.58</ele><time>2026-05-04T10:44:07Z</time></trkpt>
      <trkpt lat="36.6715936" lon="101.7360211"><ele>2473.89</ele><time>2026-05-04T10:44:08Z</time></trkpt>
      <trkpt lat="36.6715456" lon="101.7360562"><ele>2473.17</ele><time>2026-05-04T10:44:09Z</time></trkpt>
      <trkpt lat="36.6714844" lon="101.7360905"><ele>2472.4</ele><time>2026-05-04T10:44:10Z</time></trkpt>
      <trkpt lat="36.6714126" lon="101.7361230"><ele>2471.69</ele><time>2026-05-04T10:44:11Z</time></trkpt>
      <trkpt lat="36.6713329" lon="101.7361534"><ele>2471.05</ele><time>2026-05-04T10:44:12Z</time></trkpt>
      <trkpt lat="36.6712476" lon="101.7361820"><ele>2470.46</ele><time>2026-05-04T10:44:13Z</time></trkpt>
      <trkpt lat="36.6705552" lon="101.7363765"><ele>2467.63</ele><time>2026-05-04T10:44:20Z</time></trkpt>
      <trkpt lat="36.6699960" lon="101.7365549"><ele>2465.38</ele><time>2026-05-04T10:44:25Z</time></trkpt>
      <trkpt lat="36.6692777" lon="101.7367489"><ele>2462.21</ele><time>2026-05-04T10:44:31Z</time></trkpt>
      <trkpt lat="36.6686779" lon="101.7368439"><ele>2459.39</ele><time>2026-05-04T10:44:36Z</time></trkpt>
      <trkpt lat="36.6681272" lon="101.7368899"><ele>2455.91</ele><time>2026-05-04T10:44:41Z</time></trkpt>
      <trkpt lat="36.6678020" lon="101.7369309"><ele>2452.88</ele><time>2026-05-04T10:44:45Z</time></trkpt>
      <trkpt lat="36.6677110" lon="101.7369692"><ele>2450.84</ele><time>2026-05-04T10:44:47Z</time></trkpt>
      <trkpt lat="36.6676888" lon="101.7369951"><ele>2449.79</ele><time>2026-05-04T10:44:48Z</time></trkpt>
      <trkpt lat="36.6676836" lon="101.7370254"><ele>2448.67</ele><time>2026-05-04T10:44:49Z</time></trkpt>
      <trkpt lat="36.6676954" lon="101.7370595"><ele>2447.6</ele><time>2026-05-04T10:44:50Z</time></trkpt>
      <trkpt lat="36.6677238" lon="101.7370962"><ele>2446.65</ele><time>2026-05-04T10:44:51Z</time></trkpt>
      <trkpt lat="36.6677669" lon="101.7371346"><ele>2445.73</ele><time>2026-05-04T10:44:52Z</time></trkpt>
      <trkpt lat="36.6678224" lon="101.7371738"><ele>2444.9</ele><time>2026-05-04T10:44:53Z</time></trkpt>
      <trkpt lat="36.6678874" lon="101.7372131"><ele>2444.14</ele><time>2026-05-04T10:44:54Z</time></trkpt>
      <trkpt lat="36.6682910" lon="101.7373925"><ele>2440.58</ele><time>2026-05-04T10:44:59Z</time></trkpt>
      <trkpt lat="36.6686901" lon="101.7375134"><ele>2436.98</ele><time>2026-05-04T10:45:04Z</time></trkpt>
      <trkpt lat="36.6688921" lon="101.7375912"><ele>2433.65</ele><time>2026-05-04T10:45:08Z</time></trkpt>
      <trkpt lat="36.6689252" lon="101.7376705"><ele>2430.96</ele><time>2026-05-04T10:45:11Z</time></trkpt>
      <trkpt lat="36.6689073" lon="101.7377033"><ele>2430.05</ele><time>2026-05-04T10:45:12Z</time></trkpt>
      <trkpt lat="36.6688737" lon="101.7377394"><ele>2429.33</ele><time>2026-05-04T10:45:13Z</time></trkpt>
      <trkpt lat="36.6688249" lon="101.7377786"><ele>2428.61</ele><time>2026-05-04T10:45:14Z</time></trkpt>
      <trkpt lat="36.6687624" lon="101.7378209"><ele>2427.93</ele><time>2026-05-04T10:45:15Z</time></trkpt>
      <trkpt lat="36.6686882" lon="101.7378663"><ele>2427.27</ele><time>2026-05-04T10:45:16Z</time></trkpt>
      <trkpt lat="36.6682089" lon="101.7381324"><ele>2424.03</ele><time>2026-05-04T10:45:21Z</time></trkpt>
      <trkpt lat="36.6677872" lon="101.7383755"><ele>2420.87</ele><time>2026-05-04T10:45:25Z</time></trkpt>
      <trkpt lat="36.6674857" lon="101.7385640"><ele>2417.83</ele><time>2026-05-04T10:45:28Z</time></trkpt>
      <trkpt lat="36.6671963" lon="101.7387456"><ele>2414.16</ele><time>2026-05-04T10:45:31Z</time></trkpt>
      <trkpt lat="36.6669129" lon="101.7389141"><ele>2410.26</ele><time>2026-05-04T10:45:34Z</time></trkpt>
      <trkpt lat="36.6666376" lon="101.7390691"><ele>2406.51</ele><time>2026-05-04T10:45:37Z</time></trkpt>
      <trkpt lat="36.6663794" lon="101.7392053"><ele>2403.12</ele><time>2026-05-04T10:45:40Z</time></trkpt>
      <trkpt lat="36.6661461" lon="101.7393054"><ele>2399.86</ele><time>2026-05-04T10:45:43Z</time></trkpt>
      <trkpt lat="36.6660007" lon="101.7393413"><ele>2397.82</ele><time>2026-05-04T10:45:45Z</time></trkpt>
      <trkpt lat="36.6659282" lon="101.7393487"><ele>2396.82</ele><time>2026-05-04T10:45:46Z</time></trkpt>
      <trkpt lat="36.6658545" lon="101.7393495"><ele>2395.68</ele><time>2026-05-04T10:45:47Z</time></trkpt>
      <trkpt lat="36.6655424" lon="101.7393134"><ele>2392.1</ele><time>2026-05-04T10:45:51Z</time></trkpt>
      <trkpt lat="36.6649613" lon="101.7392962"><ele>2389.43</ele><time>2026-05-04T10:45:58Z</time></trkpt>
      <trkpt lat="36.6648807" lon="101.7393143"><ele>2389.16</ele><time>2026-05-04T10:45:59Z</time></trkpt>
      <trkpt lat="36.6648020" lon="101.7393393"><ele>2388.8</ele><time>2026-05-04T10:46:00Z</time></trkpt>
      <trkpt lat="36.6647255" lon="101.7393701"><ele>2388.51</ele><time>2026-05-04T10:46:01Z</time></trkpt>
      <trkpt lat="36.6642910" lon="101.7395838"><ele>2386.37</ele><time>2026-05-04T10:46:07Z</time></trkpt>
      <trkpt lat="36.6642171" lon="101.7396075"><ele>2385.81</ele><time>2026-05-04T10:46:08Z</time></trkpt>
      <trkpt lat="36.6641413" lon="101.7396246"><ele>2385.24</ele><time>2026-05-04T10:46:09Z</time></trkpt>
      <trkpt lat="36.6640631" lon="101.7396362"><ele>2384.7</ele><time>2026-05-04T10:46:10Z</time></trkpt>
      <trkpt lat="36.6639826" lon="101.7396439"><ele>2384.22</ele><time>2026-05-04T10:46:11Z</time></trkpt>
      <trkpt lat="36.6634882" lon="101.7396484"><ele>2381.83</ele><time>2026-05-04T10:46:17Z</time></trkpt>
      <trkpt lat="36.6632131" lon="101.7396276"><ele>2380.54</ele><time>2026-05-04T10:46:21Z</time></trkpt>
      <trkpt lat="36.6631593" lon="101.7396164"><ele>2380.21</ele><time>2026-05-04T10:46:22Z</time></trkpt>
      <trkpt lat="36.6631126" lon="101.7396025"><ele>2379.85</ele><time>2026-05-04T10:46:23Z</time></trkpt>
      <trkpt lat="36.6630729" lon="101.7395869"><ele>2379.46</ele><time>2026-05-04T10:46:24Z</time></trkpt>
      <trkpt lat="36.6630395" lon="101.7395709"><ele>2379.07</ele><time>2026-05-04T10:46:25Z</time></trkpt>
      <trkpt lat="36.6629312" lon="101.7395271"><ele>2376.98</ele><time>2026-05-04T10:46:30Z</time></trkpt>
      <trkpt lat="36.6629140" lon="101.7395325"><ele>2376.61</ele><time>2026-05-04T10:46:31Z</time></trkpt>
      <trkpt lat="36.6628966" lon="101.7395442"><ele>2376.31</ele><time>2026-05-04T10:46:32Z</time></trkpt>
      <trkpt lat="36.6628790" lon="101.7395619"><ele>2376.03</ele><time>2026-05-04T10:46:33Z</time></trkpt>
      <trkpt lat="36.6628610" lon="101.7395848"><ele>2375.8</ele><time>2026-05-04T10:46:34Z</time></trkpt>
      <trkpt lat="36.6628422" lon="101.7396126"><ele>2375.67</ele><time>2026-05-04T10:46:35Z</time></trkpt>
      <trkpt lat="36.6628220" lon="101.7396448"><ele>2375.53</ele><time>2026-05-04T10:46:36Z</time></trkpt>
      <trkpt lat="36.6627995" lon="101.7396814"><ele>2375.42</ele><time>2026-05-04T10:46:37Z</time></trkpt>
      <trkpt lat="36.6627742" lon="101.7397224"><ele>2375.18</ele><time>2026-05-04T10:46:38Z</time></trkpt>
      <trkpt lat="36.6627461" lon="101.7397680"><ele>2374.98</ele><time>2026-05-04T10:46:39Z</time></trkpt>
      <trkpt lat="36.6626286" lon="101.7399959"><ele>2374.6</ele><time>2026-05-04T10:46:43Z</time></trkpt>
      <trkpt lat="36.6626047" lon="101.7400637"><ele>2374.55</ele><time>2026-05-04T10:46:44Z</time></trkpt>
      <trkpt lat="36.6625852" lon="101.7401358"><ele>2374.49</ele><time>2026-05-04T10:46:45Z</time></trkpt>
      <trkpt lat="36.6625703" lon="101.7402124"><ele>2374.43</ele><time>2026-05-04T10:46:46Z</time></trkpt>
      <trkpt lat="36.6625597" lon="101.7402936"><ele>2374.4</ele><time>2026-05-04T10:46:47Z</time></trkpt>
      <trkpt lat="36.6625525" lon="101.7403796"><ele>2374.28</ele><time>2026-05-04T10:46:48Z</time></trkpt>
      <trkpt lat="36.6625466" lon="101.7408680"><ele>2373.69</ele><time>2026-05-04T10:46:53Z</time></trkpt>
      <trkpt lat="36.6625639" lon="101.7421737"><ele>2368.17</ele><time>2026-05-04T10:47:06Z</time></trkpt>
      <trkpt lat="36.6625642" lon="101.7425329"><ele>2364.53</ele><time>2026-05-04T10:47:11Z</time></trkpt>
      <trkpt lat="36.6625541" lon="101.7428700"><ele>2361.65</ele><time>2026-05-04T10:47:17Z</time></trkpt>
      <trkpt lat="36.6625411" lon="101.7430124"><ele>2359.43</ele><time>2026-05-04T10:47:22Z</time></trkpt>
      <trkpt lat="36.6625325" lon="101.7430542"><ele>2358.09</ele><time>2026-05-04T10:47:25Z</time></trkpt>
    </trkseg>
    <trkseg>
      <trkpt lat="36.6624264" lon="101.7431066"><ele>2357.54</ele><time>2026-05-04T10:47:48Z</time></trkpt>
      <trkpt lat="36.6623611" lon="101.7431134"><ele>2357.54</ele><time>2026-05-04T10:47:49Z</time></trkpt>
      <trkpt lat="36.6622952" lon="101.7431203"><ele>2357.53</ele><time>2026-05-04T10:47:50Z</time></trkpt>
      <trkpt lat="36.6619858" lon="101.7431513"><ele>2358.22</ele><time>2026-05-04T10:47:55Z</time></trkpt>
      <trkpt lat="36.6617618" lon="101.7431718"><ele>2358.71</ele><time>2026-05-04T10:48:00Z</time></trkpt>
      <trkpt lat="36.6614878" lon="101.7432003"><ele>2358.7</ele><time>2026-05-04T10:48:07Z</time></trkpt>
      <trkpt lat="36.6611926" lon="101.7432298"><ele>2358.74</ele><time>2026-05-04T10:48:13Z</time></trkpt>
      <trkpt lat="36.6606328" lon="101.7432894"><ele>2358.98</ele><time>2026-05-04T10:48:22Z</time></trkpt>
      <trkpt lat="36.6602348" lon="101.7433491"><ele>2358.88</ele><time>2026-05-04T10:48:28Z</time></trkpt>
      <trkpt lat="36.6599037" lon="101.7434014"><ele>2358.61</ele><time>2026-05-04T10:48:32Z</time></trkpt>
      <trkpt lat="36.6593590" lon="101.7434734"><ele>2358.53</ele><time>2026-05-04T10:48:37Z</time></trkpt>
      <trkpt lat="36.6586878" lon="101.7435516"><ele>2358.5</ele><time>2026-05-04T10:48:42Z</time></trkpt>
      <trkpt lat="36.6573039" lon="101.7437108"><ele>2356.96</ele><time>2026-05-04T10:48:51Z</time></trkpt>
      <trkpt lat="36.6562837" lon="101.7438266"><ele>2353.67</ele><time>2026-05-04T10:48:57Z</time></trkpt>
      <trkpt lat="36.6555899" lon="101.7438878"><ele>2350.55</ele><time>2026-05-04T10:49:01Z</time></trkpt>
      <trkpt lat="36.6549202" lon="101.7439047"><ele>2347.04</ele><time>2026-05-04T10:49:05Z</time></trkpt>
      <trkpt lat="36.6544439" lon="101.7438730"><ele>2343.88</ele><time>2026-05-04T10:49:08Z</time></trkpt>
      <trkpt lat="36.6538488" lon="101.7437656"><ele>2340.23</ele><time>2026-05-04T10:49:12Z</time></trkpt>
      <trkpt lat="36.6533057" lon="101.7435937"><ele>2337.01</ele><time>2026-05-04T10:49:16Z</time></trkpt>
      <trkpt lat="36.6528167" lon="101.7433780"><ele>2333.83</ele><time>2026-05-04T10:49:20Z</time></trkpt>
      <trkpt lat="36.6523685" lon="101.7431350"><ele>2330.2</ele><time>2026-05-04T10:49:24Z</time></trkpt>
      <trkpt lat="36.6519269" lon="101.7428707"><ele>2326.41</ele><time>2026-05-04T10:49:28Z</time></trkpt>
      <trkpt lat="36.6514824" lon="101.7425904"><ele>2323.27</ele><time>2026-05-04T10:49:32Z</time></trkpt>
      <trkpt lat="36.6509657" lon="101.7422494"><ele>2319.83</ele><time>2026-05-04T10:49:37Z</time></trkpt>
      <trkpt lat="36.6506002" lon="101.7420122"><ele>2316.82</ele><time>2026-05-04T10:49:41Z</time></trkpt>
      <trkpt lat="36.6501615" lon="101.7417507"><ele>2313.25</ele><time>2026-05-04T10:49:46Z</time></trkpt>
      <trkpt lat="36.6496601" lon="101.7414695"><ele>2310.77</ele><time>2026-05-04T10:49:51Z</time></trkpt>
      <trkpt lat="36.6490660" lon="101.7411142"><ele>2309.94</ele><time>2026-05-04T10:49:56Z</time></trkpt>
      <trkpt lat="36.6479483" lon="101.7404136"><ele>2311.38</ele><time>2026-05-04T10:50:05Z</time></trkpt>
      <trkpt lat="36.6472809" lon="101.7399990"><ele>2311.82</ele><time>2026-05-04T10:50:11Z</time></trkpt>
      <trkpt lat="36.6461823" lon="101.7393201"><ele>2308.79</ele><time>2026-05-04T10:50:22Z</time></trkpt>
      <trkpt lat="36.6453872" lon="101.7388107"><ele>2306.05</ele><time>2026-05-04T10:50:31Z</time></trkpt>
      <trkpt lat="36.6450102" lon="101.7385565"><ele>2304.88</ele><time>2026-05-04T10:50:37Z</time></trkpt>
      <trkpt lat="36.6448335" lon="101.7384493"><ele>2304.08</ele><time>2026-05-04T10:50:42Z</time></trkpt>
      <trkpt lat="36.6447649" lon="101.7384135"><ele>2303.38</ele><time>2026-05-04T10:50:47Z</time></trkpt>
    </trkseg>
    <trkseg>
      <trkpt lat="36.6447159" lon="101.7383554"><ele>2303.24</ele><time>2026-05-04T10:51:58Z</time></trkpt>
      <trkpt lat="36.6446436" lon="101.7383122"><ele>2303.24</ele><time>2026-05-04T10:51:59Z</time></trkpt>
      <trkpt lat="36.6443390" lon="101.7381310"><ele>2303.36</ele><time>2026-05-04T10:52:03Z</time></trkpt>
      <trkpt lat="36.6438316" lon="101.7378332"><ele>2303.76</ele><time>2026-05-04T10:52:09Z</time></trkpt>
      <trkpt lat="36.6434255" lon="101.7375943"><ele>2304.16</ele><time>2026-05-04T10:52:14Z</time></trkpt>
      <trkpt lat="36.6426968" lon="101.7371520"><ele>2304.83</ele><time>2026-05-04T10:52:24Z</time></trkpt>
      <trkpt lat="36.6419047" lon="101.7366615"><ele>2306.33</ele><time>2026-05-04T10:52:34Z</time></trkpt>
    </trkseg>
  </trk>
</gpx>
