<?xml version="1.0" encoding="UTF-8"?>
<gpx version="1.1" creator="dgs-toolbox" xmlns="http://www.topografix.com/GPX/1/1">
  <metadata><name>20260422 哈尔滨</name></metadata>
  <trk>
    <name>CN 哈尔滨</name>
    <trkseg>
      <trkpt lat="45.7964798" lon="126.4913602"><ele>93.26</ele><time>2026-04-22T04:57:49Z</time></trkpt>
    </trkseg>
    <trkseg>
      <trkpt lat="45.7971969" lon="126.4955369"><ele>93.29</ele><time>2026-04-22T04:57:50Z</time></trkpt>
      <trkpt lat="45.7971170" lon="126.4957482"><ele>93.43</ele><time>2026-04-22T04:57:55Z</time></trkpt>
      <trkpt lat="45.7971169" lon="126.4957708"><ele>93.43</ele><time>2026-04-22T04:57:56Z</time></trkpt>
    </trkseg>
    <trkseg>
      <trkpt lat="45.7971974" lon="126.4959712"><ele>95.94</ele><time>2026-04-22T05:13:32Z</time></trkpt>
      <trkpt lat="45.7972248" lon="126.4959593"><ele>95.9</ele><time>2026-04-22T05:13:38Z</time></trkpt>
      <trkpt lat="45.7972265" lon="126.4959485"><ele>95.88</ele><time>2026-04-22T05:13:39Z</time></trkpt>
      <trkpt lat="45.7972622" lon="126.4959152"><ele>95.86</ele><time>2026-04-22T05:13:42Z</time></trkpt>
      <trkpt lat="45.7974247" lon="126.4958288"><ele>95.83</ele><time>2026-04-22T05:13:50Z</time></trkpt>
      <trkpt lat="45.7973563" lon="126.4955350"><ele>96.01</ele><time>2026-04-22T05:13:57Z</time></trkpt>
      <trkpt lat="45.7973316" lon="126.4954628"><ele>96.05</ele><time>2026-04-22T05:13:59Z</time></trkpt>
      <trkpt lat="45.7972036" lon="126.4955039"><ele>96.08</ele><time>2026-04-22T05:14:04Z</time></trkpt>
      <trkpt lat="45.7971247" lon="126.4955711"><ele>96.05</ele><time>2026-04-22T05:14:07Z</time></trkpt>
      <trkpt lat="45.7970924" lon="126.4955962"><ele>95.87</ele><time>2026-04-22T05:14:13Z</time></trkpt>
    </trkseg>
    <trkseg>
      <trkpt lat="45.7970636" lon="126.4956023"><ele>95.63</ele><time>2026-04-22T05:14:28Z</time></trkpt>
      <trkpt lat="45.7970525" lon="126.4955832"><ele>95.61</ele><time>2026-04-22T05:14:29Z</time></trkpt>
      <trkpt lat="45.7969488" lon="126.4953419"><ele>95.39</ele><time>2026-04-22T05:14:36Z</time></trkpt>
      <trkpt lat="45.7968025" lon="126.4950207"><ele>95.22</ele><time>2026-04-22T05:14:44Z</time></trkpt>
      <trkpt lat="45.7967689" lon="126.4948947"><ele>95.17</ele><time>2026-04-22T05:14:49Z</time></trkpt>
      <trkpt lat="45.7968752" lon="126.4947607"><ele>95.21</ele><time>2026-04-22T05:14:54Z</time></trkpt>
      <trkpt lat="45.7969242" lon="126.4947257"><ele>95.21</ele><time>2026-04-22T05:14:55Z</time></trkpt>
      <trkpt lat="45.7972974" lon="126.4945027"><ele>95.2</ele><time>2026-04-22T05:15:01Z</time></trkpt>
      <trkpt lat="45.7978525" lon="126.4941975"><ele>95.37</ele><time>2026-04-22T05:15:08Z</time></trkpt>
      <trkpt lat="45.7981942" lon="126.4940002"><ele>95.41</ele><time>2026-04-22T05:15:13Z</time></trkpt>
      <trkpt lat="45.7982485" lon="126.4939910"><ele>95.41</ele><time>2026-04-22T05:15:14Z</time></trkpt>
      <trkpt lat="45.7982986" lon="126.4939997"><ele>95.4</ele><time>2026-04-22T05:15:15Z</time></trkpt>
      <trkpt lat="45.7983348" lon="126.4940196"><ele>95.33</ele><time>2026-04-22T05:15:16Z</time></trkpt>
      <trkpt lat="45.7983627" lon="126.4940432"><ele>95.23</ele><time>2026-04-22T05:15:17Z</time></trkpt>
      <trkpt lat="45.7983826" lon="126.4940673"><ele>95.12</ele><time>2026-04-22T05:15:18Z</time></trkpt>
      <trkpt lat="45.7983992" lon="126.4940944"><ele>95.02</ele><time>2026-04-22T05:15:19Z</time></trkpt>
      <trkpt lat="45.7984152" lon="126.4941305"><ele>94.96</ele><time>2026-04-22T05:15:20Z</time></trkpt>
      <trkpt lat="45.7984319" lon="126.4941768"><ele>94.93</ele><time>2026-04-22T05:15:21Z</time></trkpt>
      <trkpt lat="45.7984535" lon="126.4942390"><ele>94.92</ele><time>2026-04-22T05:15:22Z</time></trkpt>
      <trkpt lat="45.7985713" lon="126.4946149"><ele>94.93</ele><time>2026-04-22T05:15:26Z</time></trkpt>
      <trkpt lat="45.7988566" lon="126.4955200"><ele>95.31</ele><time>2026-04-22T05:15:33Z</time></trkpt>
      <trkpt lat="45.7992451" lon="126.4967693"><ele>95.66</ele><time>2026-04-22T05:15:41Z</time></trkpt>
      <trkpt lat="45.7998066" lon="126.4985844"><ele>96.13</ele><time>2026-04-22T05:15:52Z</time></trkpt>
      <trkpt lat="45.8001406" lon="126.4995848"><ele>96.08</ele><time>2026-04-22T05:15:59Z</time></trkpt>
      <trkpt lat="45.8004728" lon="126.5005701"><ele>95.43</ele><time>2026-04-22T05:16:07Z</time></trkpt>
      <trkpt lat="45.8006207" lon="126.5010384"><ele>95.36</ele><time>2026-04-22T05:16:12Z</time></trkpt>
      <trkpt lat="45.8006583" lon="126.5011524"><ele>95.3</ele><time>2026-04-22T05:16:16Z</time></trkpt>
      <trkpt lat="45.8006561" lon="126.5011534"><ele>95.44</ele><time>2026-04-22T05:16:19Z</time></trkpt>
    </trkseg>
    <trkseg>
      <trkpt lat="45.8007231" lon="126.5013697"><ele>95.37</ele><time>2026-04-22T05:17:12Z</time></trkpt>
      <trkpt lat="45.8008580" lon="126.5018071"><ele>95.37</ele><time>2026-04-22T05:17:16Z</time></trkpt>
      <trkpt lat="45.8011391" lon="126.5026992"><ele>95.82</ele><time>2026-04-22T05:17:22Z</time></trkpt>
      <trkpt lat="45.8015179" lon="126.5038853"><ele>96.48</ele><time>2026-04-22T05:17:29Z</time></trkpt>
      <trkpt lat="45.8017358" lon="126.5045216"><ele>96.64</ele><time>2026-04-22T05:17:34Z</time></trkpt>
      <trkpt lat="45.8018288" lon="126.5047416"><ele>96.63</ele><time>2026-04-22T05:17:38Z</time></trkpt>
      <trkpt lat="45.8018342" lon="126.5047390"><ele>96.4</ele><time>2026-04-22T05:17:42Z</time></trkpt>
      <trkpt lat="45.8018342" lon="126.5047390"><ele>96.35</ele><time>2026-04-22T05:17:43Z</time></trkpt>
    </trkseg>
    <trkseg>
      <trkpt lat="45.8018559" lon="126.5047995"><ele>96.29</ele><time>2026-04-22T05:17:50Z</time></trkpt>
      <trkpt lat="45.8018709" lon="126.5048440"><ele>96.25</ele><time>2026-04-22T05:17:51Z</time></trkpt>
      <trkpt lat="45.8020078" lon="126.5051913"><ele>96.12</ele><time>2026-04-22T05:17:56Z</time></trkpt>
      <trkpt lat="45.8021387" lon="126.5053975"><ele>96.19</ele><time>2026-04-22T05:17:59Z</time></trkpt>
      <trkpt lat="45.8021898" lon="126.5054537"><ele>96.2</ele><time>2026-04-22T05:18:00Z</time></trkpt>
      <trkpt lat="45.8022438" lon="126.5054965"><ele>96.22</ele><time>2026-04-22T05:18:01Z</time></trkpt>
      <trkpt lat="45.8023017" lon="126.5055211"><ele>96.23</ele><time>2026-04-22T05:18:02Z</time></trkpt>
      <trkpt lat="45.8023578" lon="126.5055279"><ele>96.23</ele><time>2026-04-22T05:18:03Z</time></trkpt>
      <trkpt lat="45.8024151" lon="126.5055167"><ele>96.23</ele><time>2026-04-22T05:18:04Z</time></trkpt>
      <trkpt lat="45.8024728" lon="126.5054941"><ele>96.22</ele><time>2026-04-22T05:18:05Z</time></trkpt>
      <trkpt lat="45.8025323" lon="126.5054617"><ele>96.18</ele><time>2026-04-22T05:18:06Z</time></trkpt>
      <trkpt lat="45.8025930" lon="126.5054252"><ele>96.15</ele><time>2026-04-22T05:18:07Z</time></trkpt>
      <trkpt lat="45.8029597" lon="126.5051931"><ele>95.96</ele><time>2026-04-22T05:18:12Z</time></trkpt>
      <trkpt lat="45.8036627" lon="126.5047466"><ele>95.76</ele><time>2026-04-22T05:18:20Z</time></trkpt>
      <trkpt lat="45.8044055" lon="126.5042697"><ele>95.69</ele><time>2026-04-22T05:18:29Z</time></trkpt>
      <trkpt lat="45.8047547" lon="126.5040708"><ele>95.74</ele><time>2026-04-22T05:18:34Z</time></trkpt>
      <trkpt lat="45.8048490" lon="126.5040339"><ele>95.58</ele><time>2026-04-22T05:18:38Z</time></trkpt>
      <trkpt lat="45.8048565" lon="126.5040325"><ele>95.29</ele><time>2026-04-22T05:18:42Z</time></trkpt>
    </trkseg>
    <trkseg>
      <trkpt lat="45.8049291" lon="126.5040004"><ele>95.46</ele><time>2026-04-22T05:18:51Z</time></trkpt>
      <trkpt lat="45.8052105" lon="126.5038266"><ele>95.59</ele><time>2026-04-22T05:18:58Z</time></trkpt>
      <trkpt lat="45.8052695" lon="126.5038057"><ele>95.62</ele><time>2026-04-22T05:18:59Z</time></trkpt>
      <trkpt lat="45.8053312" lon="126.5038026"><ele>95.67</ele><time>2026-04-22T05:19:00Z</time></trkpt>
      <trkpt lat="45.8053903" lon="126.5038217"><ele>95.76</ele><time>2026-04-22T05:19:01Z</time></trkpt>
      <trkpt lat="45.8054436" lon="126.5038625"><ele>95.79</ele><time>2026-04-22T05:19:02Z</time></trkpt>
      <trkpt lat="45.8054886" lon="126.5039191"><ele>95.88</ele><time>2026-04-22T05:19:03Z</time></trkpt>
      <trkpt lat="45.8055254" lon="126.5039905"><ele>95.93</ele><time>2026-04-22T05:19:04Z</time></trkpt>
      <trkpt lat="45.8055571" lon="126.5040727"><ele>96.02</ele><time>2026-04-22T05:19:05Z</time></trkpt>
      <trkpt lat="45.8055869" lon="126.5041644"><ele>96.09</ele><time>2026-04-22T05:19:06Z</time></trkpt>
      <trkpt lat="45.8058233" lon="126.5049359"><ele>96.73</ele><time>2026-04-22T05:19:14Z</time></trkpt>
      <trkpt lat="45.8060351" lon="126.5056263"><ele>97.16</ele><time>2026-04-22T05:19:21Z</time></trkpt>
      <trkpt lat="45.8062015" lon="126.5061589"><ele>97.09</ele><time>2026-04-22T05:19:28Z</time></trkpt>
      <trkpt lat="45.8063850" lon="126.5067142"><ele>97.21</ele><time>2026-04-22T05:19:35Z</time></trkpt>
      <trkpt lat="45.8065312" lon="126.5072384"><ele>97.41</ele><time>2026-04-22T05:19:39Z</time></trkpt>
      <trkpt lat="45.8068184" lon="126.5081428"><ele>97.89</ele><time>2026-04-22T05:19:45Z</time></trkpt>
      <trkpt lat="45.8070926" lon="126.5090642"><ele>97.82</ele><time>2026-04-22T05:19:52Z</time></trkpt>
      <trkpt lat="45.8072070" lon="126.5094854"><ele>97.43</ele><time>2026-04-22T05:19:56Z</time></trkpt>
      <trkpt lat="45.8072712" lon="126.5096906"><ele>96.84</ele><time>2026-04-22T05:20:00Z</time></trkpt>
      <trkpt lat="45.8072751" lon="126.5097206"><ele>96.17</ele><time>2026-04-22T05:20:04Z</time></trkpt>
      <trkpt lat="45.8072751" lon="126.5097206"><ele>96.05</ele><time>2026-04-22T05:20:05Z</time></trkpt>
    </trkseg>
    <trkseg>
      <trkpt lat="45.8073224" lon="126.5098824"><ele>96.01</ele><time>2026-04-22T05:20:14Z</time></trkpt>
      <trkpt lat="45.8074545" lon="126.5103341"><ele>95.96</ele><time>2026-04-22T05:20:19Z</time></trkpt>
      <trkpt lat="45.8077213" lon="126.5110935"><ele>96.52</ele><time>2026-04-22T05:20:26Z</time></trkpt>
      <trkpt lat="45.8079679" lon="126.5118745"><ele>96.3</ele><time>2026-04-22T05:20:34Z</time></trkpt>
      <trkpt lat="45.8081528" lon="126.5124811"><ele>96.45</ele><time>2026-04-22T05:20:40Z</time></trkpt>
      <trkpt lat="45.8083816" lon="126.5134370"><ele>96.98</ele><time>2026-04-22T05:20:47Z</time></trkpt>
      <trkpt lat="45.8087020" lon="126.5150674"><ele>97.61</ele><time>2026-04-22T05:20:58Z</time></trkpt>
      <trkpt lat="45.8088996" lon="126.5164021"><ele>97.63</ele><time>2026-04-22T05:21:07Z</time></trkpt>
      <trkpt lat="45.8089910" lon="126.5171226"><ele>97.9</ele><time>2026-04-22T05:21:12Z</time></trkpt>
      <trkpt lat="45.8089939" lon="126.5172313"><ele>97.94</ele><time>2026-04-22T05:21:13Z</time></trkpt>
      <trkpt lat="45.8089837" lon="126.5173168"><ele>97.96</ele><time>2026-04-22T05:21:14Z</time></trkpt>
      <trkpt lat="45.8089661" lon="126.5173801"><ele>97.97</ele><time>2026-04-22T05:21:15Z</time></trkpt>
      <trkpt lat="45.8089500" lon="126.5174225"><ele>97.93</ele><time>2026-04-22T05:21:16Z</time></trkpt>
      <trkpt lat="45.8089355" lon="126.5174458"><ele>97.84</ele><time>2026-04-22T05:21:17Z</time></trkpt>
      <trkpt lat="45.8089257" lon="126.5174619"><ele>97.79</ele><time>2026-04-22T05:21:18Z</time></trkpt>
      <trkpt lat="45.8088970" lon="126.5174939"><ele>97.69</ele><time>2026-04-22T05:21:25Z</time></trkpt>
      <trkpt lat="45.8088815" lon="126.5175107"><ele>97.82</ele><time>2026-04-22T05:21:27Z</time></trkpt>
      <trkpt lat="45.8088680" lon="126.5175216"><ele>97.86</ele><time>2026-04-22T05:21:32Z</time></trkpt>
    </trkseg>
    <trkseg>
      <trkpt lat="45.8088221" lon="126.5175365"><ele>97.86</ele><time>2026-04-22T05:21:36Z</time></trkpt>
      <trkpt lat="45.8087545" lon="126.5176456"><ele>97.65</ele><time>2026-04-22T05:21:41Z</time></trkpt>
      <trkpt lat="45.8086297" lon="126.5177430"><ele>97.45</ele><time>2026-04-22T05:21:46Z</time></trkpt>
      <trkpt lat="45.8085175" lon="126.5178756"><ele>97.33</ele><time>2026-04-22T05:21:51Z</time></trkpt>
      <trkpt lat="45.8085258" lon="126.5181286"><ele>97.35</ele><time>2026-04-22T05:21:57Z</time></trkpt>
      <trkpt lat="45.8085330" lon="126.5181887"><ele>97.28</ele><time>2026-04-22T05:22:01Z</time></trkpt>
      <trkpt lat="45.8085324" lon="126.5181908"><ele>97.19</ele><time>2026-04-22T05:22:03Z</time></trkpt>
    </trkseg>
    <trkseg>
      <trkpt lat="45.8085921" lon="126.5178280"><ele>97.15</ele><time>2026-04-22T05:23:27Z</time></trkpt>
      <trkpt lat="45.8086163" lon="126.5177751"><ele>97.14</ele><time>2026-04-22T05:23:37Z</time></trkpt>
    </trkseg>
    <trkseg>
      <trkpt lat="45.8086748" lon="126.5176832"><ele>97.22</ele><time>2026-04-22T05:24:02Z</time></trkpt>
      <trkpt lat="45.8088079" lon="126.5175696"><ele>96.91</ele><time>2026-04-22T05:24:10Z</time></trkpt>
      <trkpt lat="45.8089619" lon="126.5174956"><ele>96.65</ele><time>2026-04-22T05:24:18Z</time></trkpt>
      <trkpt lat="45.8089987" lon="126.5175226"><ele>96.64</ele><time>2026-04-22T05:24:20Z</time></trkpt>
      <trkpt lat="45.8090195" lon="126.5175627"><ele>96.63</ele><time>2026-04-22T05:24:21Z</time></trkpt>
      <trkpt lat="45.8090317" lon="126.5176212"><ele>96.62</ele><time>2026-04-22T05:24:22Z</time></trkpt>
      <trkpt lat="45.8090391" lon="126.5177013"><ele>96.62</ele><time>2026-04-22T05:24:23Z</time></trkpt>
      <trkpt lat="45.8090472" lon="126.5177970"><ele>96.62</ele><time>2026-04-22T05:24:24Z</time></trkpt>
      <trkpt lat="45.8090398" lon="126.5181254"><ele>96.76</ele><time>2026-04-22T05:24:29Z</time></trkpt>
      <trkpt lat="45.8089898" lon="126.5182364"><ele>96.91</ele><time>2026-04-22T05:24:35Z</time></trkpt>
      <trkpt lat="45.8089811" lon="126.5182419"><ele>96.96</ele><time>2026-04-22T05:24:39Z</time></trkpt>
    </trkseg>
    <trkseg>
      <trkpt lat="45.8088356" lon="126.5182933"><ele>97.26</ele><time>2026-04-22T05:25:25Z</time></trkpt>
      <trkpt lat="45.8087927" lon="126.5182959"><ele>97.25</ele><time>2026-04-22T05:25:29Z</time></trkpt>
      <trkpt lat="45.8087409" lon="126.5182304"><ele>97.28</ele><time>2026-04-22T05:25:34Z</time></trkpt>
      <trkpt lat="45.8087164" lon="126.5181849"><ele>97.2</ele><time>2026-04-22T05:25:40Z</time></trkpt>
    </trkseg>
    <trkseg>
      <trkpt lat="45.8086827" lon="126.5173629"><ele>97.2</ele><time>2026-04-22T05:51:49Z</time></trkpt>
      <trkpt lat="45.8088515" lon="126.5173158"><ele>97.16</ele><time>2026-04-22T05:51:59Z</time></trkpt>
      <trkpt lat="45.8089402" lon="126.5174033"><ele>97.06</ele><time>2026-04-22T05:52:02Z</time></trkpt>
      <trkpt lat="45.8089621" lon="126.5174701"><ele>97.04</ele><time>2026-04-22T05:52:03Z</time></trkpt>
      <trkpt lat="45.8089776" lon="126.5175629"><ele>97.03</ele><time>2026-04-22T05:52:04Z</time></trkpt>
      <trkpt lat="45.8089880" lon="126.5176803"><ele>97.02</ele><time>2026-04-22T05:52:05Z</time></trkpt>
      <trkpt lat="45.8090322" lon="126.5181742"><ele>97.03</ele><time>2026-04-22T05:52:08Z</time></trkpt>
      <trkpt lat="45.8090656" lon="126.5191304"><ele>97.59</ele><time>2026-04-22T05:52:14Z</time></trkpt>
      <trkpt lat="45.8090855" lon="126.5195526"><ele>97.63</ele><time>2026-04-22T05:52:18Z</time></trkpt>
      <trkpt lat="45.8090934" lon="126.5198178"><ele>97.24</ele><time>2026-04-22T05:52:23Z</time></trkpt>
      <trkpt lat="45.8090090" lon="126.5199412"><ele>96.88</ele><time>2026-04-22T05:52:27Z</time></trkpt>
      <trkpt lat="45.8089567" lon="126.5199577"><ele>96.84</ele><time>2026-04-22T05:52:28Z</time></trkpt>
      <trkpt lat="45.8088875" lon="126.5199690"><ele>96.82</ele><time>2026-04-22T05:52:29Z</time></trkpt>
      <trkpt lat="45.8085718" lon="126.5199758"><ele>96.85</ele><time>2026-04-22T05:52:32Z</time></trkpt>
      <trkpt lat="45.8077408" lon="126.5199944"><ele>97.15</ele><time>2026-04-22T05:52:40Z</time></trkpt>
      <trkpt lat="45.8074810" lon="126.5199948"><ele>96.63</ele><time>2026-04-22T05:52:44Z</time></trkpt>
      <trkpt lat="45.8071396" lon="126.5199872"><ele>95.96</ele><time>2026-04-22T05:52:50Z</time></trkpt>
      <trkpt lat="45.8065666" lon="126.5200441"><ele>95.78</ele><time>2026-04-22T05:52:57Z</time></trkpt>
      <trkpt lat="45.8061010" lon="126.5202089"><ele>95.95</ele><time>2026-04-22T05:53:01Z</time></trkpt>
      <trkpt lat="45.8053054" lon="126.5205933"><ele>97.16</ele><time>2026-04-22T05:53:08Z</time></trkpt>
      <trkpt lat="45.8044090" lon="126.5211258"><ele>97.3</ele><time>2026-04-22T05:53:17Z</time></trkpt>
      <trkpt lat="45.8035071" lon="126.5216567"><ele>97.07</ele><time>2026-04-22T05:53:26Z</time></trkpt>
      <trkpt lat="45.8022228" lon="126.5224046"><ele>96.74</ele><time>2026-04-22T05:53:38Z</time></trkpt>
      <trkpt lat="45.8012636" lon="126.5229693"><ele>96.73</ele><time>2026-04-22T05:53:47Z</time></trkpt>
      <trkpt lat="45.8001232" lon="126.5236284"><ele>96.64</ele><time>2026-04-22T05:53:57Z</time></trkpt>
      <trkpt lat="45.7992477" lon="126.5241110"><ele>96.22</ele><time>2026-04-22T05:54:05Z</time></trkpt>
      <trkpt lat="45.7988298" lon="126.5243850"><ele>95.46</ele><time>2026-04-22T05:54:10Z</time></trkpt>
      <trkpt lat="45.7985448" lon="126.5245607"><ele>95.21</ele><time>2026-04-22T05:54:15Z</time></trkpt>
      <trkpt lat="45.7981100" lon="126.5248516"><ele>95.33</ele><time>2026-04-22T05:54:20Z</time></trkpt>
      <trkpt lat="45.7972699" lon="126.5253423"><ele>96.02</ele><time>2026-04-22T05:54:28Z</time></trkpt>
      <trkpt lat="45.7965613" lon="126.5257179"><ele>96.12</ele><time>2026-04-22T05:54:35Z</time></trkpt>
      <trkpt lat="45.7963795" lon="126.5258218"><ele>96.1</ele><time>2026-04-22T05:54:38Z</time></trkpt>
      <trkpt lat="45.7963370" lon="126.5258422"><ele>96.48</ele><time>2026-04-22T05:54:42Z</time></trkpt>
      <trkpt lat="45.7963386" lon="126.5258417"><ele>96.84</ele><time>2026-04-22T05:54:44Z</time></trkpt>
    </trkseg>
    <trkseg>
      <trkpt lat="45.7961833" lon="126.5259120"><ele>97.77</ele><time>2026-04-22T05:55:35Z</time></trkpt>
      <trkpt lat="45.7961351" lon="126.5259406"><ele>97.77</ele><time>2026-04-22T05:55:36Z</time></trkpt>
      <trkpt lat="45.7960262" lon="126.5260288"><ele>97.84</ele><time>2026-04-22T05:55:38Z</time></trkpt>
      <trkpt lat="45.7959718" lon="126.5261028"><ele>97.93</ele><time>2026-04-22T05:55:39Z</time></trkpt>
      <trkpt lat="45.7959260" lon="126.5261946"><ele>98.06</ele><time>2026-04-22T05:55:40Z</time></trkpt>
      <trkpt lat="45.7958957" lon="126.5263015"><ele>98.27</ele><time>2026-04-22T05:55:41Z</time></trkpt>
      <trkpt lat="45.7958848" lon="126.5264210"><ele>98.4</ele><time>2026-04-22T05:55:42Z</time></trkpt>
      <trkpt lat="45.7958900" lon="126.5265508"><ele>98.6</ele><time>2026-04-22T05:55:43Z</time></trkpt>
      <trkpt lat="45.7959209" lon="126.5266912"><ele>98.82</ele><time>2026-04-22T05:55:44Z</time></trkpt>
      <trkpt lat="45.7959598" lon="126.5268353"><ele>99.06</ele><time>2026-04-22T05:55:45Z</time></trkpt>
      <trkpt lat="45.7960007" lon="126.5269892"><ele>99.27</ele><time>2026-04-22T05:55:46Z</time></trkpt>
      <trkpt lat="45.7962344" lon="126.5278779"><ele>100.09</ele><time>2026-04-22T05:55:51Z</time></trkpt>
      <trkpt lat="45.7965901" lon="126.5292812"><ele>100.78</ele><time>2026-04-22T05:55:58Z</time></trkpt>
      <trkpt lat="45.7969097" lon="126.5306628"><ele>101.21</ele><time>2026-04-22T05:56:04Z</time></trkpt>
      <trkpt lat="45.7972596" lon="126.5321485"><ele>102.05</ele><time>2026-04-22T05:56:10Z</time></trkpt>
      <trkpt lat="45.7976099" lon="126.5336941"><ele>102.58</ele><time>2026-04-22T05:56:16Z</time></trkpt>
      <trkpt lat="45.7977512" lon="126.5343039"><ele>102.64</ele><time>2026-04-22T05:56:19Z</time></trkpt>
      <trkpt lat="45.7978693" lon="126.5348868"><ele>101.97</ele><time>2026-04-22T05:56:23Z</time></trkpt>
      <trkpt lat="45.7980189" lon="126.5357925"><ele>100.58</ele><time>2026-04-22T05:56:30Z</time></trkpt>
      <trkpt lat="45.7981695" lon="126.5366961"><ele>100.37</ele><time>2026-04-22T05:56:36Z</time></trkpt>
      <trkpt lat="45.7984484" lon="126.5384387"><ele>100.65</ele><time>2026-04-22T05:56:46Z</time></trkpt>
      <trkpt lat="45.7986451" lon="126.5399910"><ele>100.65</ele><time>2026-04-22T05:56:55Z</time></trkpt>
      <trkpt lat="45.7987416" lon="126.5413000"><ele>101.07</ele><time>2026-04-22T05:57:02Z</time></trkpt>
      <trkpt lat="45.7988790" lon="126.5425916"><ele>101.79</ele><time>2026-04-22T05:57:08Z</time></trkpt>
      <trkpt lat="45.7991043" lon="126.5442506"><ele>101.69</ele><time>2026-04-22T05:57:16Z</time></trkpt>
      <trkpt lat="45.7992995" lon="126.5457525"><ele>100.62</ele><time>2026-04-22T05:57:23Z</time></trkpt>
      <trkpt lat="45.7994097" lon="126.5471377"><ele>97.52</ele><time>2026-04-22T05:57:29Z</time></trkpt>
      <trkpt lat="45.7994943" lon="126.5487632"><ele>94.65</ele><time>2026-04-22T05:57:36Z</time></trkpt>
      <trkpt lat="45.7996234" lon="126.5504030"><ele>94.91</ele><time>2026-04-22T05:57:43Z</time></trkpt>
      <trkpt lat="45.7997423" lon="126.5520686"><ele>98.15</ele><time>2026-04-22T05:57:51Z</time></trkpt>
      <trkpt lat="45.7999551" lon="126.5536982"><ele>101.01</ele><time>2026-04-22T05:57:59Z</time></trkpt>
      <trkpt lat="45.8002206" lon="126.5550760"><ele>101.76</ele><time>2026-04-22T05:58:06Z</time></trkpt>
      <trkpt lat="45.8004716" lon="126.5562213"><ele>101.89</ele><time>2026-04-22T05:58:11Z</time></trkpt>
      <trkpt lat="45.8009214" lon="126.5580807"><ele>102.45</ele><time>2026-04-22T05:58:19Z</time></trkpt>
      <trkpt lat="45.8013783" lon="126.5599330"><ele>102.76</ele><time>2026-04-22T05:58:27Z</time></trkpt>
      <trkpt lat="45.8019129" lon="126.5614569"><ele>102.84</ele><time>2026-04-22T05:58:34Z</time></trkpt>
      <trkpt lat="45.8023929" lon="126.5628437"><ele>103.34</ele><time>2026-04-22T05:58:41Z</time></trkpt>
      <trkpt lat="45.8025841" lon="126.5634011"><ele>102.91</ele><time>2026-04-22T05:58:45Z</time></trkpt>
      <trkpt lat="45.8027526" lon="126.5639061"><ele>101.71</ele><time>2026-04-22T05:58:50Z</time></trkpt>
      <trkpt lat="45.8027956" lon="126.5640408"><ele>100.9</ele><time>2026-04-22T05:58:54Z</time></trkpt>
      <trkpt lat="45.8027980" lon="126.5640460"><ele>100.39</ele><time>2026-04-22T05:58:59Z</time></trkpt>
    </trkseg>
    <trkseg>
      <trkpt lat="45.8028360" lon="126.5641261"><ele>100.35</ele><time>2026-04-22T05:59:15Z</time></trkpt>
      <trkpt lat="45.8028560" lon="126.5641843"><ele>100.37</ele><time>2026-04-22T05:59:16Z</time></trkpt>
      <trkpt lat="45.8030288" lon="126.5647148"><ele>100.56</ele><time>2026-04-22T05:59:23Z</time></trkpt>
      <trkpt lat="45.8031961" lon="126.5653840"><ele>100.64</ele><time>2026-04-22T05:59:28Z</time></trkpt>
      <trkpt lat="45.8033985" lon="126.5662895"><ele>101.41</ele><time>2026-04-22T05:59:33Z</time></trkpt>
      <trkpt lat="45.8036174" lon="126.5676938"><ele>101.95</ele><time>2026-04-22T05:59:40Z</time></trkpt>
      <trkpt lat="45.8039422" lon="126.5697069"><ele>102.76</ele><time>2026-04-22T05:59:50Z</time></trkpt>
      <trkpt lat="45.8042325" lon="126.5714282"><ele>102.86</ele><time>2026-04-22T05:59:59Z</time></trkpt>
      <trkpt lat="45.8044868" lon="126.5729463"><ele>102.5</ele><time>2026-04-22T06:00:08Z</time></trkpt>
      <trkpt lat="45.8046200" lon="126.5737127"><ele>102.24</ele><time>2026-04-22T06:00:13Z</time></trkpt>
      <trkpt lat="45.8046607" lon="126.5738277"><ele>102.19</ele><time>2026-04-22T06:00:14Z</time></trkpt>
      <trkpt lat="45.8047174" lon="126.5739276"><ele>102.1</ele><time>2026-04-22T06:00:15Z</time></trkpt>
      <trkpt lat="45.8047874" lon="126.5740094"><ele>102.04</ele><time>2026-04-22T06:00:16Z</time></trkpt>
      <trkpt lat="45.8048760" lon="126.5740664"><ele>102</ele><time>2026-04-22T06:00:17Z</time></trkpt>
      <trkpt lat="45.8049795" lon="126.5741047"><ele>101.97</ele><time>2026-04-22T06:00:18Z</time></trkpt>
      <trkpt lat="45.8050935" lon="126.5741361"><ele>101.96</ele><time>2026-04-22T06:00:19Z</time></trkpt>
      <trkpt lat="45.8052158" lon="126.5741563"><ele>101.94</ele><time>2026-04-22T06:00:20Z</time></trkpt>
      <trkpt lat="45.8053426" lon="126.5741741"><ele>101.9</ele><time>2026-04-22T06:00:21Z</time></trkpt>
      <trkpt lat="45.8064102" lon="126.5743817"><ele>99.64</ele><time>2026-04-22T06:00:29Z</time></trkpt>
      <trkpt lat="45.8073303" lon="126.5747451"><ele>97.63</ele><time>2026-04-22T06:00:36Z</time></trkpt>
      <trkpt lat="45.8081580" lon="126.5752374"><ele>97.13</ele><time>2026-04-22T06:00:43Z</time></trkpt>
      <trkpt lat="45.8088761" lon="126.5758516"><ele>96.81</ele><time>2026-04-22T06:00:50Z</time></trkpt>
      <trkpt lat="45.8093169" lon="126.5765130"><ele>96.11</ele><time>2026-04-22T06:00:55Z</time></trkpt>
      <trkpt lat="45.8096341" lon="126.5772913"><ele>95.99</ele><time>2026-04-22T06:01:00Z</time></trkpt>
      <trkpt lat="45.8098028" lon="126.5781036"><ele>96.05</ele><time>2026-04-22T06:01:05Z</time></trkpt>
      <trkpt lat="45.8098369" lon="126.5789434"><ele>95.97</ele><time>2026-04-22T06:01:10Z</time></trkpt>
      <trkpt lat="45.8097239" lon="126.5798949"><ele>95.82</ele><time>2026-04-22T06:01:16Z</time></trkpt>
      <trkpt lat="45.8096457" lon="126.5802078"><ele>95.66</ele><time>2026-04-22T06:01:19Z</time></trkpt>
      <trkpt lat="45.8096282" lon="126.5802424"><ele>95.13</ele><time>2026-04-22T06:01:22Z</time></trkpt>
      <trkpt lat="45.8096279" lon="126.5802336"><ele>94.8</ele><time>2026-04-22T06:01:25Z</time></trkpt>
    </trkseg>
    <trkseg>
      <trkpt lat="45.8095718" lon="126.5804307"><ele>94.67</ele><time>2026-04-22T06:01:48Z</time></trkpt>
      <trkpt lat="45.8094043" lon="126.5808534"><ele>94.76</ele><time>2026-04-22T06:01:53Z</time></trkpt>
      <trkpt lat="45.8092096" lon="126.5812192"><ele>94.85</ele><time>2026-04-22T06:01:59Z</time></trkpt>
      <trkpt lat="45.8091032" lon="126.5814300"><ele>94.84</ele><time>2026-04-22T06:02:05Z</time></trkpt>
      <trkpt lat="45.8090462" lon="126.5814371"><ele>94.87</ele><time>2026-04-22T06:02:10Z</time></trkpt>
      <trkpt lat="45.8090110" lon="126.5814076"><ele>94.84</ele><time>2026-04-22T06:02:13Z</time></trkpt>
      <trkpt lat="45.8089809" lon="126.5813681"><ele>94.77</ele><time>2026-04-22T06:02:16Z</time></trkpt>
      <trkpt lat="45.8089253" lon="126.5814211"><ele>94.65</ele><time>2026-04-22T06:02:23Z</time></trkpt>
      <trkpt lat="45.8089698" lon="126.5814673"><ele>94.66</ele><time>2026-04-22T06:02:30Z</time></trkpt>
      <trkpt lat="45.8089675" lon="126.5814646"><ele>94.57</ele><time>2026-04-22T06:02:40Z</time></trkpt>
      <trkpt lat="45.8089638" lon="126.5814624"><ele>94.59</ele><time>2026-04-22T06:02:44Z</time></trkpt>
    </trkseg>
    <trkseg>
      <trkpt lat="45.8089366" lon="126.5814945"><ele>94.48</ele><time>2026-04-22T07:03:25Z</time></trkpt>
      <trkpt lat="45.8090178" lon="126.5814646"><ele>94.52</ele><time>2026-04-22T07:03:30Z</time></trkpt>
      <trkpt lat="45.8090900" lon="126.5814631"><ele>94.79</ele><time>2026-04-22T07:03:37Z</time></trkpt>
      <trkpt lat="45.8091157" lon="126.5814836"><ele>94.87</ele><time>2026-04-22T07:03:40Z</time></trkpt>
      <trkpt lat="45.8091225" lon="126.5815014"><ele>94.89</ele><time>2026-04-22T07:03:41Z</time></trkpt>
      <trkpt lat="45.8091255" lon="126.5815248"><ele>94.9</ele><time>2026-04-22T07:03:42Z</time></trkpt>
      <trkpt lat="45.8091210" lon="126.5815609"><ele>94.91</ele><time>2026-04-22T07:03:43Z</time></trkpt>
      <trkpt lat="45.8090995" lon="126.5816261"><ele>94.9</ele><time>2026-04-22T07:03:44Z</time></trkpt>
      <trkpt lat="45.8090635" lon="126.5817153"><ele>94.9</ele><time>2026-04-22T07:03:45Z</time></trkpt>
      <trkpt lat="45.8090275" lon="126.5818184"><ele>94.9</ele><time>2026-04-22T07:03:46Z</time></trkpt>
      <trkpt lat="45.8088660" lon="126.5824579"><ele>94.96</ele><time>2026-04-22T07:03:51Z</time></trkpt>
      <trkpt lat="45.8087884" lon="126.5832666"><ele>95.07</ele><time>2026-04-22T07:03:56Z</time></trkpt>
      <trkpt lat="45.8087111" lon="126.5843597"><ele>95.03</ele><time>2026-04-22T07:04:03Z</time></trkpt>
      <trkpt lat="45.8085513" lon="126.5850920"><ele>95.39</ele><time>2026-04-22T07:04:09Z</time></trkpt>
      <trkpt lat="45.8083392" lon="126.5856455"><ele>95.56</ele><time>2026-04-22T07:04:15Z</time></trkpt>
      <trkpt lat="45.8082424" lon="126.5858343"><ele>95.54</ele><time>2026-04-22T07:04:18Z</time></trkpt>
      <trkpt lat="45.8082124" lon="126.5858724"><ele>95.53</ele><time>2026-04-22T07:04:19Z</time></trkpt>
      <trkpt lat="45.8081839" lon="126.5858951"><ele>95.52</ele><time>2026-04-22T07:04:20Z</time></trkpt>
      <trkpt lat="45.8081539" lon="126.5858983"><ele>95.51</ele><time>2026-04-22T07:04:21Z</time></trkpt>
      <trkpt lat="45.8081278" lon="126.5858844"><ele>95.48</ele><time>2026-04-22T07:04:22Z</time></trkpt>
      <trkpt lat="45.8081071" lon="126.5858522"><ele>95.44</ele><time>2026-04-22T07:04:23Z</time></trkpt>
      <trkpt lat="45.8080881" lon="126.5858090"><ele>95.4</ele><time>2026-04-22T07:04:24Z</time></trkpt>
      <trkpt lat="45.8080721" lon="126.5857708"><ele>95.29</ele><time>2026-04-22T07:04:25Z</time></trkpt>
      <trkpt lat="45.8079856" lon="126.5855461"><ele>94.42</ele><time>2026-04-22T07:04:32Z</time></trkpt>
      <trkpt lat="45.8078993" lon="126.5853241"><ele>94.3</ele><time>2026-04-22T07:04:40Z</time></trkpt>
      <trkpt lat="45.8079538" lon="126.5852170"><ele>94.19</ele><time>2026-04-22T07:04:43Z</time></trkpt>
      <trkpt lat="45.8079923" lon="126.5851766"><ele>94.13</ele><time>2026-04-22T07:04:44Z</time></trkpt>
      <trkpt lat="45.8080340" lon="126.5851434"><ele>94.04</ele><time>2026-04-22T07:04:45Z</time></trkpt>
      <trkpt lat="45.8080751" lon="126.5851232"><ele>93.95</ele><time>2026-04-22T07:04:46Z</time></trkpt>
      <trkpt lat="45.8081102" lon="126.5851200"><ele>93.87</ele><time>2026-04-22T07:04:47Z</time></trkpt>
      <trkpt lat="45.8081351" lon="126.5851342"><ele>93.77</ele><time>2026-04-22T07:04:48Z</time></trkpt>
      <trkpt lat="45.8081813" lon="126.5852243"><ele>93.38</ele><time>2026-04-22T07:04:53Z</time></trkpt>
      <trkpt lat="45.8081791" lon="126.5852334"><ele>93.39</ele><time>2026-04-22T07:04:56Z</time></trkpt>
    </trkseg>
    <trkseg>
      <trkpt lat="45.8082081" lon="126.5851281"><ele>93.18</ele><time>2026-04-22T07:13:02Z</time></trkpt>
      <trkpt lat="45.8082362" lon="126.5851113"><ele>93.29</ele><time>2026-04-22T07:13:07Z</time></trkpt>
      <trkpt lat="45.8082377" lon="126.5851172"><ele>93.36</ele><time>2026-04-22T07:13:09Z</time></trkpt>
    </trkseg>
    <trkseg>
      <trkpt lat="45.8081850" lon="126.5851051"><ele>93.2</ele><time>2026-04-22T07:13:21Z</time></trkpt>
      <trkpt lat="45.8080260" lon="126.5851254"><ele>93.27</ele><time>2026-04-22T07:13:26Z</time></trkpt>
      <trkpt lat="45.8078850" lon="126.5853304"><ele>93.22</ele><time>2026-04-22T07:13:32Z</time></trkpt>
      <trkpt lat="45.8078902" lon="126.5853733"><ele>93.22</ele><time>2026-04-22T07:13:33Z</time></trkpt>
      <trkpt lat="45.8079040" lon="126.5854143"><ele>93.22</ele><time>2026-04-22T07:13:34Z</time></trkpt>
      <trkpt lat="45.8079218" lon="126.5854512"><ele>93.22</ele><time>2026-04-22T07:13:35Z</time></trkpt>
      <trkpt lat="45.8079419" lon="126.5854895"><ele>93.22</ele><time>2026-04-22T07:13:36Z</time></trkpt>
      <trkpt lat="45.8079637" lon="126.5855349"><ele>93.23</ele><time>2026-04-22T07:13:37Z</time></trkpt>
      <trkpt lat="45.8081460" lon="126.5859201"><ele>93.66</ele><time>2026-04-22T07:13:44Z</time></trkpt>
      <trkpt lat="45.8081518" lon="126.5859837"><ele>93.71</ele><time>2026-04-22T07:13:45Z</time></trkpt>
      <trkpt lat="45.8081407" lon="126.5860522"><ele>93.77</ele><time>2026-04-22T07:13:46Z</time></trkpt>
      <trkpt lat="45.8081084" lon="126.5861265"><ele>93.85</ele><time>2026-04-22T07:13:47Z</time></trkpt>
      <trkpt lat="45.8080533" lon="126.5862109"><ele>93.95</ele><time>2026-04-22T07:13:48Z</time></trkpt>
      <trkpt lat="45.8079812" lon="126.5863018"><ele>94.02</ele><time>2026-04-22T07:13:49Z</time></trkpt>
      <trkpt lat="45.8079021" lon="126.5863990"><ele>94.09</ele><time>2026-04-22T07:13:50Z</time></trkpt>
      <trkpt lat="45.8073478" lon="126.5869701"><ele>94.81</ele><time>2026-04-22T07:13:56Z</time></trkpt>
      <trkpt lat="45.8069038" lon="126.5872710"><ele>96.13</ele><time>2026-04-22T07:14:01Z</time></trkpt>
      <trkpt lat="45.8068448" lon="126.5873300"><ele>96.46</ele><time>2026-04-22T07:14:02Z</time></trkpt>
      <trkpt lat="45.8067997" lon="126.5874080"><ele>96.72</ele><time>2026-04-22T07:14:03Z</time></trkpt>
      <trkpt lat="45.8067675" lon="126.5875112"><ele>97.01</ele><time>2026-04-22T07:14:04Z</time></trkpt>
      <trkpt lat="45.8067498" lon="126.5876339"><ele>97.34</ele><time>2026-04-22T07:14:05Z</time></trkpt>
      <trkpt lat="45.8067434" lon="126.5877734"><ele>97.64</ele><time>2026-04-22T07:14:06Z</time></trkpt>
      <trkpt lat="45.8067416" lon="126.5879309"><ele>97.9</ele><time>2026-04-22T07:14:07Z</time></trkpt>
      <trkpt lat="45.8067196" lon="126.5888424"><ele>99.14</ele><time>2026-04-22T07:14:12Z</time></trkpt>
      <trkpt lat="45.8066758" lon="126.5905188"><ele>100.01</ele><time>2026-04-22T07:14:20Z</time></trkpt>
      <trkpt lat="45.8066060" lon="126.5931706"><ele>100.66</ele><time>2026-04-22T07:14:32Z</time></trkpt>
      <trkpt lat="45.8065703" lon="126.5953997"><ele>101.1</ele><time>2026-04-22T07:14:42Z</time></trkpt>
      <trkpt lat="45.8065082" lon="126.5970575"><ele>100.86</ele><time>2026-04-22T07:14:50Z</time></trkpt>
      <trkpt lat="45.8064791" lon="126.5981041"><ele>100.67</ele><time>2026-04-22T07:14:56Z</time></trkpt>
      <trkpt lat="45.8064678" lon="126.5985807"><ele>100.21</ele><time>2026-04-22T07:15:00Z</time></trkpt>
      <trkpt lat="45.8064625" lon="126.5988391"><ele>99.66</ele><time>2026-04-22T07:15:04Z</time></trkpt>
      <trkpt lat="45.8064496" lon="126.5992551"><ele>99.1</ele><time>2026-04-22T07:15:12Z</time></trkpt>
      <trkpt lat="45.8064127" lon="126.5998430"><ele>99.09</ele><time>2026-04-22T07:15:18Z</time></trkpt>
      <trkpt lat="45.8063693" lon="126.6007689"><ele>99.37</ele><time>2026-04-22T07:15:25Z</time></trkpt>
      <trkpt lat="45.8063005" lon="126.6017986"><ele>99.67</ele><time>2026-04-22T07:15:31Z</time></trkpt>
      <trkpt lat="45.8061232" lon="126.6029768"><ele>100.1</ele><time>2026-04-22T07:15:37Z</time></trkpt>
      <trkpt lat="45.8059711" lon="126.6044657"><ele>99.33</ele><time>2026-04-22T07:15:44Z</time></trkpt>
      <trkpt lat="45.8060093" lon="126.6058070"><ele>97.42</ele><time>2026-04-22T07:15:50Z</time></trkpt>
      <trkpt lat="45.8062140" lon="126.6071673"><ele>95.77</ele><time>2026-04-22T07:15:56Z</time></trkpt>
      <trkpt lat="45.8065376" lon="126.6084296"><ele>94.93</ele><time>2026-04-22T07:16:02Z</time></trkpt>
      <trkpt lat="45.8068967" lon="126.6098503"><ele>95.52</ele><time>2026-04-22T07:16:09Z</time></trkpt>
      <trkpt lat="45.8070158" lon="126.6108186"><ele>97.08</ele><time>2026-04-22T07:16:14Z</time></trkpt>
      <trkpt lat="45.8070361" lon="126.6112213"><ele>98.07</ele><time>2026-04-22T07:16:17Z</time></trkpt>
      <trkpt lat="45.8070329" lon="126.6113086"><ele>98.3</ele><time>2026-04-22T07:16:18Z</time></trkpt>
      <trkpt lat="45.8070210" lon="126.6113668"><ele>98.44</ele><time>2026-04-22T07:16:19Z</time></trkpt>
      <trkpt lat="45.8069947" lon="126.6113931"><ele>98.54</ele><time>2026-04-22T07:16:20Z</time></trkpt>
      <trkpt lat="45.8069676" lon="126.6114047"><ele>98.6</ele><time>2026-04-22T07:16:21Z</time></trkpt>
      <trkpt lat="45.8069379" lon="126.6113997"><ele>98.65</ele><time>2026-04-22T07:16:22Z</time></trkpt>
      <trkpt lat="45.8069055" lon="126.6113761"><ele>98.71</ele><time>2026-04-22T07:16:23Z</time></trkpt>
      <trkpt lat="45.8068757" lon="126.6113342"><ele>98.81</ele><time>2026-04-22T07:16:24Z</time></trkpt>
      <trkpt lat="45.8068484" lon="126.6112818"><ele>98.86</ele><time>2026-04-22T07:16:25Z</time></trkpt>
      <trkpt lat="45.8068203" lon="126.6112204"><ele>98.9</ele><time>2026-04-22T07:16:26Z</time></trkpt>
      <trkpt lat="45.8065930" lon="126.6107373"><ele>98.88</ele><time>2026-04-22T07:16:32Z</time></trkpt>
      <trkpt lat="45.8062082" lon="126.6099387"><ele>98.26</ele><time>2026-04-22T07:16:40Z</time></trkpt>
      <trkpt lat="45.8060616" lon="126.6096468"><ele>97.71</ele><time>2026-04-22T07:16:43Z</time></trkpt>
      <trkpt lat="45.8060003" lon="126.6095661"><ele>97.36</ele><time>2026-04-22T07:16:44Z</time></trkpt>
      <trkpt lat="45.8059301" lon="126.6095009"><ele>97.12</ele><time>2026-04-22T07:16:45Z</time></trkpt>
      <trkpt lat="45.8058549" lon="126.6094509"><ele>96.76</ele><time>2026-04-22T07:16:46Z</time></trkpt>
      <trkpt lat="45.8057736" lon="126.6094137"><ele>96.52</ele><time>2026-04-22T07:16:47Z</time></trkpt>
      <trkpt lat="45.8056880" lon="126.6093988"><ele>96.28</ele><time>2026-04-22T07:16:48Z</time></trkpt>
      <trkpt lat="45.8056021" lon="126.6094036"><ele>96.04</ele><time>2026-04-22T07:16:49Z</time></trkpt>
      <trkpt lat="45.8055166" lon="126.6094195"><ele>95.9</ele><time>2026-04-22T07:16:50Z</time></trkpt>
      <trkpt lat="45.8054321" lon="126.6094408"><ele>95.81</ele><time>2026-04-22T07:16:51Z</time></trkpt>
      <trkpt lat="45.8048163" lon="126.6095930"><ele>95.22</ele><time>2026-04-22T07:16:59Z</time></trkpt>
      <trkpt lat="45.8041512" lon="126.6097061"><ele>94.81</ele><time>2026-04-22T07:17:08Z</time></trkpt>
      <trkpt lat="45.8034595" lon="126.6098433"><ele>94.69</ele><time>2026-04-22T07:17:17Z</time></trkpt>
      <trkpt lat="45.8029062" lon="126.6099546"><ele>94.62</ele><time>2026-04-22T07:17:25Z</time></trkpt>
      <trkpt lat="45.8024065" lon="126.6100492"><ele>94.49</ele><time>2026-04-22T07:17:33Z</time></trkpt>
      <trkpt lat="45.8018210" lon="126.6101598"><ele>94.56</ele><time>2026-04-22T07:17:41Z</time></trkpt>
      <trkpt lat="45.8012286" lon="126.6102811"><ele>94.77</ele><time>2026-04-22T07:17:49Z</time></trkpt>
      <trkpt lat="45.8009799" lon="126.6103928"><ele>94.7</ele><time>2026-04-22T07:17:54Z</time></trkpt>
      <trkpt lat="45.8006033" lon="126.6106012"><ele>94.54</ele><time>2026-04-22T07:18:02Z</time></trkpt>
      <trkpt lat="45.8003677" lon="126.6107139"><ele>94.45</ele><time>2026-04-22T07:18:09Z</time></trkpt>
      <trkpt lat="45.8003149" lon="126.6107333"><ele>94.5</ele><time>2026-04-22T07:18:15Z</time></trkpt>
      <trkpt lat="45.8003149" lon="126.6107333"><ele>94.52</ele><time>2026-04-22T07:18:16Z</time></trkpt>
    </trkseg>
    <trkseg>
      <trkpt lat="45.8004257" lon="126.6108503"><ele>94.64</ele><time>2026-04-22T07:26:10Z</time></trkpt>
      <trkpt lat="45.8004024" lon="126.6108725"><ele>94.64</ele><time>2026-04-22T07:26:11Z</time></trkpt>
      <trkpt lat="45.8003762" lon="126.6108901"><ele>94.64</ele><time>2026-04-22T07:26:12Z</time></trkpt>
      <trkpt lat="45.8001429" lon="126.6109973"><ele>94.66</ele><time>2026-04-22T07:26:18Z</time></trkpt>
      <trkpt lat="45.7997479" lon="126.6111191"><ele>95.26</ele><time>2026-04-22T07:26:25Z</time></trkpt>
      <trkpt lat="45.7992594" lon="126.6113133"><ele>95.75</ele><time>2026-04-22T07:26:33Z</time></trkpt>
      <trkpt lat="45.7988715" lon="126.6115282"><ele>95.5</ele><time>2026-04-22T07:26:40Z</time></trkpt>
      <trkpt lat="45.7988292" lon="126.6115665"><ele>95.39</ele><time>2026-04-22T07:26:41Z</time></trkpt>
      <trkpt lat="45.7987944" lon="126.6116149"><ele>95.21</ele><time>2026-04-22T07:26:42Z</time></trkpt>
      <trkpt lat="45.7987632" lon="126.6116779"><ele>94.95</ele><time>2026-04-22T07:26:43Z</time></trkpt>
      <trkpt lat="45.7987344" lon="126.6117463"><ele>94.66</ele><time>2026-04-22T07:26:44Z</time></trkpt>
      <trkpt lat="45.7985814" lon="126.6121394"><ele>92.05</ele><time>2026-04-22T07:26:51Z</time></trkpt>
      <trkpt lat="45.7984914" lon="126.6125637"><ele>91.17</ele><time>2026-04-22T07:26:59Z</time></trkpt>
      <trkpt lat="45.7984865" lon="126.6126300"><ele>91.1</ele><time>2026-04-22T07:27:00Z</time></trkpt>
      <trkpt lat="45.7984292" lon="126.6132773"><ele>91.62</ele><time>2026-04-22T07:27:09Z</time></trkpt>
      <trkpt lat="45.7984142" lon="126.6134340"><ele>91.79</ele><time>2026-04-22T07:27:13Z</time></trkpt>
      <trkpt lat="45.7984054" lon="126.6136294"><ele>91.33</ele><time>2026-04-22T07:27:22Z</time></trkpt>
      <trkpt lat="45.7983987" lon="126.6137277"><ele>91.26</ele><time>2026-04-22T07:27:28Z</time></trkpt>
      <trkpt lat="45.7983996" lon="126.6137252"><ele>91.18</ele><time>2026-04-22T07:27:30Z</time></trkpt>
    </trkseg>
    <trkseg>
      <trkpt lat="45.7983993" lon="126.6136925"><ele>91.17</ele><time>2026-04-22T07:27:33Z</time></trkpt>
      <trkpt lat="45.7984007" lon="126.6136777"><ele>91.18</ele><time>2026-04-22T07:27:34Z</time></trkpt>
      <trkpt lat="45.7984068" lon="126.6136293"><ele>90.78</ele><time>2026-04-22T07:27:44Z</time></trkpt>
    </trkseg>
    <trkseg>
      <trkpt lat="45.7983882" lon="126.6137828"><ele>91.07</ele><time>2026-04-22T07:30:04Z</time></trkpt>
      <trkpt lat="45.7983866" lon="126.6138203"><ele>91.46</ele><time>2026-04-22T07:30:12Z</time></trkpt>
    </trkseg>
    <trkseg>
      <trkpt lat="45.7981495" lon="126.6140250"><ele>90.14</ele><time>2026-04-22T07:52:46Z</time></trkpt>
      <trkpt lat="45.7981443" lon="126.6140745"><ele>90.14</ele><time>2026-04-22T07:52:47Z</time></trkpt>
      <trkpt lat="45.7981437" lon="126.6141265"><ele>90.14</ele><time>2026-04-22T07:52:48Z</time></trkpt>
      <trkpt lat="45.7981665" lon="126.6142544"><ele>90.21</ele><time>2026-04-22T07:52:53Z</time></trkpt>
      <trkpt lat="45.7981547" lon="126.6144794"><ele>90.19</ele><time>2026-04-22T07:52:58Z</time></trkpt>
      <trkpt lat="45.7981692" lon="126.6150861"><ele>90.38</ele><time>2026-04-22T07:53:05Z</time></trkpt>
      <trkpt lat="45.7981614" lon="126.6156749"><ele>90.48</ele><time>2026-04-22T07:53:12Z</time></trkpt>
      <trkpt lat="45.7981599" lon="126.6161407"><ele>90.47</ele><time>2026-04-22T07:53:18Z</time></trkpt>
      <trkpt lat="45.7981349" lon="126.6167766"><ele>90.46</ele><time>2026-04-22T07:53:26Z</time></trkpt>
      <trkpt lat="45.7980899" lon="126.6174203"><ele>90.57</ele><time>2026-04-22T07:53:35Z</time></trkpt>
      <trkpt lat="45.7980214" lon="126.6179366"><ele>90.41</ele><time>2026-04-22T07:53:42Z</time></trkpt>
      <trkpt lat="45.7979618" lon="126.6184251"><ele>90.35</ele><time>2026-04-22T07:53:47Z</time></trkpt>
      <trkpt lat="45.7979365" lon="126.6185011"><ele>90.34</ele><time>2026-04-22T07:53:48Z</time></trkpt>
      <trkpt lat="45.7978950" lon="126.6186681"><ele>90.23</ele><time>2026-04-22T07:53:51Z</time></trkpt>
      <trkpt lat="45.7979030" lon="126.6186995"><ele>90.19</ele><time>2026-04-22T07:53:52Z</time></trkpt>
      <trkpt lat="45.7979190" lon="126.6187089"><ele>90.11</ele><time>2026-04-22T07:53:53Z</time></trkpt>
      <trkpt lat="45.7979344" lon="126.6186998"><ele>90.04</ele><time>2026-04-22T07:53:54Z</time></trkpt>
      <trkpt lat="45.7979460" lon="126.6186878"><ele>89.91</ele><time>2026-04-22T07:53:55Z</time></trkpt>
      <trkpt lat="45.7979465" lon="126.6186912"><ele>89.54</ele><time>2026-04-22T07:54:00Z</time></trkpt>
    </trkseg>
    <trkseg>
      <trkpt lat="45.7979595" lon="126.6185089"><ele>89.57</ele><time>2026-04-22T07:54:05Z</time></trkpt>
      <trkpt lat="45.7980229" lon="126.6178767"><ele>89.92</ele><time>2026-04-22T07:54:12Z</time></trkpt>
      <trkpt lat="45.7980650" lon="126.6175243"><ele>90.2</ele><time>2026-04-22T07:54:17Z</time></trkpt>
      <trkpt lat="45.7980992" lon="126.6171027"><ele>90.14</ele><time>2026-04-22T07:54:25Z</time></trkpt>
      <trkpt lat="45.7981550" lon="126.6165940"><ele>90.33</ele><time>2026-04-22T07:54:33Z</time></trkpt>
      <trkpt lat="45.7981734" lon="126.6161753"><ele>90.28</ele><time>2026-04-22T07:54:39Z</time></trkpt>
      <trkpt lat="45.7982367" lon="126.6155278"><ele>90.26</ele><time>2026-04-22T07:54:45Z</time></trkpt>
      <trkpt lat="45.7982800" lon="126.6149168"><ele>90.23</ele><time>2026-04-22T07:54:51Z</time></trkpt>
      <trkpt lat="45.7983406" lon="126.6142562"><ele>89.88</ele><time>2026-04-22T07:54:58Z</time></trkpt>
      <trkpt lat="45.7983848" lon="126.6138667"><ele>89.78</ele><time>2026-04-22T07:55:04Z</time></trkpt>
      <trkpt lat="45.7984241" lon="126.6135325"><ele>89.41</ele><time>2026-04-22T07:55:12Z</time></trkpt>
      <trkpt lat="45.7984453" lon="126.6132222"><ele>89.28</ele><time>2026-04-22T07:55:18Z</time></trkpt>
      <trkpt lat="45.7984986" lon="126.6127762"><ele>89.47</ele><time>2026-04-22T07:55:22Z</time></trkpt>
      <trkpt lat="45.7985487" lon="126.6123057"><ele>89.95</ele><time>2026-04-22T07:55:26Z</time></trkpt>
      <trkpt lat="45.7985800" lon="126.6121883"><ele>90.01</ele><time>2026-04-22T07:55:27Z</time></trkpt>
      <trkpt lat="45.7988452" lon="126.6115500"><ele>90.3</ele><time>2026-04-22T07:55:33Z</time></trkpt>
      <trkpt lat="45.7989230" lon="126.6114974"><ele>90.33</ele><time>2026-04-22T07:55:34Z</time></trkpt>
      <trkpt lat="45.7990158" lon="126.6114422"><ele>90.38</ele><time>2026-04-22T07:55:35Z</time></trkpt>
      <trkpt lat="45.7994709" lon="126.6112045"><ele>90.87</ele><time>2026-04-22T07:55:39Z</time></trkpt>
      <trkpt lat="45.8001616" lon="126.6109140"><ele>92.47</ele><time>2026-04-22T07:55:45Z</time></trkpt>
      <trkpt lat="45.8009244" lon="126.6104815"><ele>93.16</ele><time>2026-04-22T07:55:52Z</time></trkpt>
      <trkpt lat="45.8016205" lon="126.6102560"><ele>92.99</ele><time>2026-04-22T07:55:58Z</time></trkpt>
      <trkpt lat="45.8024040" lon="126.6101075"><ele>92.6</ele><time>2026-04-22T07:56:05Z</time></trkpt>
      <trkpt lat="45.8032316" lon="126.6099453"><ele>91.99</ele><time>2026-04-22T07:56:13Z</time></trkpt>
      <trkpt lat="45.8040470" lon="126.6097786"><ele>91.73</ele><time>2026-04-22T07:56:20Z</time></trkpt>
      <trkpt lat="45.8051162" lon="126.6095594"><ele>91.77</ele><time>2026-04-22T07:56:29Z</time></trkpt>
      <trkpt lat="45.8056591" lon="126.6094540"><ele>91.48</ele><time>2026-04-22T07:56:34Z</time></trkpt>
      <trkpt lat="45.8057627" lon="126.6094628"><ele>91.45</ele><time>2026-04-22T07:56:35Z</time></trkpt>
      <trkpt lat="45.8058626" lon="126.6094967"><ele>91.41</ele><time>2026-04-22T07:56:36Z</time></trkpt>
      <trkpt lat="45.8059575" lon="126.6095542"><ele>91.36</ele><time>2026-04-22T07:56:37Z</time></trkpt>
      <trkpt lat="45.8060440" lon="126.6096388"><ele>91.34</ele><time>2026-04-22T07:56:38Z</time></trkpt>
      <trkpt lat="45.8061181" lon="126.6097501"><ele>91.31</ele><time>2026-04-22T07:56:39Z</time></trkpt>
      <trkpt lat="45.8061821" lon="126.6098826"><ele>91.29</ele><time>2026-04-22T07:56:40Z</time></trkpt>
      <trkpt lat="45.8062434" lon="126.6100158"><ele>91.28</ele><time>2026-04-22T07:56:41Z</time></trkpt>
      <trkpt lat="45.8064277" lon="126.6104171"><ele>91.43</ele><time>2026-04-22T07:56:45Z</time></trkpt>
      <trkpt lat="45.8064610" lon="126.6105033"><ele>91.63</ele><time>2026-04-22T07:56:48Z</time></trkpt>
      <trkpt lat="45.8064595" lon="126.6105132"><ele>91.7</ele><time>2026-04-22T07:56:53Z</time></trkpt>
    </trkseg>
    <trkseg>
      <trkpt lat="45.8065511" lon="126.6106850"><ele>91.75</ele><time>2026-04-22T07:57:06Z</time></trkpt>
      <trkpt lat="45.8067926" lon="126.6111560"><ele>92.68</ele><time>2026-04-22T07:57:11Z</time></trkpt>
      <trkpt lat="45.8070089" lon="126.6116317"><ele>93.9</ele><time>2026-04-22T07:57:16Z</time></trkpt>
      <trkpt lat="45.8070375" lon="126.6117427"><ele>94.01</ele><time>2026-04-22T07:57:17Z</time></trkpt>
      <trkpt lat="45.8070568" lon="126.6118723"><ele>94.08</ele><time>2026-04-22T07:57:18Z</time></trkpt>
      <trkpt lat="45.8070670" lon="126.6120177"><ele>94.25</ele><time>2026-04-22T07:57:19Z</time></trkpt>
      <trkpt lat="45.8070708" lon="126.6121768"><ele>94.49</ele><time>2026-04-22T07:57:20Z</time></trkpt>
      <trkpt lat="45.8070697" lon="126.6129499"><ele>95.35</ele><time>2026-04-22T07:57:24Z</time></trkpt>
      <trkpt lat="45.8070774" lon="126.6143459"><ele>96.6</ele><time>2026-04-22T07:57:30Z</time></trkpt>
      <trkpt lat="45.8070884" lon="126.6165739"><ele>97.4</ele><time>2026-04-22T07:57:39Z</time></trkpt>
      <trkpt lat="45.8071147" lon="126.6184980"><ele>97.84</ele><time>2026-04-22T07:57:47Z</time></trkpt>
      <trkpt lat="45.8071088" lon="126.6209416"><ele>98.23</ele><time>2026-04-22T07:57:57Z</time></trkpt>
      <trkpt lat="45.8071181" lon="126.6230752"><ele>97.93</ele><time>2026-04-22T07:58:06Z</time></trkpt>
      <trkpt lat="45.8071383" lon="126.6248446"><ele>97.51</ele><time>2026-04-22T07:58:14Z</time></trkpt>
      <trkpt lat="45.8071708" lon="126.6270583"><ele>97.44</ele><time>2026-04-22T07:58:24Z</time></trkpt>
      <trkpt lat="45.8071867" lon="126.6285437"><ele>97.36</ele><time>2026-04-22T07:58:31Z</time></trkpt>
      <trkpt lat="45.8073089" lon="126.6299139"><ele>97.75</ele><time>2026-04-22T07:58:37Z</time></trkpt>
      <trkpt lat="45.8075873" lon="126.6312439"><ele>98.17</ele><time>2026-04-22T07:58:43Z</time></trkpt>
      <trkpt lat="45.8079552" lon="126.6322813"><ele>98.54</ele><time>2026-04-22T07:58:48Z</time></trkpt>
      <trkpt lat="45.8085377" lon="126.6334360"><ele>98.54</ele><time>2026-04-22T07:58:54Z</time></trkpt>
      <trkpt lat="45.8091496" lon="126.6343157"><ele>98.64</ele><time>2026-04-22T07:58:59Z</time></trkpt>
      <trkpt lat="45.8102610" lon="126.6355945"><ele>98.72</ele><time>2026-04-22T07:59:07Z</time></trkpt>
      <trkpt lat="45.8108753" lon="126.6364947"><ele>98.6</ele><time>2026-04-22T07:59:12Z</time></trkpt>
      <trkpt lat="45.8114650" lon="126.6376942"><ele>98.19</ele><time>2026-04-22T07:59:18Z</time></trkpt>
      <trkpt lat="45.8118194" lon="126.6387259"><ele>98.01</ele><time>2026-04-22T07:59:23Z</time></trkpt>
      <trkpt lat="45.8122807" lon="126.6402495"><ele>97.3</ele><time>2026-04-22T07:59:31Z</time></trkpt>
      <trkpt lat="45.8124528" lon="126.6408254"><ele>96.84</ele><time>2026-04-22T07:59:35Z</time></trkpt>
      <trkpt lat="45.8126424" lon="126.6414734"><ele>95.7</ele><time>2026-04-22T07:59:41Z</time></trkpt>
      <trkpt lat="45.8126854" lon="126.6415465"><ele>95.36</ele><time>2026-04-22T07:59:44Z</time></trkpt>
      <trkpt lat="45.8126922" lon="126.6415449"><ele>94.87</ele><time>2026-04-22T07:59:48Z</time></trkpt>
      <trkpt lat="45.8127019" lon="126.6415420"><ele>94.82</ele><time>2026-04-22T07:59:49Z</time></trkpt>
      <trkpt lat="45.8127138" lon="126.6415008"><ele>94.76</ele><time>2026-04-22T07:59:50Z</time></trkpt>
      <trkpt lat="45.8127134" lon="126.6414340"><ele>94.73</ele><time>2026-04-22T07:59:51Z</time></trkpt>
      <trkpt lat="45.8126952" lon="126.6413371"><ele>94.71</ele><time>2026-04-22T07:59:52Z</time></trkpt>
      <trkpt lat="45.8126626" lon="126.6412137"><ele>94.7</ele><time>2026-04-22T07:59:53Z</time></trkpt>
      <trkpt lat="45.8126166" lon="126.6410666"><ele>94.7</ele><time>2026-04-22T07:59:54Z</time></trkpt>
      <trkpt lat="45.8123824" lon="126.6402592"><ele>95.2</ele><time>2026-04-22T07:59:59Z</time></trkpt>
      <trkpt lat="45.8120548" lon="126.6391248"><ele>95.97</ele><time>2026-04-22T08:00:05Z</time></trkpt>
      <trkpt lat="45.8115971" lon="126.6376614"><ele>96.9</ele><time>2026-04-22T08:00:12Z</time></trkpt>
      <trkpt lat="45.8110473" lon="126.6364729"><ele>97.28</ele><time>2026-04-22T08:00:18Z</time></trkpt>
      <trkpt lat="45.8104761" lon="126.6356040"><ele>97.65</ele><time>2026-04-22T08:00:23Z</time></trkpt>
      <trkpt lat="45.8093074" lon="126.6342146"><ele>98.12</ele><time>2026-04-22T08:00:32Z</time></trkpt>
      <trkpt lat="45.8085820" lon="126.6331712"><ele>98.26</ele><time>2026-04-22T08:00:38Z</time></trkpt>
      <trkpt lat="45.8080812" lon="126.6321430"><ele>98.37</ele><time>2026-04-22T08:00:43Z</time></trkpt>
      <trkpt lat="45.8076437" lon="126.6308065"><ele>98.62</ele><time>2026-04-22T08:00:49Z</time></trkpt>
      <trkpt lat="45.8073945" lon="126.6293800"><ele>98.6</ele><time>2026-04-22T08:00:55Z</time></trkpt>
      <trkpt lat="45.8073270" lon="126.6281436"><ele>98.53</ele><time>2026-04-22T08:01:00Z</time></trkpt>
      <trkpt lat="45.8073195" lon="126.6258720"><ele>98.39</ele><time>2026-04-22T08:01:09Z</time></trkpt>
      <trkpt lat="45.8073100" lon="126.6236590"><ele>97.89</ele><time>2026-04-22T08:01:18Z</time></trkpt>
      <trkpt lat="45.8072954" lon="126.6213447"><ele>98.17</ele><time>2026-04-22T08:01:27Z</time></trkpt>
      <trkpt lat="45.8072690" lon="126.6183827"><ele>98.14</ele><time>2026-04-22T08:01:38Z</time></trkpt>
      <trkpt lat="45.8072581" lon="126.6165109"><ele>98.32</ele><time>2026-04-22T08:01:45Z</time></trkpt>
      <trkpt lat="45.8072432" lon="126.6139323"><ele>98.39</ele><time>2026-04-22T08:01:55Z</time></trkpt>
      <trkpt lat="45.8072347" lon="126.6125643"><ele>97.86</ele><time>2026-04-22T08:02:01Z</time></trkpt>
      <trkpt lat="45.8072194" lon="126.6114264"><ele>97.17</ele><time>2026-04-22T08:02:07Z</time></trkpt>
      <trkpt lat="45.8071338" lon="126.6102938"><ele>96.36</ele><time>2026-04-22T08:02:13Z</time></trkpt>
      <trkpt lat="45.8070009" lon="126.6093447"><ele>95.77</ele><time>2026-04-22T08:02:17Z</time></trkpt>
      <trkpt lat="45.8066934" lon="126.6081732"><ele>95.5</ele><time>2026-04-22T08:02:22Z</time></trkpt>
      <trkpt lat="45.8062907" lon="126.6066301"><ele>93.01</ele><time>2026-04-22T08:02:29Z</time></trkpt>
      <trkpt lat="45.8061460" lon="126.6054827"><ele>91.92</ele><time>2026-04-22T08:02:34Z</time></trkpt>
      <trkpt lat="45.8061243" lon="126.6042287"><ele>92.16</ele><time>2026-04-22T08:02:39Z</time></trkpt>
      <trkpt lat="45.8062406" lon="126.6030002"><ele>93.94</ele><time>2026-04-22T08:02:44Z</time></trkpt>
      <trkpt lat="45.8064276" lon="126.6017338"><ele>96.08</ele><time>2026-04-22T08:02:50Z</time></trkpt>
      <trkpt lat="45.8064666" lon="126.6012914"><ele>96.47</ele><time>2026-04-22T08:02:53Z</time></trkpt>
      <trkpt lat="45.8065159" lon="126.6008150"><ele>95.86</ele><time>2026-04-22T08:02:58Z</time></trkpt>
      <trkpt lat="45.8065329" lon="126.6001630"><ele>95.19</ele><time>2026-04-22T08:03:04Z</time></trkpt>
      <trkpt lat="45.8065429" lon="126.6000300"><ele>95.17</ele><time>2026-04-22T08:03:05Z</time></trkpt>
      <trkpt lat="45.8065672" lon="126.5998923"><ele>95.17</ele><time>2026-04-22T08:03:06Z</time></trkpt>
      <trkpt lat="45.8066085" lon="126.5997574"><ele>95.17</ele><time>2026-04-22T08:03:07Z</time></trkpt>
      <trkpt lat="45.8066673" lon="126.5996277"><ele>95.18</ele><time>2026-04-22T08:03:08Z</time></trkpt>
      <trkpt lat="45.8067421" lon="126.5995053"><ele>95.21</ele><time>2026-04-22T08:03:09Z</time></trkpt>
      <trkpt lat="45.8068260" lon="126.5993808"><ele>95.24</ele><time>2026-04-22T08:03:10Z</time></trkpt>
      <trkpt lat="45.8073157" lon="126.5986789"><ele>95.25</ele><time>2026-04-22T08:03:15Z</time></trkpt>
      <trkpt lat="45.8081000" lon="126.5975518"><ele>94.46</ele><time>2026-04-22T08:03:22Z</time></trkpt>
      <trkpt lat="45.8088410" lon="126.5963635"><ele>93.47</ele><time>2026-04-22T08:03:29Z</time></trkpt>
      <trkpt lat="45.8095380" lon="126.5948943"><ele>92.7</ele><time>2026-04-22T08:03:37Z</time></trkpt>
      <trkpt lat="45.8102649" lon="126.5930390"><ele>93.26</ele><time>2026-04-22T08:03:46Z</time></trkpt>
      <trkpt lat="45.8110350" lon="126.5910839"><ele>93.28</ele><time>2026-04-22T08:03:55Z</time></trkpt>
      <trkpt lat="45.8115877" lon="126.5895197"><ele>93.5</ele><time>2026-04-22T08:04:02Z</time></trkpt>
      <trkpt lat="45.8119368" lon="126.5882205"><ele>93.14</ele><time>2026-04-22T08:04:08Z</time></trkpt>
      <trkpt lat="45.8124770" lon="126.5860441"><ele>92.42</ele><time>2026-04-22T08:04:18Z</time></trkpt>
      <trkpt lat="45.8129777" lon="126.5840693"><ele>92.15</ele><time>2026-04-22T08:04:27Z</time></trkpt>
      <trkpt lat="45.8131519" lon="126.5833942"><ele>91.98</ele><time>2026-04-22T08:04:31Z</time></trkpt>
      <trkpt lat="45.8132507" lon="126.5830079"><ele>91.14</ele><time>2026-04-22T08:04:35Z</time></trkpt>
      <trkpt lat="45.8132982" lon="126.5828100"><ele>90.14</ele><time>2026-04-22T08:04:40Z</time></trkpt>
      <trkpt lat="45.8133089" lon="126.5827788"><ele>89.2</ele><time>2026-04-22T08:04:48Z</time></trkpt>
    </trkseg>
    <trkseg>
      <trkpt lat="45.8133402" lon="126.5826673"><ele>89.33</ele><time>2026-04-22T08:04:57Z</time></trkpt>
      <trkpt lat="45.8133526" lon="126.5826173"><ele>89.33</ele><time>2026-04-22T08:04:58Z</time></trkpt>
      <trkpt lat="45.8134541" lon="126.5822129"><ele>89.64</ele><time>2026-04-22T08:05:04Z</time></trkpt>
      <trkpt lat="45.8135836" lon="126.5817075"><ele>90.18</ele><time>2026-04-22T08:05:08Z</time></trkpt>
      <trkpt lat="45.8138306" lon="126.5807198"><ele>91.17</ele><time>2026-04-22T08:05:14Z</time></trkpt>
      <trkpt lat="45.8139963" lon="126.5799666"><ele>91.78</ele><time>2026-04-22T08:05:19Z</time></trkpt>
      <trkpt lat="45.8140781" lon="126.5795904"><ele>91.62</ele><time>2026-04-22T08:05:23Z</time></trkpt>
      <trkpt lat="45.8140947" lon="126.5795096"><ele>91.51</ele><time>2026-04-22T08:05:24Z</time></trkpt>
      <trkpt lat="45.8141103" lon="126.5793863"><ele>91.26</ele><time>2026-04-22T08:05:27Z</time></trkpt>
      <trkpt lat="45.8141163" lon="126.5793764"><ele>90.79</ele><time>2026-04-22T08:05:31Z</time></trkpt>
    </trkseg>
    <trkseg>
      <trkpt lat="45.8141364" lon="126.5791294"><ele>90.79</ele><time>2026-04-22T08:05:35Z</time></trkpt>
      <trkpt lat="45.8141584" lon="126.5786377"><ele>90.95</ele><time>2026-04-22T08:05:39Z</time></trkpt>
      <trkpt lat="45.8141071" lon="126.5776970"><ele>91.54</ele><time>2026-04-22T08:05:45Z</time></trkpt>
      <trkpt lat="45.8140598" lon="126.5765944"><ele>91.63</ele><time>2026-04-22T08:05:51Z</time></trkpt>
      <trkpt lat="45.8139876" lon="126.5751284"><ele>92</ele><time>2026-04-22T08:05:58Z</time></trkpt>
      <trkpt lat="45.8138332" lon="126.5739219"><ele>93.03</ele><time>2026-04-22T08:06:04Z</time></trkpt>
      <trkpt lat="45.8135629" lon="126.5731281"><ele>93.12</ele><time>2026-04-22T08:06:08Z</time></trkpt>
      <trkpt lat="45.8131361" lon="126.5724449"><ele>93.16</ele><time>2026-04-22T08:06:12Z</time></trkpt>
      <trkpt lat="45.8125875" lon="126.5718964"><ele>93.23</ele><time>2026-04-22T08:06:16Z</time></trkpt>
      <trkpt lat="45.8113596" lon="126.5709247"><ele>93.68</ele><time>2026-04-22T08:06:24Z</time></trkpt>
      <trkpt lat="45.8102487" lon="126.5701527"><ele>93.66</ele><time>2026-04-22T08:06:31Z</time></trkpt>
      <trkpt lat="45.8092656" lon="126.5697244"><ele>93.23</ele><time>2026-04-22T08:06:37Z</time></trkpt>
      <trkpt lat="45.8079363" lon="126.5691772"><ele>93.4</ele><time>2026-04-22T08:06:45Z</time></trkpt>
      <trkpt lat="45.8071489" lon="126.5686148"><ele>93.76</ele><time>2026-04-22T08:06:50Z</time></trkpt>
      <trkpt lat="45.8058244" lon="126.5674731"><ele>93.6</ele><time>2026-04-22T08:06:59Z</time></trkpt>
      <trkpt lat="45.8046904" lon="126.5664931"><ele>93.32</ele><time>2026-04-22T08:07:07Z</time></trkpt>
      <trkpt lat="45.8040586" lon="126.5658247"><ele>93.38</ele><time>2026-04-22T08:07:12Z</time></trkpt>
      <trkpt lat="45.8037527" lon="126.5653800"><ele>93.43</ele><time>2026-04-22T08:07:16Z</time></trkpt>
      <trkpt lat="45.8036839" lon="126.5652766"><ele>93.31</ele><time>2026-04-22T08:07:19Z</time></trkpt>
      <trkpt lat="45.8035699" lon="126.5651189"><ele>93.12</ele><time>2026-04-22T08:07:23Z</time></trkpt>
      <trkpt lat="45.8033068" lon="126.5647899"><ele>93.27</ele><time>2026-04-22T08:07:27Z</time></trkpt>
      <trkpt lat="45.8030052" lon="126.5643216"><ele>94.15</ele><time>2026-04-22T08:07:31Z</time></trkpt>
      <trkpt lat="45.8029366" lon="126.5641551"><ele>94.5</ele><time>2026-04-22T08:07:32Z</time></trkpt>
      <trkpt lat="45.8026168" lon="126.5631859"><ele>96.18</ele><time>2026-04-22T08:07:37Z</time></trkpt>
      <trkpt lat="45.8021197" lon="126.5616973"><ele>97.44</ele><time>2026-04-22T08:07:44Z</time></trkpt>
      <trkpt lat="45.8016123" lon="126.5601993"><ele>98.61</ele><time>2026-04-22T08:07:50Z</time></trkpt>
      <trkpt lat="45.8012186" lon="126.5586733"><ele>99.35</ele><time>2026-04-22T08:07:56Z</time></trkpt>
      <trkpt lat="45.8009472" lon="126.5575119"><ele>99.54</ele><time>2026-04-22T08:08:01Z</time></trkpt>
      <trkpt lat="45.8008340" lon="126.5570363"><ele>99.45</ele><time>2026-04-22T08:08:04Z</time></trkpt>
      <trkpt lat="45.8007484" lon="126.5566835"><ele>98.18</ele><time>2026-04-22T08:08:08Z</time></trkpt>
      <trkpt lat="45.8007172" lon="126.5565533"><ele>96.65</ele><time>2026-04-22T08:08:13Z</time></trkpt>
      <trkpt lat="45.8006663" lon="126.5563286"><ele>95.91</ele><time>2026-04-22T08:08:17Z</time></trkpt>
      <trkpt lat="45.8005117" lon="126.5557314"><ele>95.87</ele><time>2026-04-22T08:08:22Z</time></trkpt>
      <trkpt lat="45.8003359" lon="126.5550451"><ele>96.27</ele><time>2026-04-22T08:08:26Z</time></trkpt>
      <trkpt lat="45.8000421" lon="126.5536915"><ele>97.43</ele><time>2026-04-22T08:08:33Z</time></trkpt>
      <trkpt lat="45.7998013" lon="126.5520005"><ele>97.53</ele><time>2026-04-22T08:08:42Z</time></trkpt>
      <trkpt lat="45.7996819" lon="126.5507155"><ele>97.36</ele><time>2026-04-22T08:08:48Z</time></trkpt>
      <trkpt lat="45.7995773" lon="126.5489663"><ele>95.73</ele><time>2026-04-22T08:08:55Z</time></trkpt>
      <trkpt lat="45.7994808" lon="126.5468315"><ele>92.55</ele><time>2026-04-22T08:09:03Z</time></trkpt>
      <trkpt lat="45.7993113" lon="126.5449423"><ele>91.38</ele><time>2026-04-22T08:09:10Z</time></trkpt>
      <trkpt lat="45.7990922" lon="126.5433872"><ele>94.77</ele><time>2026-04-22T08:09:16Z</time></trkpt>
      <trkpt lat="45.7989031" lon="126.5418596"><ele>97.86</ele><time>2026-04-22T08:09:22Z</time></trkpt>
      <trkpt lat="45.7987744" lon="126.5404802"><ele>98.34</ele><time>2026-04-22T08:09:28Z</time></trkpt>
      <trkpt lat="45.7985898" lon="126.5388443"><ele>97.75</ele><time>2026-04-22T08:09:36Z</time></trkpt>
      <trkpt lat="45.7982431" lon="126.5367629"><ele>97.81</ele><time>2026-04-22T08:09:46Z</time></trkpt>
      <trkpt lat="45.7980810" lon="126.5358324"><ele>97.74</ele><time>2026-04-22T08:09:51Z</time></trkpt>
      <trkpt lat="45.7980665" lon="126.5356760"><ele>97.67</ele><time>2026-04-22T08:09:52Z</time></trkpt>
      <trkpt lat="45.7980660" lon="126.5355211"><ele>97.57</ele><time>2026-04-22T08:09:53Z</time></trkpt>
      <trkpt lat="45.7980817" lon="126.5353736"><ele>97.42</ele><time>2026-04-22T08:09:54Z</time></trkpt>
      <trkpt lat="45.7981121" lon="126.5352349"><ele>97.23</ele><time>2026-04-22T08:09:55Z</time></trkpt>
      <trkpt lat="45.7981578" lon="126.5351105"><ele>97.08</ele><time>2026-04-22T08:09:56Z</time></trkpt>
      <trkpt lat="45.7982187" lon="126.5349986"><ele>96.96</ele><time>2026-04-22T08:09:57Z</time></trkpt>
      <trkpt lat="45.7982966" lon="126.5349075"><ele>96.79</ele><time>2026-04-22T08:09:58Z</time></trkpt>
      <trkpt lat="45.7983874" lon="126.5348354"><ele>96.68</ele><time>2026-04-22T08:09:59Z</time></trkpt>
      <trkpt lat="45.7984904" lon="126.5347856"><ele>96.58</ele><time>2026-04-22T08:10:00Z</time></trkpt>
      <trkpt lat="45.7986098" lon="126.5347618"><ele>96.44</ele><time>2026-04-22T08:10:01Z</time></trkpt>
      <trkpt lat="45.7987370" lon="126.5347442"><ele>96.26</ele><time>2026-04-22T08:10:02Z</time></trkpt>
      <trkpt lat="45.7988660" lon="126.5347245"><ele>96.05</ele><time>2026-04-22T08:10:03Z</time></trkpt>
      <trkpt lat="45.7996874" lon="126.5346117"><ele>94.21</ele><time>2026-04-22T08:10:09Z</time></trkpt>
      <trkpt lat="45.8005151" lon="126.5344878"><ele>92.73</ele><time>2026-04-22T08:10:16Z</time></trkpt>
      <trkpt lat="45.8009421" lon="126.5344303"><ele>92.22</ele><time>2026-04-22T08:10:21Z</time></trkpt>
      <trkpt lat="45.8009899" lon="126.5344060"><ele>92.05</ele><time>2026-04-22T08:10:22Z</time></trkpt>
      <trkpt lat="45.8010302" lon="126.5343687"><ele>91.89</ele><time>2026-04-22T08:10:23Z</time></trkpt>
      <trkpt lat="45.8010593" lon="126.5343175"><ele>91.73</ele><time>2026-04-22T08:10:24Z</time></trkpt>
      <trkpt lat="45.8010768" lon="126.5342631"><ele>91.58</ele><time>2026-04-22T08:10:25Z</time></trkpt>
      <trkpt lat="45.8010845" lon="126.5342067"><ele>91.44</ele><time>2026-04-22T08:10:26Z</time></trkpt>
      <trkpt lat="45.8010861" lon="126.5341552"><ele>91.31</ele><time>2026-04-22T08:10:27Z</time></trkpt>
      <trkpt lat="45.8010823" lon="126.5341055"><ele>91.22</ele><time>2026-04-22T08:10:28Z</time></trkpt>
      <trkpt lat="45.8010702" lon="126.5340496"><ele>91.09</ele><time>2026-04-22T08:10:29Z</time></trkpt>
      <trkpt lat="45.8010476" lon="126.5339828"><ele>91</ele><time>2026-04-22T08:10:30Z</time></trkpt>
      <trkpt lat="45.8010110" lon="126.5339005"><ele>90.95</ele><time>2026-04-22T08:10:31Z</time></trkpt>
      <trkpt lat="45.8009663" lon="126.5337989"><ele>90.92</ele><time>2026-04-22T08:10:32Z</time></trkpt>
      <trkpt lat="45.8007616" lon="126.5332130"><ele>91.05</ele><time>2026-04-22T08:10:36Z</time></trkpt>
      <trkpt lat="45.8004509" lon="126.5320725"><ele>92.23</ele><time>2026-04-22T08:10:42Z</time></trkpt>
      <trkpt lat="45.8001579" lon="126.5306588"><ele>92.88</ele><time>2026-04-22T08:10:49Z</time></trkpt>
      <trkpt lat="45.7997600" lon="126.5289160"><ele>93.46</ele><time>2026-04-22T08:10:57Z</time></trkpt>
      <trkpt lat="45.7994461" lon="126.5276530"><ele>93.76</ele><time>2026-04-22T08:11:03Z</time></trkpt>
      <trkpt lat="45.7991824" lon="126.5263328"><ele>93.97</ele><time>2026-04-22T08:11:10Z</time></trkpt>
      <trkpt lat="45.7990589" lon="126.5253750"><ele>92.98</ele><time>2026-04-22T08:11:16Z</time></trkpt>
      <trkpt lat="45.7990334" lon="126.5250782"><ele>92.59</ele><time>2026-04-22T08:11:19Z</time></trkpt>
      <trkpt lat="45.7990090" lon="126.5248843"><ele>91.74</ele><time>2026-04-22T08:11:23Z</time></trkpt>
      <trkpt lat="45.7989823" lon="126.5247061"><ele>91.4</ele><time>2026-04-22T08:11:25Z</time></trkpt>
      <trkpt lat="45.7989512" lon="126.5246120"><ele>91.31</ele><time>2026-04-22T08:11:26Z</time></trkpt>
      <trkpt lat="45.7989025" lon="126.5245369"><ele>91.22</ele><time>2026-04-22T08:11:27Z</time></trkpt>
      <trkpt lat="45.7988421" lon="126.5244840"><ele>91.18</ele><time>2026-04-22T08:11:28Z</time></trkpt>
      <trkpt lat="45.7987758" lon="126.5244543"><ele>91.16</ele><time>2026-04-22T08:11:29Z</time></trkpt>
      <trkpt lat="45.7987049" lon="126.5244488"><ele>91.15</ele><time>2026-04-22T08:11:30Z</time></trkpt>
      <trkpt lat="45.7986243" lon="126.5244680"><ele>91.2</ele><time>2026-04-22T08:11:31Z</time></trkpt>
      <trkpt lat="45.7985333" lon="126.5245043"><ele>91.24</ele><time>2026-04-22T08:11:32Z</time></trkpt>
      <trkpt lat="45.7984360" lon="126.5245556"><ele>91.27</ele><time>2026-04-22T08:11:33Z</time></trkpt>
      <trkpt lat="45.7983299" lon="126.5246156"><ele>91.28</ele><time>2026-04-22T08:11:34Z</time></trkpt>
      <trkpt lat="45.7976352" lon="126.5250431"><ele>91.99</ele><time>2026-04-22T08:11:40Z</time></trkpt>
      <trkpt lat="45.7971400" lon="126.5253150"><ele>92.45</ele><time>2026-04-22T08:11:45Z</time></trkpt>
      <trkpt lat="45.7969281" lon="126.5254395"><ele>91.91</ele><time>2026-04-22T08:11:49Z</time></trkpt>
      <trkpt lat="45.7967719" lon="126.5255252"><ele>91.45</ele><time>2026-04-22T08:11:52Z</time></trkpt>
      <trkpt lat="45.7967171" lon="126.5255346"><ele>91.4</ele><time>2026-04-22T08:11:53Z</time></trkpt>
      <trkpt lat="45.7966603" lon="126.5255224"><ele>91.38</ele><time>2026-04-22T08:11:54Z</time></trkpt>
      <trkpt lat="45.7966072" lon="126.5254838"><ele>91.38</ele><time>2026-04-22T08:11:55Z</time></trkpt>
      <trkpt lat="45.7965586" lon="126.5254145"><ele>91.45</ele><time>2026-04-22T08:11:56Z</time></trkpt>
      <trkpt lat="45.7965153" lon="126.5253140"><ele>91.59</ele><time>2026-04-22T08:11:57Z</time></trkpt>
      <trkpt lat="45.7964799" lon="126.5251880"><ele>91.7</ele><time>2026-04-22T08:11:58Z</time></trkpt>
      <trkpt lat="45.7964520" lon="126.5250549"><ele>91.86</ele><time>2026-04-22T08:11:59Z</time></trkpt>
      <trkpt lat="45.7964245" lon="126.5249133"><ele>92.09</ele><time>2026-04-22T08:12:00Z</time></trkpt>
      <trkpt lat="45.7962303" lon="126.5241800"><ele>93.39</ele><time>2026-04-22T08:12:05Z</time></trkpt>
      <trkpt lat="45.7959815" lon="126.5232060"><ele>93.9</ele><time>2026-04-22T08:12:11Z</time></trkpt>
      <trkpt lat="45.7956655" lon="126.5220530"><ele>93.95</ele><time>2026-04-22T08:12:18Z</time></trkpt>
      <trkpt lat="45.7953476" lon="126.5208518"><ele>94.13</ele><time>2026-04-22T08:12:25Z</time></trkpt>
      <trkpt lat="45.7951208" lon="126.5200291"><ele>94.16</ele><time>2026-04-22T08:12:30Z</time></trkpt>
      <trkpt lat="45.7949805" lon="126.5195505"><ele>94.07</ele><time>2026-04-22T08:12:34Z</time></trkpt>
      <trkpt lat="45.7949218" lon="126.5193278"><ele>93.16</ele><time>2026-04-22T08:12:38Z</time></trkpt>
      <trkpt lat="45.7949214" lon="126.5193112"><ele>91.97</ele><time>2026-04-22T08:12:43Z</time></trkpt>
    </trkseg>
    <trkseg>
      <trkpt lat="45.7948514" lon="126.5191046"><ele>91.86</ele><time>2026-04-22T08:13:36Z</time></trkpt>
      <trkpt lat="45.7947615" lon="126.5187833"><ele>91.89</ele><time>2026-04-22T08:13:40Z</time></trkpt>
      <trkpt lat="45.7947492" lon="126.5187018"><ele>91.95</ele><time>2026-04-22T08:13:41Z</time></trkpt>
      <trkpt lat="45.7947424" lon="126.5186138"><ele>91.99</ele><time>2026-04-22T08:13:42Z</time></trkpt>
      <trkpt lat="45.7947370" lon="126.5185222"><ele>92</ele><time>2026-04-22T08:13:43Z</time></trkpt>
      <trkpt lat="45.7947338" lon="126.5184270"><ele>92</ele><time>2026-04-22T08:13:44Z</time></trkpt>
      <trkpt lat="45.7947585" lon="126.5178566"><ele>91.79</ele><time>2026-04-22T08:13:51Z</time></trkpt>
      <trkpt lat="45.7947800" lon="126.5178043"><ele>91.76</ele><time>2026-04-22T08:13:52Z</time></trkpt>
      <trkpt lat="45.7948093" lon="126.5177635"><ele>91.71</ele><time>2026-04-22T08:13:53Z</time></trkpt>
      <trkpt lat="45.7948560" lon="126.5177230"><ele>91.68</ele><time>2026-04-22T08:13:54Z</time></trkpt>
      <trkpt lat="45.7949182" lon="126.5176841"><ele>91.58</ele><time>2026-04-22T08:13:55Z</time></trkpt>
      <trkpt lat="45.7949877" lon="126.5176322"><ele>91.52</ele><time>2026-04-22T08:13:56Z</time></trkpt>
      <trkpt lat="45.7955112" lon="126.5172770"><ele>91.4</ele><time>2026-04-22T08:14:02Z</time></trkpt>
      <trkpt lat="45.7963436" lon="126.5167087"><ele>91.27</ele><time>2026-04-22T08:14:11Z</time></trkpt>
      <trkpt lat="45.7971752" lon="126.5162072"><ele>90.69</ele><time>2026-04-22T08:14:19Z</time></trkpt>
      <trkpt lat="45.7979547" lon="126.5157400"><ele>90.27</ele><time>2026-04-22T08:14:26Z</time></trkpt>
      <trkpt lat="45.7991343" lon="126.5150058"><ele>90.76</ele><time>2026-04-22T08:14:36Z</time></trkpt>
      <trkpt lat="45.8001257" lon="126.5144372"><ele>91.7</ele><time>2026-04-22T08:14:44Z</time></trkpt>
      <trkpt lat="45.8006174" lon="126.5141347"><ele>91.81</ele><time>2026-04-22T08:14:49Z</time></trkpt>
      <trkpt lat="45.8010696" lon="126.5138072"><ele>91.63</ele><time>2026-04-22T08:14:55Z</time></trkpt>
      <trkpt lat="45.8011429" lon="126.5137532"><ele>91.51</ele><time>2026-04-22T08:14:58Z</time></trkpt>
      <trkpt lat="45.8011984" lon="126.5137249"><ele>91.05</ele><time>2026-04-22T08:15:02Z</time></trkpt>
      <trkpt lat="45.8012141" lon="126.5137310"><ele>90.93</ele><time>2026-04-22T08:15:03Z</time></trkpt>
      <trkpt lat="45.8012296" lon="126.5137610"><ele>90.77</ele><time>2026-04-22T08:15:05Z</time></trkpt>
      <trkpt lat="45.8012299" lon="126.5137866"><ele>90.71</ele><time>2026-04-22T08:15:06Z</time></trkpt>
      <trkpt lat="45.8012219" lon="126.5138160"><ele>90.67</ele><time>2026-04-22T08:15:07Z</time></trkpt>
      <trkpt lat="45.8011999" lon="126.5138504"><ele>90.64</ele><time>2026-04-22T08:15:08Z</time></trkpt>
      <trkpt lat="45.8011577" lon="126.5138970"><ele>90.62</ele><time>2026-04-22T08:15:09Z</time></trkpt>
      <trkpt lat="45.8010929" lon="126.5139527"><ele>90.62</ele><time>2026-04-22T08:15:10Z</time></trkpt>
      <trkpt lat="45.8010089" lon="126.5140145"><ele>90.61</ele><time>2026-04-22T08:15:11Z</time></trkpt>
      <trkpt lat="45.8006713" lon="126.5142698"><ele>90.68</ele><time>2026-04-22T08:15:14Z</time></trkpt>
      <trkpt lat="45.7999632" lon="126.5146937"><ele>91.24</ele><time>2026-04-22T08:15:19Z</time></trkpt>
      <trkpt lat="45.7988426" lon="126.5154205"><ele>92.22</ele><time>2026-04-22T08:15:27Z</time></trkpt>
      <trkpt lat="45.7979062" lon="126.5160358"><ele>92.44</ele><time>2026-04-22T08:15:34Z</time></trkpt>
      <trkpt lat="45.7966712" lon="126.5168066"><ele>94.31</ele><time>2026-04-22T08:15:43Z</time></trkpt>
      <trkpt lat="45.7954543" lon="126.5175614"><ele>97.9</ele><time>2026-04-22T08:15:51Z</time></trkpt>
      <trkpt lat="45.7944901" lon="126.5181401"><ele>101.18</ele><time>2026-04-22T08:15:57Z</time></trkpt>
      <trkpt lat="45.7934988" lon="126.5185511"><ele>104.16</ele><time>2026-04-22T08:16:03Z</time></trkpt>
      <trkpt lat="45.7924028" lon="126.5188016"><ele>107.03</ele><time>2026-04-22T08:16:09Z</time></trkpt>
      <trkpt lat="45.7908762" lon="126.5189729"><ele>109.53</ele><time>2026-04-22T08:16:17Z</time></trkpt>
      <trkpt lat="45.7897260" lon="126.5190880"><ele>109.88</ele><time>2026-04-22T08:16:24Z</time></trkpt>
      <trkpt lat="45.7885468" lon="126.5192395"><ele>110.12</ele><time>2026-04-22T08:16:31Z</time></trkpt>
      <trkpt lat="45.7869020" lon="126.5194060"><ele>112.29</ele><time>2026-04-22T08:16:40Z</time></trkpt>
      <trkpt lat="45.7855043" lon="126.5195313"><ele>112.6</ele><time>2026-04-22T08:16:48Z</time></trkpt>
      <trkpt lat="45.7842656" lon="126.5196660"><ele>113.19</ele><time>2026-04-22T08:16:56Z</time></trkpt>
      <trkpt lat="45.7829856" lon="126.5198038"><ele>115.07</ele><time>2026-04-22T08:17:05Z</time></trkpt>
      <trkpt lat="45.7818235" lon="126.5199350"><ele>117.52</ele><time>2026-04-22T08:17:13Z</time></trkpt>
      <trkpt lat="45.7814063" lon="126.5199790"><ele>119.04</ele><time>2026-04-22T08:17:16Z</time></trkpt>
      <trkpt lat="45.7805209" lon="126.5200771"><ele>119.46</ele><time>2026-04-22T08:17:22Z</time></trkpt>
      <trkpt lat="45.7794854" lon="126.5201990"><ele>118.56</ele><time>2026-04-22T08:17:29Z</time></trkpt>
      <trkpt lat="45.7786058" lon="126.5202734"><ele>117.35</ele><time>2026-04-22T08:17:34Z</time></trkpt>
      <trkpt lat="45.7774499" lon="126.5202652"><ele>117.82</ele><time>2026-04-22T08:17:40Z</time></trkpt>
      <trkpt lat="45.7759072" lon="126.5201022"><ele>119.9</ele><time>2026-04-22T08:17:48Z</time></trkpt>
      <trkpt lat="45.7745434" lon="126.5198411"><ele>120.65</ele><time>2026-04-22T08:17:55Z</time></trkpt>
      <trkpt lat="45.7725877" lon="126.5194255"><ele>121.21</ele><time>2026-04-22T08:18:05Z</time></trkpt>
      <trkpt lat="45.7709996" lon="126.5190827"><ele>122.35</ele><time>2026-04-22T08:18:13Z</time></trkpt>
      <trkpt lat="45.7693115" lon="126.5187186"><ele>123.28</ele><time>2026-04-22T08:18:21Z</time></trkpt>
      <trkpt lat="45.7678421" lon="126.5184290"><ele>122.83</ele><time>2026-04-22T08:18:28Z</time></trkpt>
      <trkpt lat="45.7662682" lon="126.5182534"><ele>121.99</ele><time>2026-04-22T08:18:36Z</time></trkpt>
      <trkpt lat="45.7651060" lon="126.5182203"><ele>124.85</ele><time>2026-04-22T08:18:42Z</time></trkpt>
      <trkpt lat="45.7635533" lon="126.5183214"><ele>123.51</ele><time>2026-04-22T08:18:50Z</time></trkpt>
      <trkpt lat="45.7622445" lon="126.5185228"><ele>121.45</ele><time>2026-04-22T08:18:57Z</time></trkpt>
      <trkpt lat="45.7613216" lon="126.5186843"><ele>118.39</ele><time>2026-04-22T08:19:02Z</time></trkpt>
      <trkpt lat="45.7596742" lon="126.5189797"><ele>116.15</ele><time>2026-04-22T08:19:11Z</time></trkpt>
      <trkpt lat="45.7582627" lon="126.5192268"><ele>115.44</ele><time>2026-04-22T08:19:18Z</time></trkpt>
      <trkpt lat="45.7564414" lon="126.5194831"><ele>114.54</ele><time>2026-04-22T08:19:27Z</time></trkpt>
      <trkpt lat="45.7545819" lon="126.5195974"><ele>113.64</ele><time>2026-04-22T08:19:36Z</time></trkpt>
      <trkpt lat="45.7525121" lon="126.5196026"><ele>112.96</ele><time>2026-04-22T08:19:46Z</time></trkpt>
      <trkpt lat="45.7505411" lon="126.5195983"><ele>112.17</ele><time>2026-04-22T08:19:55Z</time></trkpt>
      <trkpt lat="45.7487459" lon="126.5196148"><ele>111.47</ele><time>2026-04-22T08:20:03Z</time></trkpt>
      <trkpt lat="45.7467847" lon="126.5196211"><ele>109.88</ele><time>2026-04-22T08:20:12Z</time></trkpt>
      <trkpt lat="45.7450562" lon="126.5195707"><ele>108.99</ele><time>2026-04-22T08:20:20Z</time></trkpt>
      <trkpt lat="45.7436355" lon="126.5195534"><ele>107.47</ele><time>2026-04-22T08:20:27Z</time></trkpt>
      <trkpt lat="45.7418864" lon="126.5195350"><ele>105.15</ele><time>2026-04-22T08:20:36Z</time></trkpt>
      <trkpt lat="45.7401391" lon="126.5195096"><ele>103.08</ele><time>2026-04-22T08:20:45Z</time></trkpt>
      <trkpt lat="45.7386492" lon="126.5194582"><ele>101.21</ele><time>2026-04-22T08:20:53Z</time></trkpt>
      <trkpt lat="45.7372347" lon="126.5194519"><ele>101.06</ele><time>2026-04-22T08:21:01Z</time></trkpt>
      <trkpt lat="45.7357253" lon="126.5193731"><ele>101.26</ele><time>2026-04-22T08:21:10Z</time></trkpt>
      <trkpt lat="45.7344605" lon="126.5193141"><ele>100.61</ele><time>2026-04-22T08:21:18Z</time></trkpt>
      <trkpt lat="45.7331966" lon="126.5193064"><ele>100.13</ele><time>2026-04-22T08:21:26Z</time></trkpt>
      <trkpt lat="45.7317588" lon="126.5193003"><ele>96.64</ele><time>2026-04-22T08:21:35Z</time></trkpt>
      <trkpt lat="45.7308725" lon="126.5192853"><ele>93.07</ele><time>2026-04-22T08:21:41Z</time></trkpt>
      <trkpt lat="45.7300904" lon="126.5191452"><ele>90.97</ele><time>2026-04-22T08:21:47Z</time></trkpt>
      <trkpt lat="45.7295551" lon="126.5188308"><ele>90.49</ele><time>2026-04-22T08:21:52Z</time></trkpt>
      <trkpt lat="45.7289667" lon="126.5183804"><ele>90.52</ele><time>2026-04-22T08:21:58Z</time></trkpt>
      <trkpt lat="45.7288629" lon="126.5183464"><ele>90.56</ele><time>2026-04-22T08:21:59Z</time></trkpt>
      <trkpt lat="45.7287599" lon="126.5183358"><ele>90.58</ele><time>2026-04-22T08:22:00Z</time></trkpt>
      <trkpt lat="45.7286620" lon="126.5183433"><ele>90.6</ele><time>2026-04-22T08:22:01Z</time></trkpt>
      <trkpt lat="45.7285656" lon="126.5183649"><ele>90.61</ele><time>2026-04-22T08:22:02Z</time></trkpt>
      <trkpt lat="45.7284736" lon="126.5183993"><ele>90.61</ele><time>2026-04-22T08:22:03Z</time></trkpt>
      <trkpt lat="45.7283834" lon="126.5184483"><ele>90.61</ele><time>2026-04-22T08:22:04Z</time></trkpt>
      <trkpt lat="45.7282950" lon="126.5185161"><ele>90.61</ele><time>2026-04-22T08:22:05Z</time></trkpt>
      <trkpt lat="45.7282140" lon="126.5185988"><ele>90.61</ele><time>2026-04-22T08:22:06Z</time></trkpt>
      <trkpt lat="45.7281410" lon="126.5186946"><ele>90.61</ele><time>2026-04-22T08:22:07Z</time></trkpt>
      <trkpt lat="45.7280753" lon="126.5187987"><ele>90.61</ele><time>2026-04-22T08:22:08Z</time></trkpt>
      <trkpt lat="45.7280187" lon="126.5189144"><ele>90.62</ele><time>2026-04-22T08:22:09Z</time></trkpt>
      <trkpt lat="45.7279707" lon="126.5190403"><ele>90.65</ele><time>2026-04-22T08:22:10Z</time></trkpt>
      <trkpt lat="45.7279348" lon="126.5191779"><ele>90.73</ele><time>2026-04-22T08:22:11Z</time></trkpt>
      <trkpt lat="45.7279088" lon="126.5193198"><ele>90.77</ele><time>2026-04-22T08:22:12Z</time></trkpt>
      <trkpt lat="45.7278918" lon="126.5194598"><ele>90.79</ele><time>2026-04-22T08:22:13Z</time></trkpt>
      <trkpt lat="45.7278840" lon="126.5196002"><ele>90.8</ele><time>2026-04-22T08:22:14Z</time></trkpt>
      <trkpt lat="45.7278955" lon="126.5197500"><ele>90.8</ele><time>2026-04-22T08:22:15Z</time></trkpt>
      <trkpt lat="45.7279240" lon="126.5199010"><ele>90.8</ele><time>2026-04-22T08:22:16Z</time></trkpt>
      <trkpt lat="45.7279659" lon="126.5200561"><ele>90.79</ele><time>2026-04-22T08:22:17Z</time></trkpt>
      <trkpt lat="45.7280201" lon="126.5201945"><ele>90.76</ele><time>2026-04-22T08:22:18Z</time></trkpt>
      <trkpt lat="45.7280871" lon="126.5203142"><ele>90.75</ele><time>2026-04-22T08:22:19Z</time></trkpt>
      <trkpt lat="45.7281589" lon="126.5204248"><ele>90.73</ele><time>2026-04-22T08:22:20Z</time></trkpt>
      <trkpt lat="45.7282372" lon="126.5205155"><ele>90.69</ele><time>2026-04-22T08:22:21Z</time></trkpt>
      <trkpt lat="45.7283218" lon="126.5205939"><ele>90.63</ele><time>2026-04-22T08:22:22Z</time></trkpt>
      <trkpt lat="45.7284175" lon="126.5206673"><ele>90.53</ele><time>2026-04-22T08:22:23Z</time></trkpt>
      <trkpt lat="45.7285259" lon="126.5207352"><ele>90.43</ele><time>2026-04-22T08:22:24Z</time></trkpt>
      <trkpt lat="45.7286434" lon="126.5207809"><ele>90.36</ele><time>2026-04-22T08:22:25Z</time></trkpt>
      <trkpt lat="45.7287604" lon="126.5208055"><ele>90.26</ele><time>2026-04-22T08:22:26Z</time></trkpt>
      <trkpt lat="45.7288781" lon="126.5208015"><ele>90.17</ele><time>2026-04-22T08:22:27Z</time></trkpt>
      <trkpt lat="45.7289894" lon="126.5207657"><ele>90.12</ele><time>2026-04-22T08:22:28Z</time></trkpt>
      <trkpt lat="45.7290978" lon="126.5207150"><ele>90.08</ele><time>2026-04-22T08:22:29Z</time></trkpt>
      <trkpt lat="45.7292020" lon="126.5206476"><ele>90.06</ele><time>2026-04-22T08:22:30Z</time></trkpt>
      <trkpt lat="45.7293014" lon="126.5205667"><ele>90.05</ele><time>2026-04-22T08:22:31Z</time></trkpt>
      <trkpt lat="45.7293971" lon="126.5204762"><ele>90.05</ele><time>2026-04-22T08:22:32Z</time></trkpt>
      <trkpt lat="45.7297929" lon="126.5201066"><ele>90.06</ele><time>2026-04-22T08:22:36Z</time></trkpt>
      <trkpt lat="45.7299062" lon="126.5200417"><ele>90.1</ele><time>2026-04-22T08:22:37Z</time></trkpt>
      <trkpt lat="45.7300280" lon="126.5199981"><ele>90.11</ele><time>2026-04-22T08:22:38Z</time></trkpt>
      <trkpt lat="45.7301554" lon="126.5199732"><ele>90.13</ele><time>2026-04-22T08:22:39Z</time></trkpt>
      <trkpt lat="45.7302879" lon="126.5199644"><ele>90.14</ele><time>2026-04-22T08:22:40Z</time></trkpt>
      <trkpt lat="45.7304255" lon="126.5199627"><ele>90.16</ele><time>2026-04-22T08:22:41Z</time></trkpt>
      <trkpt lat="45.7315999" lon="126.5199855"><ele>90.88</ele><time>2026-04-22T08:22:49Z</time></trkpt>
      <trkpt lat="45.7324119" lon="126.5200025"><ele>90.84</ele><time>2026-04-22T08:22:55Z</time></trkpt>
      <trkpt lat="45.7328109" lon="126.5200036"><ele>90.41</ele><time>2026-04-22T08:22:59Z</time></trkpt>
      <trkpt lat="45.7330299" lon="126.5199985"><ele>89.79</ele><time>2026-04-22T08:23:03Z</time></trkpt>
      <trkpt lat="45.7331223" lon="126.5199975"><ele>89.12</ele><time>2026-04-22T08:23:08Z</time></trkpt>
      <trkpt lat="45.7331201" lon="126.5200007"><ele>88.88</ele><time>2026-04-22T08:23:11Z</time></trkpt>
    </trkseg>
    <trkseg>
      <trkpt lat="45.7332319" lon="126.5200215"><ele>88.94</ele><time>2026-04-22T08:23:34Z</time></trkpt>
      <trkpt lat="45.7333026" lon="126.5200220"><ele>88.94</ele><time>2026-04-22T08:23:35Z</time></trkpt>
      <trkpt lat="45.7337252" lon="126.5200173"><ele>89.26</ele><time>2026-04-22T08:23:40Z</time></trkpt>
      <trkpt lat="45.7343338" lon="126.5199766"><ele>90.12</ele><time>2026-04-22T08:23:46Z</time></trkpt>
      <trkpt lat="45.7350332" lon="126.5199692"><ele>90.51</ele><time>2026-04-22T08:23:51Z</time></trkpt>
      <trkpt lat="45.7361467" lon="126.5200008"><ele>91.13</ele><time>2026-04-22T08:23:58Z</time></trkpt>
      <trkpt lat="45.7372476" lon="126.5199959"><ele>91.17</ele><time>2026-04-22T08:24:05Z</time></trkpt>
      <trkpt lat="45.7386523" lon="126.5199861"><ele>91.05</ele><time>2026-04-22T08:24:14Z</time></trkpt>
      <trkpt lat="45.7393642" lon="126.5199456"><ele>91.3</ele><time>2026-04-22T08:24:19Z</time></trkpt>
      <trkpt lat="45.7399714" lon="126.5198894"><ele>91.41</ele><time>2026-04-22T08:24:24Z</time></trkpt>
      <trkpt lat="45.7409161" lon="126.5198929"><ele>91.05</ele><time>2026-04-22T08:24:31Z</time></trkpt>
      <trkpt lat="45.7419728" lon="126.5199042"><ele>91.44</ele><time>2026-04-22T08:24:38Z</time></trkpt>
      <trkpt lat="45.7427245" lon="126.5198985"><ele>91.88</ele><time>2026-04-22T08:24:44Z</time></trkpt>
      <trkpt lat="45.7430268" lon="126.5198515"><ele>91.7</ele><time>2026-04-22T08:24:48Z</time></trkpt>
      <trkpt lat="45.7430693" lon="126.5198616"><ele>91.21</ele><time>2026-04-22T08:24:51Z</time></trkpt>
      <trkpt lat="45.7430545" lon="126.5198670"><ele>90.56</ele><time>2026-04-22T08:24:55Z</time></trkpt>
    </trkseg>
    <trkseg>
      <trkpt lat="45.7432016" lon="126.5199254"><ele>90.41</ele><time>2026-04-22T08:25:30Z</time></trkpt>
      <trkpt lat="45.7432855" lon="126.5199561"><ele>90.45</ele><time>2026-04-22T08:25:31Z</time></trkpt>
      <trkpt lat="45.7435559" lon="126.5200660"><ele>90.79</ele><time>2026-04-22T08:25:34Z</time></trkpt>
      <trkpt lat="45.7436518" lon="126.5200885"><ele>91.02</ele><time>2026-04-22T08:25:35Z</time></trkpt>
      <trkpt lat="45.7437580" lon="126.5200981"><ele>91.19</ele><time>2026-04-22T08:25:36Z</time></trkpt>
      <trkpt lat="45.7438678" lon="126.5200939"><ele>91.31</ele><time>2026-04-22T08:25:37Z</time></trkpt>
      <trkpt lat="45.7439780" lon="126.5200831"><ele>91.46</ele><time>2026-04-22T08:25:38Z</time></trkpt>
      <trkpt lat="45.7443210" lon="126.5200348"><ele>92.44</ele><time>2026-04-22T08:25:42Z</time></trkpt>
      <trkpt lat="45.7444059" lon="126.5199975"><ele>92.93</ele><time>2026-04-22T08:25:44Z</time></trkpt>
      <trkpt lat="45.7444273" lon="126.5199614"><ele>93.13</ele><time>2026-04-22T08:25:45Z</time></trkpt>
      <trkpt lat="45.7444413" lon="126.5199196"><ele>93.28</ele><time>2026-04-22T08:25:46Z</time></trkpt>
      <trkpt lat="45.7444491" lon="126.5198721"><ele>93.42</ele><time>2026-04-22T08:25:47Z</time></trkpt>
      <trkpt lat="45.7444571" lon="126.5198147"><ele>93.6</ele><time>2026-04-22T08:25:48Z</time></trkpt>
      <trkpt lat="45.7444619" lon="126.5197446"><ele>93.7</ele><time>2026-04-22T08:25:49Z</time></trkpt>
      <trkpt lat="45.7444638" lon="126.5196566"><ele>93.85</ele><time>2026-04-22T08:25:50Z</time></trkpt>
      <trkpt lat="45.7444536" lon="126.5195681"><ele>94.05</ele><time>2026-04-22T08:25:51Z</time></trkpt>
      <trkpt lat="45.7444359" lon="126.5194641"><ele>94.23</ele><time>2026-04-22T08:25:52Z</time></trkpt>
      <trkpt lat="45.7444184" lon="126.5193619"><ele>94.4</ele><time>2026-04-22T08:25:53Z</time></trkpt>
      <trkpt lat="45.7443117" lon="126.5187548"><ele>94.97</ele><time>2026-04-22T08:25:58Z</time></trkpt>
      <trkpt lat="45.7441647" lon="126.5177799"><ele>95.7</ele><time>2026-04-22T08:26:04Z</time></trkpt>
      <trkpt lat="45.7439646" lon="126.5164553"><ele>96.75</ele><time>2026-04-22T08:26:11Z</time></trkpt>
      <trkpt lat="45.7437200" lon="126.5147970"><ele>97.59</ele><time>2026-04-22T08:26:19Z</time></trkpt>
      <trkpt lat="45.7433900" lon="126.5125107"><ele>98.14</ele><time>2026-04-22T08:26:30Z</time></trkpt>
      <trkpt lat="45.7431646" lon="126.5109786"><ele>98.35</ele><time>2026-04-22T08:26:37Z</time></trkpt>
      <trkpt lat="45.7428751" lon="126.5090208"><ele>98.61</ele><time>2026-04-22T08:26:46Z</time></trkpt>
      <trkpt lat="45.7425557" lon="126.5068468"><ele>98.63</ele><time>2026-04-22T08:26:56Z</time></trkpt>
      <trkpt lat="45.7421820" lon="126.5043143"><ele>99.02</ele><time>2026-04-22T08:27:07Z</time></trkpt>
      <trkpt lat="45.7417311" lon="126.5012440"><ele>99.37</ele><time>2026-04-22T08:27:20Z</time></trkpt>
      <trkpt lat="45.7414747" lon="126.4995030"><ele>99.01</ele><time>2026-04-22T08:27:28Z</time></trkpt>
      <trkpt lat="45.7413813" lon="126.4987954"><ele>98.57</ele><time>2026-04-22T08:27:32Z</time></trkpt>
      <trkpt lat="45.7413789" lon="126.4986451"><ele>98.42</ele><time>2026-04-22T08:27:33Z</time></trkpt>
      <trkpt lat="45.7413844" lon="126.4985010"><ele>98.21</ele><time>2026-04-22T08:27:34Z</time></trkpt>
      <trkpt lat="45.7414132" lon="126.4982240"><ele>97.67</ele><time>2026-04-22T08:27:36Z</time></trkpt>
      <trkpt lat="45.7414378" lon="126.4980903"><ele>97.47</ele><time>2026-04-22T08:27:37Z</time></trkpt>
      <trkpt lat="45.7415777" lon="126.4973071"><ele>96.91</ele><time>2026-04-22T08:27:43Z</time></trkpt>
      <trkpt lat="45.7415777" lon="126.4971616"><ele>96.89</ele><time>2026-04-22T08:27:44Z</time></trkpt>
      <trkpt lat="45.7415637" lon="126.4970093"><ele>96.88</ele><time>2026-04-22T08:27:45Z</time></trkpt>
      <trkpt lat="45.7415414" lon="126.4968509"><ele>96.89</ele><time>2026-04-22T08:27:46Z</time></trkpt>
      <trkpt lat="45.7415127" lon="126.4966882"><ele>96.99</ele><time>2026-04-22T08:27:47Z</time></trkpt>
      <trkpt lat="45.7413037" lon="126.4956204"><ele>97.78</ele><time>2026-04-22T08:27:53Z</time></trkpt>
      <trkpt lat="45.7411031" lon="126.4942960"><ele>98.79</ele><time>2026-04-22T08:28:00Z</time></trkpt>
      <trkpt lat="45.7410612" lon="126.4931455"><ele>99.04</ele><time>2026-04-22T08:28:06Z</time></trkpt>
      <trkpt lat="45.7411286" lon="126.4918596"><ele>99.3</ele><time>2026-04-22T08:28:13Z</time></trkpt>
      <trkpt lat="45.7411207" lon="126.4917014"><ele>99.3</ele><time>2026-04-22T08:28:14Z</time></trkpt>
      <trkpt lat="45.7410998" lon="126.4915532"><ele>99.31</ele><time>2026-04-22T08:28:15Z</time></trkpt>
      <trkpt lat="45.7410589" lon="126.4914184"><ele>99.3</ele><time>2026-04-22T08:28:16Z</time></trkpt>
      <trkpt lat="45.7410045" lon="126.4913002"><ele>99.22</ele><time>2026-04-22T08:28:17Z</time></trkpt>
      <trkpt lat="45.7409296" lon="126.4912133"><ele>99.08</ele><time>2026-04-22T08:28:18Z</time></trkpt>
      <trkpt lat="45.7408312" lon="126.4911547"><ele>98.95</ele><time>2026-04-22T08:28:19Z</time></trkpt>
      <trkpt lat="45.7407222" lon="126.4911007"><ele>98.74</ele><time>2026-04-22T08:28:20Z</time></trkpt>
      <trkpt lat="45.7406110" lon="126.4910351"><ele>98.52</ele><time>2026-04-22T08:28:21Z</time></trkpt>
      <trkpt lat="45.7397891" lon="126.4905284"><ele>97.87</ele><time>2026-04-22T08:28:28Z</time></trkpt>
      <trkpt lat="45.7392750" lon="126.4902751"><ele>97.52</ele><time>2026-04-22T08:28:33Z</time></trkpt>
      <trkpt lat="45.7390636" lon="126.4901971"><ele>97.1</ele><time>2026-04-22T08:28:36Z</time></trkpt>
      <trkpt lat="45.7390103" lon="126.4901572"><ele>96.94</ele><time>2026-04-22T08:28:37Z</time></trkpt>
      <trkpt lat="45.7389637" lon="126.4901016"><ele>96.79</ele><time>2026-04-22T08:28:38Z</time></trkpt>
      <trkpt lat="45.7389256" lon="126.4900390"><ele>96.66</ele><time>2026-04-22T08:28:39Z</time></trkpt>
      <trkpt lat="45.7388938" lon="126.4899802"><ele>96.51</ele><time>2026-04-22T08:28:40Z</time></trkpt>
      <trkpt lat="45.7388031" lon="126.4898270"><ele>96.19</ele><time>2026-04-22T08:28:44Z</time></trkpt>
      <trkpt lat="45.7387750" lon="126.4897810"><ele>96.14</ele><time>2026-04-22T08:28:45Z</time></trkpt>
      <trkpt lat="45.7387457" lon="126.4897136"><ele>96.07</ele><time>2026-04-22T08:28:46Z</time></trkpt>
      <trkpt lat="45.7386711" lon="126.4895247"><ele>96.03</ele><time>2026-04-22T08:28:48Z</time></trkpt>
      <trkpt lat="45.7383846" lon="126.4889361"><ele>96.65</ele><time>2026-04-22T08:28:53Z</time></trkpt>
      <trkpt lat="45.7378699" lon="126.4878577"><ele>97.35</ele><time>2026-04-22T08:29:02Z</time></trkpt>
      <trkpt lat="45.7373847" lon="126.4868504"><ele>97.44</ele><time>2026-04-22T08:29:10Z</time></trkpt>
      <trkpt lat="45.7368770" lon="126.4857850"><ele>97.74</ele><time>2026-04-22T08:29:17Z</time></trkpt>
      <trkpt lat="45.7364095" lon="126.4846219"><ele>98.57</ele><time>2026-04-22T08:29:24Z</time></trkpt>
      <trkpt lat="45.7362306" lon="126.4837401"><ele>98.83</ele><time>2026-04-22T08:29:29Z</time></trkpt>
      <trkpt lat="45.7361224" lon="126.4825677"><ele>98.63</ele><time>2026-04-22T08:29:36Z</time></trkpt>
      <trkpt lat="45.7359742" lon="126.4809169"><ele>98.6</ele><time>2026-04-22T08:29:46Z</time></trkpt>
      <trkpt lat="45.7358817" lon="126.4799062"><ele>98.69</ele><time>2026-04-22T08:29:53Z</time></trkpt>
      <trkpt lat="45.7358424" lon="126.4795606"><ele>97.93</ele><time>2026-04-22T08:29:57Z</time></trkpt>
      <trkpt lat="45.7358283" lon="126.4794677"><ele>97.75</ele><time>2026-04-22T08:29:58Z</time></trkpt>
      <trkpt lat="45.7358204" lon="126.4793602"><ele>97.58</ele><time>2026-04-22T08:29:59Z</time></trkpt>
      <trkpt lat="45.7357682" lon="126.4786909"><ele>97.39</ele><time>2026-04-22T08:30:04Z</time></trkpt>
      <trkpt lat="45.7357024" lon="126.4779761"><ele>97.65</ele><time>2026-04-22T08:30:10Z</time></trkpt>
      <trkpt lat="45.7355685" lon="126.4773767"><ele>96.98</ele><time>2026-04-22T08:30:16Z</time></trkpt>
      <trkpt lat="45.7353709" lon="126.4765936"><ele>96.17</ele><time>2026-04-22T08:30:22Z</time></trkpt>
      <trkpt lat="45.7352323" lon="126.4754933"><ele>94.7</ele><time>2026-04-22T08:30:29Z</time></trkpt>
      <trkpt lat="45.7351557" lon="126.4744085"><ele>94.16</ele><time>2026-04-22T08:30:35Z</time></trkpt>
      <trkpt lat="45.7351207" lon="126.4732347"><ele>94.05</ele><time>2026-04-22T08:30:41Z</time></trkpt>
      <trkpt lat="45.7351578" lon="126.4719491"><ele>96.2</ele><time>2026-04-22T08:30:48Z</time></trkpt>
      <trkpt lat="45.7350837" lon="126.4712163"><ele>97.84</ele><time>2026-04-22T08:30:53Z</time></trkpt>
      <trkpt lat="45.7350450" lon="126.4709121"><ele>97.72</ele><time>2026-04-22T08:30:57Z</time></trkpt>
      <trkpt lat="45.7350237" lon="126.4708656"><ele>97.61</ele><time>2026-04-22T08:30:58Z</time></trkpt>
      <trkpt lat="45.7349979" lon="126.4708340"><ele>97.44</ele><time>2026-04-22T08:30:59Z</time></trkpt>
      <trkpt lat="45.7349736" lon="126.4708196"><ele>97.3</ele><time>2026-04-22T08:31:00Z</time></trkpt>
      <trkpt lat="45.7349409" lon="126.4708192"><ele>96.5</ele><time>2026-04-22T08:31:05Z</time></trkpt>
      <trkpt lat="45.7349388" lon="126.4708188"><ele>96.15</ele><time>2026-04-22T08:31:07Z</time></trkpt>
    </trkseg>
    <trkseg>
      <trkpt lat="45.7350172" lon="126.4710951"><ele>96.32</ele><time>2026-04-22T08:31:58Z</time></trkpt>
      <trkpt lat="45.7350270" lon="126.4712026"><ele>96.33</ele><time>2026-04-22T08:31:59Z</time></trkpt>
      <trkpt lat="45.7350365" lon="126.4713253"><ele>96.33</ele><time>2026-04-22T08:32:00Z</time></trkpt>
      <trkpt lat="45.7351040" lon="126.4720955"><ele>96.58</ele><time>2026-04-22T08:32:05Z</time></trkpt>
      <trkpt lat="45.7350883" lon="126.4730051"><ele>96.61</ele><time>2026-04-22T08:32:10Z</time></trkpt>
      <trkpt lat="45.7350917" lon="126.4741563"><ele>95.57</ele><time>2026-04-22T08:32:16Z</time></trkpt>
      <trkpt lat="45.7351931" lon="126.4754559"><ele>93.28</ele><time>2026-04-22T08:32:23Z</time></trkpt>
      <trkpt lat="45.7352502" lon="126.4759763"><ele>92.72</ele><time>2026-04-22T08:32:27Z</time></trkpt>
      <trkpt lat="45.7352386" lon="126.4760614"><ele>92.24</ele><time>2026-04-22T08:32:30Z</time></trkpt>
      <trkpt lat="45.7351723" lon="126.4761517"><ele>91.68</ele><time>2026-04-22T08:32:37Z</time></trkpt>
      <trkpt lat="45.7351662" lon="126.4761749"><ele>91.68</ele><time>2026-04-22T08:32:38Z</time></trkpt>
      <trkpt lat="45.7351733" lon="126.4761986"><ele>91.71</ele><time>2026-04-22T08:32:39Z</time></trkpt>
      <trkpt lat="45.7351823" lon="126.4762081"><ele>91.97</ele><time>2026-04-22T08:32:44Z</time></trkpt>
      <trkpt lat="45.7351620" lon="126.4761676"><ele>92.28</ele><time>2026-04-22T08:32:53Z</time></trkpt>
    </trkseg>
    <trkseg>
      <trkpt lat="45.7352662" lon="126.4760488"><ele>92.25</ele><time>2026-04-22T08:59:40Z</time></trkpt>
      <trkpt lat="45.7352754" lon="126.4760196"><ele>92.25</ele><time>2026-04-22T08:59:41Z</time></trkpt>
      <trkpt lat="45.7352838" lon="126.4759759"><ele>92.25</ele><time>2026-04-22T08:59:42Z</time></trkpt>
      <trkpt lat="45.7352869" lon="126.4759111"><ele>92.21</ele><time>2026-04-22T08:59:43Z</time></trkpt>
      <trkpt lat="45.7352814" lon="126.4758298"><ele>92.16</ele><time>2026-04-22T08:59:44Z</time></trkpt>
      <trkpt lat="45.7352730" lon="126.4757300"><ele>92.14</ele><time>2026-04-22T08:59:45Z</time></trkpt>
      <trkpt lat="45.7352008" lon="126.4750726"><ele>92.26</ele><time>2026-04-22T08:59:50Z</time></trkpt>
      <trkpt lat="45.7351497" lon="126.4741674"><ele>93.41</ele><time>2026-04-22T08:59:55Z</time></trkpt>
      <trkpt lat="45.7351466" lon="126.4729695"><ele>94.4</ele><time>2026-04-22T09:00:01Z</time></trkpt>
      <trkpt lat="45.7351412" lon="126.4717198"><ele>96.81</ele><time>2026-04-22T09:00:07Z</time></trkpt>
      <trkpt lat="45.7349481" lon="126.4698661"><ele>99.7</ele><time>2026-04-22T09:00:15Z</time></trkpt>
      <trkpt lat="45.7346673" lon="126.4670246"><ele>100.84</ele><time>2026-04-22T09:00:27Z</time></trkpt>
      <trkpt lat="45.7344403" lon="126.4646886"><ele>100.79</ele><time>2026-04-22T09:00:37Z</time></trkpt>
      <trkpt lat="45.7341758" lon="126.4619496"><ele>100.78</ele><time>2026-04-22T09:00:48Z</time></trkpt>
      <trkpt lat="45.7338867" lon="126.4590613"><ele>101.13</ele><time>2026-04-22T09:00:59Z</time></trkpt>
      <trkpt lat="45.7335471" lon="126.4556026"><ele>101.34</ele><time>2026-04-22T09:01:12Z</time></trkpt>
      <trkpt lat="45.7333004" lon="126.4532323"><ele>101.25</ele><time>2026-04-22T09:01:21Z</time></trkpt>
      <trkpt lat="45.7330985" lon="126.4511924"><ele>101.11</ele><time>2026-04-22T09:01:29Z</time></trkpt>
      <trkpt lat="45.7329379" lon="126.4495648"><ele>100.37</ele><time>2026-04-22T09:01:36Z</time></trkpt>
      <trkpt lat="45.7327785" lon="126.4479002"><ele>99.38</ele><time>2026-04-22T09:01:44Z</time></trkpt>
      <trkpt lat="45.7326820" lon="126.4468406"><ele>98.4</ele><time>2026-04-22T09:01:50Z</time></trkpt>
      <trkpt lat="45.7326912" lon="126.4466793"><ele>98.29</ele><time>2026-04-22T09:01:51Z</time></trkpt>
      <trkpt lat="45.7327077" lon="126.4456914"><ele>97.73</ele><time>2026-04-22T09:01:57Z</time></trkpt>
      <trkpt lat="45.7325083" lon="126.4446710"><ele>97.74</ele><time>2026-04-22T09:02:03Z</time></trkpt>
      <trkpt lat="45.7321939" lon="126.4438236"><ele>98.1</ele><time>2026-04-22T09:02:08Z</time></trkpt>
      <trkpt lat="45.7316250" lon="126.4428551"><ele>98.37</ele><time>2026-04-22T09:02:14Z</time></trkpt>
      <trkpt lat="45.7306726" lon="126.4413216"><ele>99.2</ele><time>2026-04-22T09:02:23Z</time></trkpt>
      <trkpt lat="45.7299399" lon="126.4404435"><ele>99.42</ele><time>2026-04-22T09:02:29Z</time></trkpt>
      <trkpt lat="45.7292297" lon="126.4398613"><ele>99.42</ele><time>2026-04-22T09:02:34Z</time></trkpt>
      <trkpt lat="45.7280323" lon="126.4390424"><ele>99.46</ele><time>2026-04-22T09:02:42Z</time></trkpt>
      <trkpt lat="45.7266481" lon="126.4380494"><ele>99.67</ele><time>2026-04-22T09:02:51Z</time></trkpt>
      <trkpt lat="45.7257586" lon="126.4373019"><ele>99.82</ele><time>2026-04-22T09:02:57Z</time></trkpt>
      <trkpt lat="45.7249925" lon="126.4362909"><ele>99.91</ele><time>2026-04-22T09:03:03Z</time></trkpt>
      <trkpt lat="45.7246106" lon="126.4355085"><ele>99.94</ele><time>2026-04-22T09:03:07Z</time></trkpt>
      <trkpt lat="45.7243325" lon="126.4346443"><ele>99.9</ele><time>2026-04-22T09:03:11Z</time></trkpt>
      <trkpt lat="45.7240269" lon="126.4331905"><ele>99.95</ele><time>2026-04-22T09:03:17Z</time></trkpt>
      <trkpt lat="45.7234960" lon="126.4307230"><ele>100.41</ele><time>2026-04-22T09:03:27Z</time></trkpt>
      <trkpt lat="45.7228724" lon="126.4277867"><ele>100.28</ele><time>2026-04-22T09:03:39Z</time></trkpt>
      <trkpt lat="45.7224473" lon="126.4256613"><ele>100.81</ele><time>2026-04-22T09:03:47Z</time></trkpt>
      <trkpt lat="45.7219114" lon="126.4229673"><ele>101.22</ele><time>2026-04-22T09:03:57Z</time></trkpt>
      <trkpt lat="45.7214218" lon="126.4206646"><ele>100.99</ele><time>2026-04-22T09:04:06Z</time></trkpt>
      <trkpt lat="45.7211479" lon="126.4193087"><ele>100.79</ele><time>2026-04-22T09:04:12Z</time></trkpt>
      <trkpt lat="45.7210348" lon="126.4187214"><ele>99.81</ele><time>2026-04-22T09:04:16Z</time></trkpt>
      <trkpt lat="45.7208890" lon="126.4179521"><ele>98.62</ele><time>2026-04-22T09:04:20Z</time></trkpt>
      <trkpt lat="45.7206464" lon="126.4166986"><ele>99.05</ele><time>2026-04-22T09:04:25Z</time></trkpt>
      <trkpt lat="45.7202180" lon="126.4145354"><ele>100.62</ele><time>2026-04-22T09:04:33Z</time></trkpt>
      <trkpt lat="45.7197678" lon="126.4122592"><ele>101.53</ele><time>2026-04-22T09:04:41Z</time></trkpt>
      <trkpt lat="45.7190886" lon="126.4088082"><ele>102.18</ele><time>2026-04-22T09:04:53Z</time></trkpt>
      <trkpt lat="45.7185714" lon="126.4063000"><ele>102.09</ele><time>2026-04-22T09:05:02Z</time></trkpt>
      <trkpt lat="45.7181402" lon="126.4048061"><ele>101.71</ele><time>2026-04-22T09:05:08Z</time></trkpt>
      <trkpt lat="45.7176476" lon="126.4032970"><ele>101.11</ele><time>2026-04-22T09:05:14Z</time></trkpt>
      <trkpt lat="45.7169041" lon="126.4013664"><ele>101.06</ele><time>2026-04-22T09:05:22Z</time></trkpt>
      <trkpt lat="45.7162344" lon="126.4001140"><ele>100.82</ele><time>2026-04-22T09:05:28Z</time></trkpt>
      <trkpt lat="45.7150023" lon="126.3979439"><ele>100.06</ele><time>2026-04-22T09:05:39Z</time></trkpt>
      <trkpt lat="45.7138056" lon="126.3958326"><ele>99.67</ele><time>2026-04-22T09:05:50Z</time></trkpt>
      <trkpt lat="45.7127395" lon="126.3939661"><ele>99.62</ele><time>2026-04-22T09:06:00Z</time></trkpt>
      <trkpt lat="45.7116004" lon="126.3919584"><ele>99.36</ele><time>2026-04-22T09:06:11Z</time></trkpt>
      <trkpt lat="45.7108472" lon="126.3906359"><ele>99.3</ele><time>2026-04-22T09:06:18Z</time></trkpt>
      <trkpt lat="45.7099441" lon="126.3890214"><ele>99.53</ele><time>2026-04-22T09:06:26Z</time></trkpt>
      <trkpt lat="45.7086576" lon="126.3867388"><ele>100.15</ele><time>2026-04-22T09:06:37Z</time></trkpt>
      <trkpt lat="45.7076357" lon="126.3852189"><ele>100.02</ele><time>2026-04-22T09:06:45Z</time></trkpt>
      <trkpt lat="45.7063710" lon="126.3836537"><ele>100.01</ele><time>2026-04-22T09:06:54Z</time></trkpt>
      <trkpt lat="45.7052024" lon="126.3824011"><ele>99.59</ele><time>2026-04-22T09:07:02Z</time></trkpt>
      <trkpt lat="45.7038225" lon="126.3810999"><ele>99.24</ele><time>2026-04-22T09:07:11Z</time></trkpt>
      <trkpt lat="45.7021084" lon="126.3795252"><ele>99.08</ele><time>2026-04-22T09:07:22Z</time></trkpt>
      <trkpt lat="45.7005347" lon="126.3780861"><ele>98.83</ele><time>2026-04-22T09:07:32Z</time></trkpt>
      <trkpt lat="45.6991661" lon="126.3768762"><ele>98.44</ele><time>2026-04-22T09:07:41Z</time></trkpt>
      <trkpt lat="45.6980978" lon="126.3758864"><ele>98.69</ele><time>2026-04-22T09:07:48Z</time></trkpt>
      <trkpt lat="45.6969514" lon="126.3746354"><ele>99.49</ele><time>2026-04-22T09:07:56Z</time></trkpt>
      <trkpt lat="45.6957639" lon="126.3731744"><ele>99.87</ele><time>2026-04-22T09:08:05Z</time></trkpt>
      <trkpt lat="45.6950169" lon="126.3720894"><ele>99.95</ele><time>2026-04-22T09:08:11Z</time></trkpt>
      <trkpt lat="45.6940671" lon="126.3705765"><ele>100.37</ele><time>2026-04-22T09:08:19Z</time></trkpt>
      <trkpt lat="45.6934944" lon="126.3694219"><ele>100.34</ele><time>2026-04-22T09:08:25Z</time></trkpt>
      <trkpt lat="45.6927433" lon="126.3677110"><ele>99.81</ele><time>2026-04-22T09:08:34Z</time></trkpt>
      <trkpt lat="45.6921197" lon="126.3661666"><ele>99.26</ele><time>2026-04-22T09:08:42Z</time></trkpt>
      <trkpt lat="45.6914715" lon="126.3645417"><ele>98.99</ele><time>2026-04-22T09:08:51Z</time></trkpt>
      <trkpt lat="45.6909281" lon="126.3631019"><ele>98.3</ele><time>2026-04-22T09:08:59Z</time></trkpt>
      <trkpt lat="45.6902051" lon="126.3611792"><ele>98.17</ele><time>2026-04-22T09:09:09Z</time></trkpt>
      <trkpt lat="45.6897269" lon="126.3599059"><ele>98.18</ele><time>2026-04-22T09:09:16Z</time></trkpt>
      <trkpt lat="45.6894978" lon="126.3592643"><ele>97.43</ele><time>2026-04-22T09:09:21Z</time></trkpt>
      <trkpt lat="45.6891562" lon="126.3582396"><ele>97.33</ele><time>2026-04-22T09:09:29Z</time></trkpt>
      <trkpt lat="45.6889835" lon="126.3577119"><ele>97.44</ele><time>2026-04-22T09:09:34Z</time></trkpt>
      <trkpt lat="45.6889055" lon="126.3574579"><ele>97.01</ele><time>2026-04-22T09:09:39Z</time></trkpt>
      <trkpt lat="45.6888974" lon="126.3574257"><ele>96.6</ele><time>2026-04-22T09:09:43Z</time></trkpt>
      <trkpt lat="45.6888974" lon="126.3574257"><ele>96.41</ele><time>2026-04-22T09:09:44Z</time></trkpt>
    </trkseg>
    <trkseg>
      <trkpt lat="45.6888432" lon="126.3574522"><ele>96.27</ele><time>2026-04-22T09:11:40Z</time></trkpt>
      <trkpt lat="45.6888249" lon="126.3574608"><ele>96.27</ele><time>2026-04-22T09:11:41Z</time></trkpt>
      <trkpt lat="45.6886838" lon="126.3576206"><ele>95.87</ele><time>2026-04-22T09:11:47Z</time></trkpt>
      <trkpt lat="45.6886534" lon="126.3576562"><ele>95.73</ele><time>2026-04-22T09:11:48Z</time></trkpt>
      <trkpt lat="45.6886128" lon="126.3576941"><ele>95.52</ele><time>2026-04-22T09:11:49Z</time></trkpt>
      <trkpt lat="45.6883652" lon="126.3578963"><ele>95.24</ele><time>2026-04-22T09:11:53Z</time></trkpt>
      <trkpt lat="45.6879791" lon="126.3581638"><ele>95.24</ele><time>2026-04-22T09:11:57Z</time></trkpt>
      <trkpt lat="45.6873724" lon="126.3585828"><ele>95.78</ele><time>2026-04-22T09:12:02Z</time></trkpt>
      <trkpt lat="45.6863432" lon="126.3593203"><ele>96.17</ele><time>2026-04-22T09:12:10Z</time></trkpt>
      <trkpt lat="45.6854083" lon="126.3599879"><ele>96.42</ele><time>2026-04-22T09:12:17Z</time></trkpt>
      <trkpt lat="45.6846748" lon="126.3605116"><ele>96.5</ele><time>2026-04-22T09:12:23Z</time></trkpt>
      <trkpt lat="45.6837445" lon="126.3611161"><ele>95.64</ele><time>2026-04-22T09:12:31Z</time></trkpt>
      <trkpt lat="45.6836398" lon="126.3611323"><ele>95.63</ele><time>2026-04-22T09:12:32Z</time></trkpt>
      <trkpt lat="45.6835345" lon="126.3611223"><ele>95.63</ele><time>2026-04-22T09:12:33Z</time></trkpt>
      <trkpt lat="45.6834331" lon="126.3610855"><ele>95.6</ele><time>2026-04-22T09:12:34Z</time></trkpt>
      <trkpt lat="45.6833425" lon="126.3610166"><ele>95.53</ele><time>2026-04-22T09:12:35Z</time></trkpt>
      <trkpt lat="45.6832664" lon="126.3608994"><ele>95.42</ele><time>2026-04-22T09:12:36Z</time></trkpt>
      <trkpt lat="45.6831959" lon="126.3607551"><ele>95.36</ele><time>2026-04-22T09:12:37Z</time></trkpt>
      <trkpt lat="45.6831259" lon="126.3606160"><ele>95.34</ele><time>2026-04-22T09:12:38Z</time></trkpt>
      <trkpt lat="45.6830591" lon="126.3604893"><ele>95.32</ele><time>2026-04-22T09:12:39Z</time></trkpt>
      <trkpt lat="45.6829486" lon="126.3603096"><ele>95.3</ele><time>2026-04-22T09:12:41Z</time></trkpt>
      <trkpt lat="45.6828947" lon="126.3602648"><ele>95.3</ele><time>2026-04-22T09:12:42Z</time></trkpt>
      <trkpt lat="45.6828295" lon="126.3602408"><ele>95.16</ele><time>2026-04-22T09:12:43Z</time></trkpt>
      <trkpt lat="45.6827478" lon="126.3602449"><ele>94.84</ele><time>2026-04-22T09:12:44Z</time></trkpt>
      <trkpt lat="45.6826592" lon="126.3602608"><ele>94.66</ele><time>2026-04-22T09:12:45Z</time></trkpt>
      <trkpt lat="45.6825652" lon="126.3602779"><ele>94.57</ele><time>2026-04-22T09:12:46Z</time></trkpt>
      <trkpt lat="45.6824681" lon="126.3603062"><ele>94.51</ele><time>2026-04-22T09:12:47Z</time></trkpt>
      <trkpt lat="45.6823701" lon="126.3603531"><ele>94.33</ele><time>2026-04-22T09:12:48Z</time></trkpt>
      <trkpt lat="45.6822690" lon="126.3604185"><ele>94.23</ele><time>2026-04-22T09:12:49Z</time></trkpt>
      <trkpt lat="45.6821675" lon="126.3605033"><ele>94.1</ele><time>2026-04-22T09:12:50Z</time></trkpt>
      <trkpt lat="45.6820652" lon="126.3605934"><ele>94.03</ele><time>2026-04-22T09:12:51Z</time></trkpt>
      <trkpt lat="45.6819552" lon="126.3606756"><ele>93.98</ele><time>2026-04-22T09:12:52Z</time></trkpt>
      <trkpt lat="45.6818388" lon="126.3607472"><ele>93.96</ele><time>2026-04-22T09:12:53Z</time></trkpt>
      <trkpt lat="45.6817153" lon="126.3608054"><ele>93.94</ele><time>2026-04-22T09:12:54Z</time></trkpt>
      <trkpt lat="45.6815858" lon="126.3608535"><ele>93.93</ele><time>2026-04-22T09:12:55Z</time></trkpt>
      <trkpt lat="45.6814527" lon="126.3608912"><ele>93.93</ele><time>2026-04-22T09:12:56Z</time></trkpt>
      <trkpt lat="45.6806243" lon="126.3611851"><ele>94.66</ele><time>2026-04-22T09:13:02Z</time></trkpt>
      <trkpt lat="45.6798318" lon="126.3616129"><ele>94.83</ele><time>2026-04-22T09:13:08Z</time></trkpt>
      <trkpt lat="45.6795984" lon="126.3618034"><ele>94.79</ele><time>2026-04-22T09:13:10Z</time></trkpt>
      <trkpt lat="45.6794904" lon="126.3619247"><ele>94.77</ele><time>2026-04-22T09:13:11Z</time></trkpt>
      <trkpt lat="45.6790778" lon="126.3625447"><ele>94.77</ele><time>2026-04-22T09:13:16Z</time></trkpt>
      <trkpt lat="45.6789710" lon="126.3627129"><ele>94.96</ele><time>2026-04-22T09:13:18Z</time></trkpt>
      <trkpt lat="45.6789073" lon="126.3627685"><ele>95.21</ele><time>2026-04-22T09:13:19Z</time></trkpt>
      <trkpt lat="45.6788302" lon="126.3627938"><ele>95.53</ele><time>2026-04-22T09:13:20Z</time></trkpt>
      <trkpt lat="45.6787379" lon="126.3627934"><ele>95.85</ele><time>2026-04-22T09:13:21Z</time></trkpt>
      <trkpt lat="45.6786399" lon="126.3627761"><ele>96.17</ele><time>2026-04-22T09:13:22Z</time></trkpt>
      <trkpt lat="45.6785421" lon="126.3627323"><ele>96.48</ele><time>2026-04-22T09:13:23Z</time></trkpt>
      <trkpt lat="45.6784431" lon="126.3626608"><ele>96.78</ele><time>2026-04-22T09:13:24Z</time></trkpt>
      <trkpt lat="45.6783442" lon="126.3625710"><ele>97.16</ele><time>2026-04-22T09:13:25Z</time></trkpt>
      <trkpt lat="45.6782463" lon="126.3624698"><ele>97.67</ele><time>2026-04-22T09:13:26Z</time></trkpt>
      <trkpt lat="45.6778821" lon="126.3621008"><ele>100.71</ele><time>2026-04-22T09:13:30Z</time></trkpt>
      <trkpt lat="45.6777980" lon="126.3620365"><ele>101.55</ele><time>2026-04-22T09:13:31Z</time></trkpt>
      <trkpt lat="45.6777113" lon="126.3619919"><ele>102.33</ele><time>2026-04-22T09:13:32Z</time></trkpt>
      <trkpt lat="45.6776215" lon="126.3619692"><ele>103.15</ele><time>2026-04-22T09:13:33Z</time></trkpt>
      <trkpt lat="45.6775262" lon="126.3619651"><ele>103.95</ele><time>2026-04-22T09:13:34Z</time></trkpt>
      <trkpt lat="45.6774250" lon="126.3619639"><ele>104.75</ele><time>2026-04-22T09:13:35Z</time></trkpt>
      <trkpt lat="45.6771083" lon="126.3619754"><ele>107.2</ele><time>2026-04-22T09:13:38Z</time></trkpt>
      <trkpt lat="45.6769973" lon="126.3620106"><ele>107.92</ele><time>2026-04-22T09:13:39Z</time></trkpt>
      <trkpt lat="45.6764191" lon="126.3622040"><ele>111.09</ele><time>2026-04-22T09:13:44Z</time></trkpt>
      <trkpt lat="45.6754250" lon="126.3625117"><ele>113.33</ele><time>2026-04-22T09:13:53Z</time></trkpt>
      <trkpt lat="45.6747388" lon="126.3627586"><ele>113.21</ele><time>2026-04-22T09:13:59Z</time></trkpt>
      <trkpt lat="45.6745491" lon="126.3628215"><ele>112.68</ele><time>2026-04-22T09:14:02Z</time></trkpt>
      <trkpt lat="45.6744964" lon="126.3628317"><ele>111.8</ele><time>2026-04-22T09:14:04Z</time></trkpt>
      <trkpt lat="45.6744708" lon="126.3628148"><ele>111.43</ele><time>2026-04-22T09:14:05Z</time></trkpt>
      <trkpt lat="45.6744488" lon="126.3627712"><ele>111.03</ele><time>2026-04-22T09:14:06Z</time></trkpt>
      <trkpt lat="45.6744318" lon="126.3626946"><ele>110.72</ele><time>2026-04-22T09:14:07Z</time></trkpt>
      <trkpt lat="45.6744164" lon="126.3625866"><ele>110.5</ele><time>2026-04-22T09:14:08Z</time></trkpt>
      <trkpt lat="45.6743990" lon="126.3624469"><ele>110.38</ele><time>2026-04-22T09:14:09Z</time></trkpt>
      <trkpt lat="45.6743078" lon="126.3617557"><ele>110.42</ele><time>2026-04-22T09:14:13Z</time></trkpt>
      <trkpt lat="45.6741434" lon="126.3607213"><ele>111.77</ele><time>2026-04-22T09:14:18Z</time></trkpt>
      <trkpt lat="45.6740100" lon="126.3600510"><ele>112.83</ele><time>2026-04-22T09:14:21Z</time></trkpt>
      <trkpt lat="45.6739437" lon="126.3598449"><ele>113.19</ele><time>2026-04-22T09:14:22Z</time></trkpt>
      <trkpt lat="45.6738649" lon="126.3596460"><ele>113.48</ele><time>2026-04-22T09:14:23Z</time></trkpt>
      <trkpt lat="45.6737784" lon="126.3594577"><ele>113.68</ele><time>2026-04-22T09:14:24Z</time></trkpt>
      <trkpt lat="45.6736855" lon="126.3592798"><ele>113.84</ele><time>2026-04-22T09:14:25Z</time></trkpt>
      <trkpt lat="45.6735882" lon="126.3591109"><ele>114.03</ele><time>2026-04-22T09:14:26Z</time></trkpt>
      <trkpt lat="45.6729334" lon="126.3580294"><ele>114.25</ele><time>2026-04-22T09:14:33Z</time></trkpt>
      <trkpt lat="45.6722441" lon="126.3568965"><ele>113.4</ele><time>2026-04-22T09:14:41Z</time></trkpt>
      <trkpt lat="45.6715836" lon="126.3558045"><ele>112.66</ele><time>2026-04-22T09:14:49Z</time></trkpt>
      <trkpt lat="45.6709635" lon="126.3547818"><ele>112.69</ele><time>2026-04-22T09:14:55Z</time></trkpt>
      <trkpt lat="45.6703181" lon="126.3537085"><ele>113.27</ele><time>2026-04-22T09:15:01Z</time></trkpt>
      <trkpt lat="45.6698676" lon="126.3529749"><ele>113.2</ele><time>2026-04-22T09:15:06Z</time></trkpt>
      <trkpt lat="45.6694841" lon="126.3524089"><ele>112.73</ele><time>2026-04-22T09:15:10Z</time></trkpt>
      <trkpt lat="45.6690102" lon="126.3516399"><ele>112.91</ele><time>2026-04-22T09:15:14Z</time></trkpt>
      <trkpt lat="45.6686715" lon="126.3510375"><ele>113.19</ele><time>2026-04-22T09:15:18Z</time></trkpt>
      <trkpt lat="45.6679840" lon="126.3499020"><ele>110.31</ele><time>2026-04-22T09:15:27Z</time></trkpt>
      <trkpt lat="45.6673075" lon="126.3488499"><ele>109.69</ele><time>2026-04-22T09:15:35Z</time></trkpt>
      <trkpt lat="45.6669573" lon="126.3482761"><ele>109.64</ele><time>2026-04-22T09:15:38Z</time></trkpt>
      <trkpt lat="45.6663712" lon="126.3472959"><ele>110.41</ele><time>2026-04-22T09:15:42Z</time></trkpt>
      <trkpt lat="45.6658099" lon="126.3463010"><ele>112.48</ele><time>2026-04-22T09:15:46Z</time></trkpt>
      <trkpt lat="45.6653124" lon="126.3454951"><ele>113.67</ele><time>2026-04-22T09:15:50Z</time></trkpt>
      <trkpt lat="45.6649054" lon="126.3448279"><ele>113.55</ele><time>2026-04-22T09:15:54Z</time></trkpt>
      <trkpt lat="45.6643766" lon="126.3440197"><ele>112.19</ele><time>2026-04-22T09:15:59Z</time></trkpt>
      <trkpt lat="45.6638636" lon="126.3431192"><ele>112.11</ele><time>2026-04-22T09:16:03Z</time></trkpt>
      <trkpt lat="45.6630474" lon="126.3417494"><ele>114.31</ele><time>2026-04-22T09:16:09Z</time></trkpt>
      <trkpt lat="45.6622823" lon="126.3404748"><ele>115.07</ele><time>2026-04-22T09:16:15Z</time></trkpt>
      <trkpt lat="45.6617268" lon="126.3397799"><ele>115.28</ele><time>2026-04-22T09:16:19Z</time></trkpt>
      <trkpt lat="45.6615659" lon="126.3396496"><ele>115.29</ele><time>2026-04-22T09:16:20Z</time></trkpt>
      <trkpt lat="45.6613964" lon="126.3395348"><ele>115.3</ele><time>2026-04-22T09:16:21Z</time></trkpt>
      <trkpt lat="45.6603385" lon="126.3388935"><ele>114.94</ele><time>2026-04-22T09:16:27Z</time></trkpt>
      <trkpt lat="45.6590131" lon="126.3381021"><ele>115.06</ele><time>2026-04-22T09:16:35Z</time></trkpt>
      <trkpt lat="45.6582713" lon="126.3377397"><ele>115.12</ele><time>2026-04-22T09:16:40Z</time></trkpt>
      <trkpt lat="45.6581143" lon="126.3377217"><ele>115.13</ele><time>2026-04-22T09:16:41Z</time></trkpt>
      <trkpt lat="45.6579517" lon="126.3377373"><ele>115.06</ele><time>2026-04-22T09:16:42Z</time></trkpt>
      <trkpt lat="45.6577859" lon="126.3377767"><ele>114.87</ele><time>2026-04-22T09:16:43Z</time></trkpt>
      <trkpt lat="45.6576155" lon="126.3378259"><ele>114.74</ele><time>2026-04-22T09:16:44Z</time></trkpt>
      <trkpt lat="45.6560804" lon="126.3382724"><ele>114.77</ele><time>2026-04-22T09:16:53Z</time></trkpt>
      <trkpt lat="45.6546053" lon="126.3387146"><ele>114.92</ele><time>2026-04-22T09:17:02Z</time></trkpt>
      <trkpt lat="45.6535433" lon="126.3390577"><ele>114.41</ele><time>2026-04-22T09:17:09Z</time></trkpt>
      <trkpt lat="45.6524509" lon="126.3394949"><ele>113.77</ele><time>2026-04-22T09:17:16Z</time></trkpt>
      <trkpt lat="45.6513194" lon="126.3398562"><ele>114.87</ele><time>2026-04-22T09:17:23Z</time></trkpt>
      <trkpt lat="45.6502632" lon="126.3402076"><ele>117.27</ele><time>2026-04-22T09:17:29Z</time></trkpt>
      <trkpt lat="45.6486380" lon="126.3407538"><ele>115.05</ele><time>2026-04-22T09:17:38Z</time></trkpt>
      <trkpt lat="45.6474019" lon="126.3411914"><ele>114.18</ele><time>2026-04-22T09:17:45Z</time></trkpt>
      <trkpt lat="45.6464525" lon="126.3415204"><ele>113.75</ele><time>2026-04-22T09:17:51Z</time></trkpt>
      <trkpt lat="45.6453750" lon="126.3419026"><ele>114.4</ele><time>2026-04-22T09:17:57Z</time></trkpt>
      <trkpt lat="45.6439735" lon="126.3424060"><ele>114.85</ele><time>2026-04-22T09:18:05Z</time></trkpt>
      <trkpt lat="45.6425118" lon="126.3429205"><ele>114.03</ele><time>2026-04-22T09:18:14Z</time></trkpt>
      <trkpt lat="45.6411609" lon="126.3433927"><ele>116.12</ele><time>2026-04-22T09:18:22Z</time></trkpt>
      <trkpt lat="45.6392545" lon="126.3440564"><ele>116.51</ele><time>2026-04-22T09:18:33Z</time></trkpt>
      <trkpt lat="45.6379670" lon="126.3445029"><ele>114.94</ele><time>2026-04-22T09:18:41Z</time></trkpt>
      <trkpt lat="45.6375119" lon="126.3446610"><ele>114.21</ele><time>2026-04-22T09:18:45Z</time></trkpt>
      <trkpt lat="45.6372146" lon="126.3447896"><ele>112.84</ele><time>2026-04-22T09:18:49Z</time></trkpt>
      <trkpt lat="45.6370826" lon="126.3448123"><ele>111.52</ele><time>2026-04-22T09:18:53Z</time></trkpt>
      <trkpt lat="45.6369645" lon="126.3449718"><ele>110.43</ele><time>2026-04-22T09:18:58Z</time></trkpt>
      <trkpt lat="45.6369624" lon="126.3450562"><ele>110.32</ele><time>2026-04-22T09:18:59Z</time></trkpt>
      <trkpt lat="45.6369775" lon="126.3451718"><ele>110.25</ele><time>2026-04-22T09:19:00Z</time></trkpt>
      <trkpt lat="45.6370063" lon="126.3452920"><ele>110.2</ele><time>2026-04-22T09:19:01Z</time></trkpt>
      <trkpt lat="45.6370394" lon="126.3454099"><ele>110.18</ele><time>2026-04-22T09:19:02Z</time></trkpt>
      <trkpt lat="45.6370763" lon="126.3455308"><ele>110.17</ele><time>2026-04-22T09:19:03Z</time></trkpt>
      <trkpt lat="45.6371423" lon="126.3457773"><ele>110.24</ele><time>2026-04-22T09:19:05Z</time></trkpt>
      <trkpt lat="45.6372795" lon="126.3464488"><ele>110.4</ele><time>2026-04-22T09:19:10Z</time></trkpt>
      <trkpt lat="45.6373302" lon="126.3466810"><ele>110.5</ele><time>2026-04-22T09:19:12Z</time></trkpt>
      <trkpt lat="45.6374307" lon="126.3472004"><ele>110.62</ele><time>2026-04-22T09:19:16Z</time></trkpt>
      <trkpt lat="45.6376436" lon="126.3481616"><ele>111.29</ele><time>2026-04-22T09:19:22Z</time></trkpt>
      <trkpt lat="45.6377840" lon="126.3489108"><ele>111.76</ele><time>2026-04-22T09:19:27Z</time></trkpt>
      <trkpt lat="45.6379274" lon="126.3495297"><ele>112.34</ele><time>2026-04-22T09:19:31Z</time></trkpt>
      <trkpt lat="45.6380947" lon="126.3504094"><ele>113.3</ele><time>2026-04-22T09:19:36Z</time></trkpt>
      <trkpt lat="45.6383065" lon="126.3515210"><ele>113.84</ele><time>2026-04-22T09:19:42Z</time></trkpt>
      <trkpt lat="45.6385413" lon="126.3527171"><ele>113.33</ele><time>2026-04-22T09:19:49Z</time></trkpt>
      <trkpt lat="45.6387377" lon="126.3538679"><ele>112.22</ele><time>2026-04-22T09:19:56Z</time></trkpt>
      <trkpt lat="45.6387808" lon="126.3540409"><ele>111.98</ele><time>2026-04-22T09:19:58Z</time></trkpt>
      <trkpt lat="45.6387913" lon="126.3540972"><ele>111.76</ele><time>2026-04-22T09:19:59Z</time></trkpt>
      <trkpt lat="45.6387852" lon="126.3541342"><ele>111.58</ele><time>2026-04-22T09:20:00Z</time></trkpt>
      <trkpt lat="45.6387527" lon="126.3541430"><ele>111.38</ele><time>2026-04-22T09:20:01Z</time></trkpt>
      <trkpt lat="45.6387138" lon="126.3541370"><ele>111.24</ele><time>2026-04-22T09:20:02Z</time></trkpt>
      <trkpt lat="45.6386044" lon="126.3542499"><ele>110.71</ele><time>2026-04-22T09:20:06Z</time></trkpt>
      <trkpt lat="45.6384697" lon="126.3544405"><ele>110.63</ele><time>2026-04-22T09:20:10Z</time></trkpt>
      <trkpt lat="45.6384396" lon="126.3544798"><ele>110.59</ele><time>2026-04-22T09:20:11Z</time></trkpt>
      <trkpt lat="45.6384269" lon="126.3545545"><ele>110.52</ele><time>2026-04-22T09:20:15Z</time></trkpt>
      <trkpt lat="45.6384305" lon="126.3545496"><ele>110.45</ele><time>2026-04-22T09:20:18Z</time></trkpt>
    </trkseg>
    <trkseg>
      <trkpt lat="45.6385445" lon="126.3546862"><ele>110.74</ele><time>2026-04-22T09:22:44Z</time></trkpt>
      <trkpt lat="45.6386647" lon="126.3546261"><ele>110.74</ele><time>2026-04-22T09:22:46Z</time></trkpt>
      <trkpt lat="45.6388205" lon="126.3545408"><ele>110.77</ele><time>2026-04-22T09:22:50Z</time></trkpt>
      <trkpt lat="45.6389776" lon="126.3543939"><ele>110.68</ele><time>2026-04-22T09:22:54Z</time></trkpt>
      <trkpt lat="45.6390371" lon="126.3542701"><ele>110.68</ele><time>2026-04-22T09:22:56Z</time></trkpt>
      <trkpt lat="45.6390525" lon="126.3541979"><ele>110.7</ele><time>2026-04-22T09:22:57Z</time></trkpt>
      <trkpt lat="45.6390573" lon="126.3541027"><ele>110.76</ele><time>2026-04-22T09:22:58Z</time></trkpt>
      <trkpt lat="45.6390474" lon="126.3539998"><ele>110.82</ele><time>2026-04-22T09:22:59Z</time></trkpt>
      <trkpt lat="45.6390183" lon="126.3538821"><ele>110.87</ele><time>2026-04-22T09:23:00Z</time></trkpt>
      <trkpt lat="45.6389939" lon="126.3537577"><ele>110.92</ele><time>2026-04-22T09:23:01Z</time></trkpt>
      <trkpt lat="45.6388385" lon="126.3531373"><ele>111.19</ele><time>2026-04-22T09:23:06Z</time></trkpt>
      <trkpt lat="45.6386575" lon="126.3524202"><ele>111.49</ele><time>2026-04-22T09:23:12Z</time></trkpt>
      <trkpt lat="45.6386368" lon="126.3523135"><ele>111.52</ele><time>2026-04-22T09:23:13Z</time></trkpt>
      <trkpt lat="45.6386247" lon="126.3522041"><ele>111.55</ele><time>2026-04-22T09:23:14Z</time></trkpt>
      <trkpt lat="45.6386056" lon="126.3520893"><ele>111.57</ele><time>2026-04-22T09:23:15Z</time></trkpt>
      <trkpt lat="45.6385299" lon="126.3514635"><ele>111.59</ele><time>2026-04-22T09:23:20Z</time></trkpt>
      <trkpt lat="45.6383816" lon="126.3507423"><ele>112.28</ele><time>2026-04-22T09:23:24Z</time></trkpt>
      <trkpt lat="45.6381509" lon="126.3496397"><ele>114.57</ele><time>2026-04-22T09:23:30Z</time></trkpt>
      <trkpt lat="45.6380179" lon="126.3490662"><ele>115.22</ele><time>2026-04-22T09:23:34Z</time></trkpt>
      <trkpt lat="45.6378660" lon="126.3483529"><ele>114.57</ele><time>2026-04-22T09:23:39Z</time></trkpt>
      <trkpt lat="45.6377237" lon="126.3476958"><ele>113.98</ele><time>2026-04-22T09:23:44Z</time></trkpt>
      <trkpt lat="45.6375705" lon="126.3468516"><ele>112.79</ele><time>2026-04-22T09:23:50Z</time></trkpt>
      <trkpt lat="45.6373582" lon="126.3459051"><ele>112.43</ele><time>2026-04-22T09:23:56Z</time></trkpt>
      <trkpt lat="45.6370868" lon="126.3448609"><ele>112.1</ele><time>2026-04-22T09:24:03Z</time></trkpt>
      <trkpt lat="45.6368951" lon="126.3441854"><ele>111.8</ele><time>2026-04-22T09:24:08Z</time></trkpt>
      <trkpt lat="45.6367211" lon="126.3435129"><ele>111.3</ele><time>2026-04-22T09:24:13Z</time></trkpt>
      <trkpt lat="45.6366488" lon="126.3432452"><ele>111.25</ele><time>2026-04-22T09:24:15Z</time></trkpt>
      <trkpt lat="45.6364543" lon="126.3424743"><ele>111.21</ele><time>2026-04-22T09:24:21Z</time></trkpt>
      <trkpt lat="45.6362653" lon="126.3417983"><ele>110.63</ele><time>2026-04-22T09:24:27Z</time></trkpt>
      <trkpt lat="45.6360700" lon="126.3410959"><ele>110.22</ele><time>2026-04-22T09:24:33Z</time></trkpt>
      <trkpt lat="45.6359231" lon="126.3405444"><ele>109.81</ele><time>2026-04-22T09:24:39Z</time></trkpt>
      <trkpt lat="45.6358669" lon="126.3403543"><ele>109.77</ele><time>2026-04-22T09:24:41Z</time></trkpt>
      <trkpt lat="45.6358371" lon="126.3402600"><ele>109.77</ele><time>2026-04-22T09:24:42Z</time></trkpt>
      <trkpt lat="45.6358152" lon="126.3401630"><ele>109.82</ele><time>2026-04-22T09:24:43Z</time></trkpt>
      <trkpt lat="45.6358034" lon="126.3400630"><ele>109.85</ele><time>2026-04-22T09:24:44Z</time></trkpt>
      <trkpt lat="45.6357863" lon="126.3399606"><ele>109.94</ele><time>2026-04-22T09:24:45Z</time></trkpt>
      <trkpt lat="45.6357636" lon="126.3398621"><ele>109.99</ele><time>2026-04-22T09:24:46Z</time></trkpt>
      <trkpt lat="45.6357357" lon="126.3397581"><ele>110.02</ele><time>2026-04-22T09:24:47Z</time></trkpt>
      <trkpt lat="45.6355162" lon="126.3389485"><ele>110.53</ele><time>2026-04-22T09:24:54Z</time></trkpt>
      <trkpt lat="45.6354146" lon="126.3385080"><ele>110.85</ele><time>2026-04-22T09:24:58Z</time></trkpt>
      <trkpt lat="45.6352419" lon="126.3378896"><ele>110.94</ele><time>2026-04-22T09:25:04Z</time></trkpt>
      <trkpt lat="45.6350663" lon="126.3372359"><ele>111.17</ele><time>2026-04-22T09:25:10Z</time></trkpt>
      <trkpt lat="45.6349128" lon="126.3366050"><ele>111.25</ele><time>2026-04-22T09:25:17Z</time></trkpt>
      <trkpt lat="45.6348306" lon="126.3362618"><ele>110.9</ele><time>2026-04-22T09:25:23Z</time></trkpt>
      <trkpt lat="45.6347442" lon="126.3358993"><ele>111.01</ele><time>2026-04-22T09:25:28Z</time></trkpt>
      <trkpt lat="45.6346258" lon="126.3354833"><ele>110.89</ele><time>2026-04-22T09:25:33Z</time></trkpt>
      <trkpt lat="45.6344623" lon="126.3349111"><ele>110.94</ele><time>2026-04-22T09:25:39Z</time></trkpt>
      <trkpt lat="45.6343273" lon="126.3342843"><ele>111.23</ele><time>2026-04-22T09:25:44Z</time></trkpt>
      <trkpt lat="45.6342025" lon="126.3334542"><ele>111.83</ele><time>2026-04-22T09:25:49Z</time></trkpt>
      <trkpt lat="45.6340874" lon="126.3327909"><ele>112.5</ele><time>2026-04-22T09:25:53Z</time></trkpt>
      <trkpt lat="45.6340612" lon="126.3317122"><ele>112.8</ele><time>2026-04-22T09:25:59Z</time></trkpt>
      <trkpt lat="45.6341113" lon="126.3307243"><ele>113.2</ele><time>2026-04-22T09:26:04Z</time></trkpt>
      <trkpt lat="45.6342609" lon="126.3297260"><ele>113.88</ele><time>2026-04-22T09:26:08Z</time></trkpt>
      <trkpt lat="45.6346118" lon="126.3281623"><ele>116.72</ele><time>2026-04-22T09:26:14Z</time></trkpt>
      <trkpt lat="45.6350313" lon="126.3270057"><ele>117.93</ele><time>2026-04-22T09:26:19Z</time></trkpt>
      <trkpt lat="45.6355731" lon="126.3259324"><ele>118.21</ele><time>2026-04-22T09:26:24Z</time></trkpt>
      <trkpt lat="45.6362665" lon="126.3248932"><ele>118.1</ele><time>2026-04-22T09:26:29Z</time></trkpt>
      <trkpt lat="45.6376009" lon="126.3230822"><ele>117.53</ele><time>2026-04-22T09:26:38Z</time></trkpt>
      <trkpt lat="45.6389004" lon="126.3213231"><ele>115.71</ele><time>2026-04-22T09:26:47Z</time></trkpt>
      <trkpt lat="45.6401423" lon="126.3196515"><ele>115.29</ele><time>2026-04-22T09:26:55Z</time></trkpt>
      <trkpt lat="45.6417053" lon="126.3174996"><ele>115.64</ele><time>2026-04-22T09:27:05Z</time></trkpt>
      <trkpt lat="45.6429620" lon="126.3157649"><ele>115.38</ele><time>2026-04-22T09:27:13Z</time></trkpt>
      <trkpt lat="45.6435470" lon="126.3149795"><ele>115.29</ele><time>2026-04-22T09:27:17Z</time></trkpt>
      <trkpt lat="45.6443841" lon="126.3138426"><ele>113.57</ele><time>2026-04-22T09:27:24Z</time></trkpt>
      <trkpt lat="45.6454061" lon="126.3124631"><ele>112.32</ele><time>2026-04-22T09:27:32Z</time></trkpt>
      <trkpt lat="45.6465399" lon="126.3109454"><ele>115.33</ele><time>2026-04-22T09:27:40Z</time></trkpt>
      <trkpt lat="45.6470797" lon="126.3102175"><ele>117.23</ele><time>2026-04-22T09:27:44Z</time></trkpt>
      <trkpt lat="45.6480914" lon="126.3088044"><ele>115.86</ele><time>2026-04-22T09:27:52Z</time></trkpt>
      <trkpt lat="45.6489306" lon="126.3076330"><ele>113.59</ele><time>2026-04-22T09:27:59Z</time></trkpt>
      <trkpt lat="45.6491823" lon="126.3070243"><ele>113.06</ele><time>2026-04-22T09:28:02Z</time></trkpt>
      <trkpt lat="45.6495019" lon="126.3059143"><ele>112.7</ele><time>2026-04-22T09:28:07Z</time></trkpt>
      <trkpt lat="45.6496245" lon="126.3049228"><ele>112.85</ele><time>2026-04-22T09:28:11Z</time></trkpt>
      <trkpt lat="45.6496151" lon="126.3036437"><ele>112.95</ele><time>2026-04-22T09:28:16Z</time></trkpt>
      <trkpt lat="45.6495936" lon="126.3025276"><ele>112.6</ele><time>2026-04-22T09:28:21Z</time></trkpt>
      <trkpt lat="45.6495838" lon="126.3020946"><ele>111.94</ele><time>2026-04-22T09:28:24Z</time></trkpt>
      <trkpt lat="45.6495739" lon="126.3017113"><ele>110.44</ele><time>2026-04-22T09:28:28Z</time></trkpt>
      <trkpt lat="45.6495546" lon="126.3016250"><ele>110.08</ele><time>2026-04-22T09:28:29Z</time></trkpt>
      <trkpt lat="45.6495216" lon="126.3015346"><ele>109.79</ele><time>2026-04-22T09:28:30Z</time></trkpt>
      <trkpt lat="45.6493387" lon="126.3010414"><ele>109.07</ele><time>2026-04-22T09:28:34Z</time></trkpt>
      <trkpt lat="45.6493055" lon="126.3008783"><ele>109.04</ele><time>2026-04-22T09:28:35Z</time></trkpt>
      <trkpt lat="45.6492869" lon="126.3007040"><ele>109.02</ele><time>2026-04-22T09:28:36Z</time></trkpt>
      <trkpt lat="45.6492823" lon="126.3005372"><ele>109.06</ele><time>2026-04-22T09:28:37Z</time></trkpt>
      <trkpt lat="45.6492833" lon="126.3003961"><ele>109.14</ele><time>2026-04-22T09:28:38Z</time></trkpt>
      <trkpt lat="45.6492912" lon="126.3001731"><ele>109.42</ele><time>2026-04-22T09:28:41Z</time></trkpt>
      <trkpt lat="45.6493153" lon="126.2998077"><ele>109.53</ele><time>2026-04-22T09:28:45Z</time></trkpt>
      <trkpt lat="45.6493553" lon="126.2991436"><ele>109.95</ele><time>2026-04-22T09:28:49Z</time></trkpt>
      <trkpt lat="45.6493587" lon="126.2982600"><ele>111.26</ele><time>2026-04-22T09:28:53Z</time></trkpt>
      <trkpt lat="45.6493194" lon="126.2964927"><ele>113.89</ele><time>2026-04-22T09:29:00Z</time></trkpt>
      <trkpt lat="45.6491916" lon="126.2941699"><ele>114.34</ele><time>2026-04-22T09:29:09Z</time></trkpt>
      <trkpt lat="45.6490524" lon="126.2924756"><ele>112</ele><time>2026-04-22T09:29:16Z</time></trkpt>
      <trkpt lat="45.6489481" lon="126.2908149"><ele>109.57</ele><time>2026-04-22T09:29:23Z</time></trkpt>
      <trkpt lat="45.6488933" lon="126.2896896"><ele>108.45</ele><time>2026-04-22T09:29:27Z</time></trkpt>
      <trkpt lat="45.6488232" lon="126.2878446"><ele>107.68</ele><time>2026-04-22T09:29:33Z</time></trkpt>
      <trkpt lat="45.6486882" lon="126.2852109"><ele>106.33</ele><time>2026-04-22T09:29:41Z</time></trkpt>
      <trkpt lat="45.6485076" lon="126.2817811"><ele>106.07</ele><time>2026-04-22T09:29:51Z</time></trkpt>
      <trkpt lat="45.6482995" lon="126.2790567"><ele>107.23</ele><time>2026-04-22T09:29:59Z</time></trkpt>
      <trkpt lat="45.6480281" lon="126.2774417"><ele>108.26</ele><time>2026-04-22T09:30:04Z</time></trkpt>
      <trkpt lat="45.6475512" lon="126.2755719"><ele>109.15</ele><time>2026-04-22T09:30:10Z</time></trkpt>
      <trkpt lat="45.6467005" lon="126.2727400"><ele>110.08</ele><time>2026-04-22T09:30:19Z</time></trkpt>
      <trkpt lat="45.6458471" lon="126.2698604"><ele>111.11</ele><time>2026-04-22T09:30:28Z</time></trkpt>
      <trkpt lat="45.6449061" lon="126.2666389"><ele>111.8</ele><time>2026-04-22T09:30:38Z</time></trkpt>
      <trkpt lat="45.6438643" lon="126.2630781"><ele>110.28</ele><time>2026-04-22T09:30:49Z</time></trkpt>
      <trkpt lat="45.6430020" lon="126.2602849"><ele>108.44</ele><time>2026-04-22T09:30:58Z</time></trkpt>
      <trkpt lat="45.6422596" lon="126.2582952"><ele>107.34</ele><time>2026-04-22T09:31:05Z</time></trkpt>
      <trkpt lat="45.6413169" lon="126.2561546"><ele>107.02</ele><time>2026-04-22T09:31:13Z</time></trkpt>
      <trkpt lat="45.6405943" lon="126.2547283"><ele>106.91</ele><time>2026-04-22T09:31:19Z</time></trkpt>
      <trkpt lat="45.6401845" lon="126.2539994"><ele>106.35</ele><time>2026-04-22T09:31:23Z</time></trkpt>
      <trkpt lat="45.6398756" lon="126.2534435"><ele>105.2</ele><time>2026-04-22T09:31:27Z</time></trkpt>
      <trkpt lat="45.6397238" lon="126.2531908"><ele>104.13</ele><time>2026-04-22T09:31:30Z</time></trkpt>
      <trkpt lat="45.6396405" lon="126.2530473"><ele>102.84</ele><time>2026-04-22T09:31:34Z</time></trkpt>
      <trkpt lat="45.6394094" lon="126.2526712"><ele>102.12</ele><time>2026-04-22T09:31:39Z</time></trkpt>
      <trkpt lat="45.6390011" lon="126.2520372"><ele>102.46</ele><time>2026-04-22T09:31:44Z</time></trkpt>
      <trkpt lat="45.6384124" lon="126.2511798"><ele>103.14</ele><time>2026-04-22T09:31:50Z</time></trkpt>
      <trkpt lat="45.6377660" lon="126.2503386"><ele>103.7</ele><time>2026-04-22T09:31:55Z</time></trkpt>
      <trkpt lat="45.6368392" lon="126.2492105"><ele>105.24</ele><time>2026-04-22T09:32:01Z</time></trkpt>
      <trkpt lat="45.6354819" lon="126.2476296"><ele>106.67</ele><time>2026-04-22T09:32:09Z</time></trkpt>
      <trkpt lat="45.6335895" lon="126.2454279"><ele>107.29</ele><time>2026-04-22T09:32:20Z</time></trkpt>
      <trkpt lat="45.6321180" lon="126.2437055"><ele>107.14</ele><time>2026-04-22T09:32:29Z</time></trkpt>
      <trkpt lat="45.6314228" lon="126.2428750"><ele>106.64</ele><time>2026-04-22T09:32:34Z</time></trkpt>
      <trkpt lat="45.6311296" lon="126.2425286"><ele>106.04</ele><time>2026-04-22T09:32:37Z</time></trkpt>
      <trkpt lat="45.6308659" lon="126.2422245"><ele>104.59</ele><time>2026-04-22T09:32:41Z</time></trkpt>
      <trkpt lat="45.6307716" lon="126.2421137"><ele>103.3</ele><time>2026-04-22T09:32:45Z</time></trkpt>
      <trkpt lat="45.6307611" lon="126.2421008"><ele>102.01</ele><time>2026-04-22T09:32:53Z</time></trkpt>
    </trkseg>
    <trkseg>
      <trkpt lat="45.6306955" lon="126.2420324"><ele>101.98</ele><time>2026-04-22T09:33:06Z</time></trkpt>
      <trkpt lat="45.6302883" lon="126.2415540"><ele>102.27</ele><time>2026-04-22T09:33:13Z</time></trkpt>
      <trkpt lat="45.6299292" lon="126.2411121"><ele>102.56</ele><time>2026-04-22T09:33:17Z</time></trkpt>
      <trkpt lat="45.6293534" lon="126.2404280"><ele>103.25</ele><time>2026-04-22T09:33:22Z</time></trkpt>
      <trkpt lat="45.6281175" lon="126.2389800"><ele>104.67</ele><time>2026-04-22T09:33:32Z</time></trkpt>
      <trkpt lat="45.6274605" lon="126.2382092"><ele>104.52</ele><time>2026-04-22T09:33:38Z</time></trkpt>
      <trkpt lat="45.6272068" lon="126.2379147"><ele>103.99</ele><time>2026-04-22T09:33:42Z</time></trkpt>
      <trkpt lat="45.6270144" lon="126.2376858"><ele>103.07</ele><time>2026-04-22T09:33:47Z</time></trkpt>
      <trkpt lat="45.6269206" lon="126.2375702"><ele>102.46</ele><time>2026-04-22T09:33:53Z</time></trkpt>
      <trkpt lat="45.6268372" lon="126.2374698"><ele>102.33</ele><time>2026-04-22T09:33:57Z</time></trkpt>
      <trkpt lat="45.6265862" lon="126.2371802"><ele>102.37</ele><time>2026-04-22T09:34:02Z</time></trkpt>
      <trkpt lat="45.6261910" lon="126.2367138"><ele>102.67</ele><time>2026-04-22T09:34:07Z</time></trkpt>
      <trkpt lat="45.6254407" lon="126.2358307"><ele>103.09</ele><time>2026-04-22T09:34:15Z</time></trkpt>
      <trkpt lat="45.6246172" lon="126.2348732"><ele>104</ele><time>2026-04-22T09:34:22Z</time></trkpt>
      <trkpt lat="45.6235750" lon="126.2336484"><ele>104.8</ele><time>2026-04-22T09:34:31Z</time></trkpt>
      <trkpt lat="45.6228306" lon="126.2327543"><ele>106.64</ele><time>2026-04-22T09:34:38Z</time></trkpt>
      <trkpt lat="45.6221520" lon="126.2319628"><ele>107.49</ele><time>2026-04-22T09:34:45Z</time></trkpt>
      <trkpt lat="45.6214520" lon="126.2312500"><ele>107.76</ele><time>2026-04-22T09:34:53Z</time></trkpt>
      <trkpt lat="45.6209661" lon="126.2307858"><ele>107.19</ele><time>2026-04-22T09:35:00Z</time></trkpt>
      <trkpt lat="45.6205715" lon="126.2304403"><ele>107.44</ele><time>2026-04-22T09:35:06Z</time></trkpt>
      <trkpt lat="45.6202918" lon="126.2303687"><ele>107.18</ele><time>2026-04-22T09:35:12Z</time></trkpt>
      <trkpt lat="45.6201425" lon="126.2304454"><ele>106.36</ele><time>2026-04-22T09:35:17Z</time></trkpt>
      <trkpt lat="45.6200321" lon="126.2305972"><ele>105.83</ele><time>2026-04-22T09:35:23Z</time></trkpt>
      <trkpt lat="45.6198541" lon="126.2308250"><ele>105.87</ele><time>2026-04-22T09:35:30Z</time></trkpt>
      <trkpt lat="45.6197764" lon="126.2309398"><ele>105.8</ele><time>2026-04-22T09:35:37Z</time></trkpt>
      <trkpt lat="45.6196581" lon="126.2311655"><ele>105.44</ele><time>2026-04-22T09:35:44Z</time></trkpt>
      <trkpt lat="45.6196867" lon="126.2314388"><ele>103.79</ele><time>2026-04-22T09:35:50Z</time></trkpt>
      <trkpt lat="45.6197542" lon="126.2318449"><ele>100.64</ele><time>2026-04-22T09:35:59Z</time></trkpt>
    </trkseg>
  </trk>
</gpx>
