<?xml version="1.0" encoding="UTF-8"?>
<gpx version="1.1" creator="dgs-toolbox" xmlns="http://www.topografix.com/GPX/1/1">
  <metadata><name>20260506 大堡子, 修车, 大有山</name></metadata>
  <trk>
    <name>CN 西宁 大堡子, 大有山</name>
    <trkseg>
      <trkpt lat="36.6337040" lon="101.7323784"><ele>2274.13</ele><time>2026-05-06T05:51:38Z</time></trkpt>
      <trkpt lat="36.6341975" lon="101.7310241"><ele>2277.39</ele><time>2026-05-06T05:51:45Z</time></trkpt>
      <trkpt lat="36.6345230" lon="101.7298076"><ele>2277.66</ele><time>2026-05-06T05:51:51Z</time></trkpt>
      <trkpt lat="36.6348325" lon="101.7281509"><ele>2274.31</ele><time>2026-05-06T05:51:59Z</time></trkpt>
      <trkpt lat="36.6351238" lon="101.7264839"><ele>2271.73</ele><time>2026-05-06T05:52:07Z</time></trkpt>
      <trkpt lat="36.6354325" lon="101.7248118"><ele>2271.31</ele><time>2026-05-06T05:52:15Z</time></trkpt>
      <trkpt lat="36.6356387" lon="101.7237370"><ele>2270.98</ele><time>2026-05-06T05:52:21Z</time></trkpt>
      <trkpt lat="36.6357473" lon="101.7232532"><ele>2270.53</ele><time>2026-05-06T05:52:25Z</time></trkpt>
      <trkpt lat="36.6358142" lon="101.7229930"><ele>2269.81</ele><time>2026-05-06T05:52:29Z</time></trkpt>
      <trkpt lat="36.6358375" lon="101.7229026"><ele>2269.26</ele><time>2026-05-06T05:52:33Z</time></trkpt>
      <trkpt lat="36.6358410" lon="101.7228847"><ele>2268.9</ele><time>2026-05-06T05:52:36Z</time></trkpt>
    </trkseg>
    <trkseg>
      <trkpt lat="36.6358546" lon="101.7228251"><ele>2268.66</ele><time>2026-05-06T05:53:39Z</time></trkpt>
      <trkpt lat="36.6359714" lon="101.7224231"><ele>2268.73</ele><time>2026-05-06T05:53:43Z</time></trkpt>
      <trkpt lat="36.6361166" lon="101.7219324"><ele>2269.1</ele><time>2026-05-06T05:53:47Z</time></trkpt>
      <trkpt lat="36.6363927" lon="101.7210000"><ele>2269.76</ele><time>2026-05-06T05:53:53Z</time></trkpt>
      <trkpt lat="36.6367164" lon="101.7199004"><ele>2270.61</ele><time>2026-05-06T05:53:59Z</time></trkpt>
      <trkpt lat="36.6371944" lon="101.7183136"><ele>2271.8</ele><time>2026-05-06T05:54:07Z</time></trkpt>
      <trkpt lat="36.6377648" lon="101.7164639"><ele>2271.72</ele><time>2026-05-06T05:54:16Z</time></trkpt>
      <trkpt lat="36.6384086" lon="101.7144925"><ele>2270.13</ele><time>2026-05-06T05:54:26Z</time></trkpt>
      <trkpt lat="36.6388448" lon="101.7132269"><ele>2272.4</ele><time>2026-05-06T05:54:33Z</time></trkpt>
      <trkpt lat="36.6392673" lon="101.7120055"><ele>2273.9</ele><time>2026-05-06T05:54:40Z</time></trkpt>
      <trkpt lat="36.6396969" lon="101.7106279"><ele>2275.09</ele><time>2026-05-06T05:54:48Z</time></trkpt>
      <trkpt lat="36.6399794" lon="101.7094119"><ele>2277.12</ele><time>2026-05-06T05:54:55Z</time></trkpt>
      <trkpt lat="36.6401728" lon="101.7085324"><ele>2278.25</ele><time>2026-05-06T05:55:01Z</time></trkpt>
      <trkpt lat="36.6402326" lon="101.7082477"><ele>2278.34</ele><time>2026-05-06T05:55:04Z</time></trkpt>
      <trkpt lat="36.6402681" lon="101.7080495"><ele>2278.09</ele><time>2026-05-06T05:55:08Z</time></trkpt>
      <trkpt lat="36.6402858" lon="101.7079158"><ele>2277.7</ele><time>2026-05-06T05:55:15Z</time></trkpt>
      <trkpt lat="36.6403360" lon="101.7076688"><ele>2277.75</ele><time>2026-05-06T05:55:21Z</time></trkpt>
      <trkpt lat="36.6404137" lon="101.7072846"><ele>2277.88</ele><time>2026-05-06T05:55:26Z</time></trkpt>
      <trkpt lat="36.6405560" lon="101.7065161"><ele>2278.3</ele><time>2026-05-06T05:55:33Z</time></trkpt>
      <trkpt lat="36.6407005" lon="101.7056906"><ele>2278.74</ele><time>2026-05-06T05:55:39Z</time></trkpt>
      <trkpt lat="36.6409481" lon="101.7041852"><ele>2279.01</ele><time>2026-05-06T05:55:49Z</time></trkpt>
      <trkpt lat="36.6410472" lon="101.7035800"><ele>2279.04</ele><time>2026-05-06T05:55:54Z</time></trkpt>
      <trkpt lat="36.6410951" lon="101.7032951"><ele>2278.63</ele><time>2026-05-06T05:55:58Z</time></trkpt>
      <trkpt lat="36.6411133" lon="101.7031829"><ele>2278.02</ele><time>2026-05-06T05:56:02Z</time></trkpt>
      <trkpt lat="36.6411168" lon="101.7031550"><ele>2277.73</ele><time>2026-05-06T05:56:05Z</time></trkpt>
    </trkseg>
    <trkseg>
      <trkpt lat="36.6411446" lon="101.7030681"><ele>2277.43</ele><time>2026-05-06T05:56:54Z</time></trkpt>
      <trkpt lat="36.6412321" lon="101.7026368"><ele>2277.73</ele><time>2026-05-06T05:56:58Z</time></trkpt>
      <trkpt lat="36.6413686" lon="101.7019609"><ele>2278.18</ele><time>2026-05-06T05:57:03Z</time></trkpt>
      <trkpt lat="36.6415382" lon="101.7011303"><ele>2278.82</ele><time>2026-05-06T05:57:08Z</time></trkpt>
      <trkpt lat="36.6418134" lon="101.6997858"><ele>2279.04</ele><time>2026-05-06T05:57:16Z</time></trkpt>
      <trkpt lat="36.6419515" lon="101.6991623"><ele>2278.45</ele><time>2026-05-06T05:57:21Z</time></trkpt>
      <trkpt lat="36.6420192" lon="101.6988498"><ele>2277.64</ele><time>2026-05-06T05:57:25Z</time></trkpt>
      <trkpt lat="36.6420487" lon="101.6986973"><ele>2276.78</ele><time>2026-05-06T05:57:29Z</time></trkpt>
      <trkpt lat="36.6420556" lon="101.6986414"><ele>2275.87</ele><time>2026-05-06T05:57:33Z</time></trkpt>
    </trkseg>
    <trkseg>
      <trkpt lat="36.6420428" lon="101.6986041"><ele>2275.85</ele><time>2026-05-06T05:57:41Z</time></trkpt>
      <trkpt lat="36.6420649" lon="101.6984916"><ele>2275.85</ele><time>2026-05-06T05:57:42Z</time></trkpt>
      <trkpt lat="36.6421356" lon="101.6981365"><ele>2275.97</ele><time>2026-05-06T05:57:45Z</time></trkpt>
      <trkpt lat="36.6422749" lon="101.6974554"><ele>2276.37</ele><time>2026-05-06T05:57:50Z</time></trkpt>
      <trkpt lat="36.6425113" lon="101.6963206"><ele>2277</ele><time>2026-05-06T05:57:57Z</time></trkpt>
      <trkpt lat="36.6426980" lon="101.6954071"><ele>2277.52</ele><time>2026-05-06T05:58:02Z</time></trkpt>
      <trkpt lat="36.6430709" lon="101.6937368"><ele>2278.05</ele><time>2026-05-06T05:58:11Z</time></trkpt>
      <trkpt lat="36.6432626" lon="101.6929424"><ele>2277.8</ele><time>2026-05-06T05:58:16Z</time></trkpt>
      <trkpt lat="36.6433986" lon="101.6923723"><ele>2277.23</ele><time>2026-05-06T05:58:21Z</time></trkpt>
      <trkpt lat="36.6434585" lon="101.6921152"><ele>2276.6</ele><time>2026-05-06T05:58:25Z</time></trkpt>
      <trkpt lat="36.6434835" lon="101.6920085"><ele>2276.1</ele><time>2026-05-06T05:58:29Z</time></trkpt>
      <trkpt lat="36.6434908" lon="101.6919785"><ele>2275.74</ele><time>2026-05-06T05:58:32Z</time></trkpt>
    </trkseg>
    <trkseg>
      <trkpt lat="36.6435309" lon="101.6918582"><ele>2275.68</ele><time>2026-05-06T05:59:10Z</time></trkpt>
      <trkpt lat="36.6436558" lon="101.6913658"><ele>2275.72</ele><time>2026-05-06T05:59:14Z</time></trkpt>
      <trkpt lat="36.6438375" lon="101.6906597"><ele>2276.21</ele><time>2026-05-06T05:59:19Z</time></trkpt>
      <trkpt lat="36.6441884" lon="101.6892508"><ele>2277.8</ele><time>2026-05-06T05:59:28Z</time></trkpt>
      <trkpt lat="36.6443954" lon="101.6883622"><ele>2278.66</ele><time>2026-05-06T05:59:34Z</time></trkpt>
      <trkpt lat="36.6446402" lon="101.6871961"><ele>2279.32</ele><time>2026-05-06T05:59:42Z</time></trkpt>
      <trkpt lat="36.6448854" lon="101.6858723"><ele>2280.91</ele><time>2026-05-06T05:59:51Z</time></trkpt>
      <trkpt lat="36.6450150" lon="101.6851205"><ele>2282.02</ele><time>2026-05-06T05:59:57Z</time></trkpt>
      <trkpt lat="36.6451521" lon="101.6843674"><ele>2283.33</ele><time>2026-05-06T06:00:04Z</time></trkpt>
      <trkpt lat="36.6452963" lon="101.6836723"><ele>2284.56</ele><time>2026-05-06T06:00:10Z</time></trkpt>
      <trkpt lat="36.6454467" lon="101.6829754"><ele>2285.9</ele><time>2026-05-06T06:00:15Z</time></trkpt>
      <trkpt lat="36.6457313" lon="101.6816255"><ele>2288.16</ele><time>2026-05-06T06:00:24Z</time></trkpt>
      <trkpt lat="36.6459484" lon="101.6805162"><ele>2289.31</ele><time>2026-05-06T06:00:32Z</time></trkpt>
      <trkpt lat="36.6461065" lon="101.6797737"><ele>2290.05</ele><time>2026-05-06T06:00:38Z</time></trkpt>
      <trkpt lat="36.6463463" lon="101.6787658"><ele>2290.98</ele><time>2026-05-06T06:00:46Z</time></trkpt>
      <trkpt lat="36.6465358" lon="101.6779475"><ele>2292.28</ele><time>2026-05-06T06:00:52Z</time></trkpt>
      <trkpt lat="36.6467654" lon="101.6768664"><ele>2293.54</ele><time>2026-05-06T06:01:00Z</time></trkpt>
      <trkpt lat="36.6469476" lon="101.6759823"><ele>2294.14</ele><time>2026-05-06T06:01:06Z</time></trkpt>
      <trkpt lat="36.6472573" lon="101.6745523"><ele>2295.76</ele><time>2026-05-06T06:01:15Z</time></trkpt>
      <trkpt lat="36.6474322" lon="101.6736697"><ele>2296.79</ele><time>2026-05-06T06:01:21Z</time></trkpt>
      <trkpt lat="36.6476628" lon="101.6724387"><ele>2296.68</ele><time>2026-05-06T06:01:30Z</time></trkpt>
      <trkpt lat="36.6479078" lon="101.6713155"><ele>2294.44</ele><time>2026-05-06T06:01:38Z</time></trkpt>
      <trkpt lat="36.6480861" lon="101.6705903"><ele>2292.6</ele><time>2026-05-06T06:01:43Z</time></trkpt>
      <trkpt lat="36.6483849" lon="101.6693691"><ele>2290.75</ele><time>2026-05-06T06:01:51Z</time></trkpt>
      <trkpt lat="36.6485743" lon="101.6685302"><ele>2289.64</ele><time>2026-05-06T06:01:57Z</time></trkpt>
      <trkpt lat="36.6487512" lon="101.6676001"><ele>2288.22</ele><time>2026-05-06T06:02:04Z</time></trkpt>
      <trkpt lat="36.6489340" lon="101.6666826"><ele>2287.06</ele><time>2026-05-06T06:02:10Z</time></trkpt>
      <trkpt lat="36.6491972" lon="101.6654559"><ele>2285.25</ele><time>2026-05-06T06:02:17Z</time></trkpt>
      <trkpt lat="36.6496916" lon="101.6631581"><ele>2285.33</ele><time>2026-05-06T06:02:29Z</time></trkpt>
      <trkpt lat="36.6500711" lon="101.6614126"><ele>2288.28</ele><time>2026-05-06T06:02:38Z</time></trkpt>
      <trkpt lat="36.6503313" lon="101.6602192"><ele>2291.4</ele><time>2026-05-06T06:02:44Z</time></trkpt>
      <trkpt lat="36.6506423" lon="101.6587992"><ele>2294.73</ele><time>2026-05-06T06:02:51Z</time></trkpt>
      <trkpt lat="36.6510413" lon="101.6569749"><ele>2297.31</ele><time>2026-05-06T06:03:00Z</time></trkpt>
      <trkpt lat="36.6514053" lon="101.6551233"><ele>2296.29</ele><time>2026-05-06T06:03:09Z</time></trkpt>
      <trkpt lat="36.6516357" lon="101.6533611"><ele>2295.06</ele><time>2026-05-06T06:03:17Z</time></trkpt>
      <trkpt lat="36.6517420" lon="101.6513596"><ele>2292.49</ele><time>2026-05-06T06:03:26Z</time></trkpt>
      <trkpt lat="36.6517230" lon="101.6499290"><ele>2290.43</ele><time>2026-05-06T06:03:33Z</time></trkpt>
      <trkpt lat="36.6516894" lon="101.6490913"><ele>2288.46</ele><time>2026-05-06T06:03:38Z</time></trkpt>
      <trkpt lat="36.6516852" lon="101.6484896"><ele>2286.28</ele><time>2026-05-06T06:03:43Z</time></trkpt>
      <trkpt lat="36.6517103" lon="101.6483179"><ele>2285.39</ele><time>2026-05-06T06:03:45Z</time></trkpt>
      <trkpt lat="36.6517335" lon="101.6482462"><ele>2285.01</ele><time>2026-05-06T06:03:46Z</time></trkpt>
      <trkpt lat="36.6517661" lon="101.6481839"><ele>2284.63</ele><time>2026-05-06T06:03:47Z</time></trkpt>
      <trkpt lat="36.6518090" lon="101.6481310"><ele>2284.29</ele><time>2026-05-06T06:03:48Z</time></trkpt>
      <trkpt lat="36.6518627" lon="101.6480877"><ele>2283.94</ele><time>2026-05-06T06:03:49Z</time></trkpt>
      <trkpt lat="36.6519272" lon="101.6480539"><ele>2283.64</ele><time>2026-05-06T06:03:50Z</time></trkpt>
      <trkpt lat="36.6520020" lon="101.6480288"><ele>2283.47</ele><time>2026-05-06T06:03:51Z</time></trkpt>
      <trkpt lat="36.6520862" lon="101.6480114"><ele>2283.35</ele><time>2026-05-06T06:03:52Z</time></trkpt>
      <trkpt lat="36.6527389" lon="101.6479989"><ele>2283.35</ele><time>2026-05-06T06:03:58Z</time></trkpt>
      <trkpt lat="36.6537830" lon="101.6480042"><ele>2285.1</ele><time>2026-05-06T06:04:06Z</time></trkpt>
      <trkpt lat="36.6546639" lon="101.6479839"><ele>2286.08</ele><time>2026-05-06T06:04:13Z</time></trkpt>
      <trkpt lat="36.6553950" lon="101.6479485"><ele>2286.65</ele><time>2026-05-06T06:04:20Z</time></trkpt>
      <trkpt lat="36.6555519" lon="101.6479064"><ele>2286.71</ele><time>2026-05-06T06:04:22Z</time></trkpt>
      <trkpt lat="36.6558154" lon="101.6476460"><ele>2286.86</ele><time>2026-05-06T06:04:27Z</time></trkpt>
      <trkpt lat="36.6558463" lon="101.6475593"><ele>2286.97</ele><time>2026-05-06T06:04:28Z</time></trkpt>
      <trkpt lat="36.6558708" lon="101.6474601"><ele>2287.04</ele><time>2026-05-06T06:04:29Z</time></trkpt>
      <trkpt lat="36.6558901" lon="101.6473491"><ele>2287.16</ele><time>2026-05-06T06:04:30Z</time></trkpt>
      <trkpt lat="36.6559055" lon="101.6472278"><ele>2287.3</ele><time>2026-05-06T06:04:31Z</time></trkpt>
      <trkpt lat="36.6559546" lon="101.6463453"><ele>2288.25</ele><time>2026-05-06T06:04:37Z</time></trkpt>
      <trkpt lat="36.6560000" lon="101.6449944"><ele>2289.48</ele><time>2026-05-06T06:04:45Z</time></trkpt>
      <trkpt lat="36.6560336" lon="101.6438205"><ele>2290.56</ele><time>2026-05-06T06:04:52Z</time></trkpt>
      <trkpt lat="36.6560460" lon="101.6428308"><ele>2291.04</ele><time>2026-05-06T06:04:59Z</time></trkpt>
      <trkpt lat="36.6560625" lon="101.6424821"><ele>2291.16</ele><time>2026-05-06T06:05:03Z</time></trkpt>
      <trkpt lat="36.6561575" lon="101.6422878"><ele>2291.06</ele><time>2026-05-06T06:05:08Z</time></trkpt>
      <trkpt lat="36.6562373" lon="101.6422598"><ele>2291.07</ele><time>2026-05-06T06:05:10Z</time></trkpt>
      <trkpt lat="36.6565379" lon="101.6422353"><ele>2291.27</ele><time>2026-05-06T06:05:15Z</time></trkpt>
      <trkpt lat="36.6572585" lon="101.6421923"><ele>2292.81</ele><time>2026-05-06T06:05:24Z</time></trkpt>
      <trkpt lat="36.6580885" lon="101.6421476"><ele>2294.17</ele><time>2026-05-06T06:05:33Z</time></trkpt>
      <trkpt lat="36.6602442" lon="101.6421185"><ele>2296.42</ele><time>2026-05-06T06:05:56Z</time></trkpt>
      <trkpt lat="36.6603159" lon="101.6420998"><ele>2296.47</ele><time>2026-05-06T06:05:57Z</time></trkpt>
      <trkpt lat="36.6603847" lon="101.6420784"><ele>2296.52</ele><time>2026-05-06T06:05:58Z</time></trkpt>
      <trkpt lat="36.6604514" lon="101.6420552"><ele>2296.62</ele><time>2026-05-06T06:05:59Z</time></trkpt>
      <trkpt lat="36.6605163" lon="101.6420311"><ele>2296.68</ele><time>2026-05-06T06:06:00Z</time></trkpt>
      <trkpt lat="36.6606421" lon="101.6419861"><ele>2296.8</ele><time>2026-05-06T06:06:02Z</time></trkpt>
      <trkpt lat="36.6607030" lon="101.6419676"><ele>2296.84</ele><time>2026-05-06T06:06:03Z</time></trkpt>
      <trkpt lat="36.6607625" lon="101.6419526"><ele>2296.86</ele><time>2026-05-06T06:06:04Z</time></trkpt>
      <trkpt lat="36.6611647" lon="101.6419168"><ele>2296.74</ele><time>2026-05-06T06:06:11Z</time></trkpt>
      <trkpt lat="36.6612878" lon="101.6419170"><ele>2296.74</ele><time>2026-05-06T06:06:13Z</time></trkpt>
      <trkpt lat="36.6613531" lon="101.6419174"><ele>2296.79</ele><time>2026-05-06T06:06:14Z</time></trkpt>
      <trkpt lat="36.6619263" lon="101.6419202"><ele>2297.37</ele><time>2026-05-06T06:06:22Z</time></trkpt>
      <trkpt lat="36.6622928" lon="101.6419542"><ele>2297.76</ele><time>2026-05-06T06:06:28Z</time></trkpt>
      <trkpt lat="36.6623367" lon="101.6419750"><ele>2297.77</ele><time>2026-05-06T06:06:29Z</time></trkpt>
      <trkpt lat="36.6623744" lon="101.6420032"><ele>2297.77</ele><time>2026-05-06T06:06:30Z</time></trkpt>
      <trkpt lat="36.6624061" lon="101.6420403"><ele>2297.77</ele><time>2026-05-06T06:06:31Z</time></trkpt>
      <trkpt lat="36.6624324" lon="101.6420876"><ele>2297.75</ele><time>2026-05-06T06:06:32Z</time></trkpt>
      <trkpt lat="36.6624956" lon="101.6423812"><ele>2297.73</ele><time>2026-05-06T06:06:36Z</time></trkpt>
      <trkpt lat="36.6625258" lon="101.6430315"><ele>2298.06</ele><time>2026-05-06T06:06:42Z</time></trkpt>
      <trkpt lat="36.6625353" lon="101.6435970"><ele>2298.19</ele><time>2026-05-06T06:06:48Z</time></trkpt>
      <trkpt lat="36.6625416" lon="101.6437707"><ele>2298.05</ele><time>2026-05-06T06:06:51Z</time></trkpt>
      <trkpt lat="36.6626005" lon="101.6439521"><ele>2297.37</ele><time>2026-05-06T06:06:56Z</time></trkpt>
      <trkpt lat="36.6628002" lon="101.6440509"><ele>2297.33</ele><time>2026-05-06T06:07:01Z</time></trkpt>
      <trkpt lat="36.6628587" lon="101.6440572"><ele>2297.36</ele><time>2026-05-06T06:07:02Z</time></trkpt>
      <trkpt lat="36.6636817" lon="101.6439338"><ele>2298.21</ele><time>2026-05-06T06:07:12Z</time></trkpt>
      <trkpt lat="36.6642867" lon="101.6438231"><ele>2299.45</ele><time>2026-05-06T06:07:18Z</time></trkpt>
      <trkpt lat="36.6650953" lon="101.6436925"><ele>2300.9</ele><time>2026-05-06T06:07:26Z</time></trkpt>
      <trkpt lat="36.6659327" lon="101.6435867"><ele>2302.28</ele><time>2026-05-06T06:07:34Z</time></trkpt>
      <trkpt lat="36.6665596" lon="101.6435077"><ele>2303.11</ele><time>2026-05-06T06:07:41Z</time></trkpt>
      <trkpt lat="36.6667622" lon="101.6434810"><ele>2303.2</ele><time>2026-05-06T06:07:45Z</time></trkpt>
      <trkpt lat="36.6668422" lon="101.6434706"><ele>2302.97</ele><time>2026-05-06T06:07:49Z</time></trkpt>
      <trkpt lat="36.6668608" lon="101.6434684"><ele>2302.83</ele><time>2026-05-06T06:07:51Z</time></trkpt>
    </trkseg>
    <trkseg>
      <trkpt lat="36.6669123" lon="101.6435005"><ele>2302.7</ele><time>2026-05-06T06:08:55Z</time></trkpt>
      <trkpt lat="36.6669911" lon="101.6434581"><ele>2302.7</ele><time>2026-05-06T06:08:57Z</time></trkpt>
      <trkpt lat="36.6671605" lon="101.6432935"><ele>2302.73</ele><time>2026-05-06T06:09:02Z</time></trkpt>
      <trkpt lat="36.6671828" lon="101.6432412"><ele>2302.74</ele><time>2026-05-06T06:09:03Z</time></trkpt>
      <trkpt lat="36.6671999" lon="101.6431796"><ele>2302.79</ele><time>2026-05-06T06:09:04Z</time></trkpt>
      <trkpt lat="36.6672118" lon="101.6431080"><ele>2302.83</ele><time>2026-05-06T06:09:05Z</time></trkpt>
      <trkpt lat="36.6672190" lon="101.6430260"><ele>2302.88</ele><time>2026-05-06T06:09:06Z</time></trkpt>
      <trkpt lat="36.6672223" lon="101.6429338"><ele>2302.94</ele><time>2026-05-06T06:09:07Z</time></trkpt>
      <trkpt lat="36.6671990" lon="101.6423533"><ele>2303.34</ele><time>2026-05-06T06:09:12Z</time></trkpt>
      <trkpt lat="36.6670999" lon="101.6413154"><ele>2304.06</ele><time>2026-05-06T06:09:20Z</time></trkpt>
      <trkpt lat="36.6670232" lon="101.6407505"><ele>2304.13</ele><time>2026-05-06T06:09:26Z</time></trkpt>
      <trkpt lat="36.6669998" lon="101.6405438"><ele>2304</ele><time>2026-05-06T06:09:30Z</time></trkpt>
      <trkpt lat="36.6670177" lon="101.6404237"><ele>2303.75</ele><time>2026-05-06T06:09:36Z</time></trkpt>
      <trkpt lat="36.6670776" lon="101.6403902"><ele>2303.79</ele><time>2026-05-06T06:09:43Z</time></trkpt>
      <trkpt lat="36.6672815" lon="101.6403477"><ele>2304.18</ele><time>2026-05-06T06:09:52Z</time></trkpt>
      <trkpt lat="36.6674880" lon="101.6403162"><ele>2304.43</ele><time>2026-05-06T06:09:57Z</time></trkpt>
      <trkpt lat="36.6675569" lon="101.6402685"><ele>2304.75</ele><time>2026-05-06T06:10:19Z</time></trkpt>
    </trkseg>
    <trkseg>
      <trkpt lat="36.6671035" lon="101.6403850"><ele>2303.97</ele><time>2026-05-06T06:56:00Z</time></trkpt>
    </trkseg>
    <trkseg>
      <trkpt lat="36.6670212" lon="101.6404784"><ele>2303.69</ele><time>2026-05-06T06:56:47Z</time></trkpt>
      <trkpt lat="36.6669391" lon="101.6402627"><ele>2303.48</ele><time>2026-05-06T06:56:51Z</time></trkpt>
      <trkpt lat="36.6668046" lon="101.6397586"><ele>2303.5</ele><time>2026-05-06T06:56:57Z</time></trkpt>
      <trkpt lat="36.6666594" lon="101.6390365"><ele>2303.78</ele><time>2026-05-06T06:57:03Z</time></trkpt>
      <trkpt lat="36.6664459" lon="101.6376825"><ele>2305.38</ele><time>2026-05-06T06:57:13Z</time></trkpt>
      <trkpt lat="36.6663531" lon="101.6367143"><ele>2305.69</ele><time>2026-05-06T06:57:21Z</time></trkpt>
      <trkpt lat="36.6663195" lon="101.6361636"><ele>2305.65</ele><time>2026-05-06T06:57:27Z</time></trkpt>
      <trkpt lat="36.6663031" lon="101.6358694"><ele>2305.45</ele><time>2026-05-06T06:57:32Z</time></trkpt>
      <trkpt lat="36.6662963" lon="101.6357405"><ele>2305.22</ele><time>2026-05-06T06:57:37Z</time></trkpt>
      <trkpt lat="36.6662883" lon="101.6357170"><ele>2305.08</ele><time>2026-05-06T06:57:44Z</time></trkpt>
    </trkseg>
    <trkseg>
      <trkpt lat="36.6662842" lon="101.6356591"><ele>2305.18</ele><time>2026-05-06T06:57:52Z</time></trkpt>
      <trkpt lat="36.6662166" lon="101.6352758"><ele>2305.38</ele><time>2026-05-06T06:57:58Z</time></trkpt>
      <trkpt lat="36.6661193" lon="101.6347767"><ele>2305.71</ele><time>2026-05-06T06:58:04Z</time></trkpt>
      <trkpt lat="36.6659663" lon="101.6340118"><ele>2306.08</ele><time>2026-05-06T06:58:11Z</time></trkpt>
      <trkpt lat="36.6658158" lon="101.6331905"><ele>2306.45</ele><time>2026-05-06T06:58:17Z</time></trkpt>
      <trkpt lat="36.6656367" lon="101.6321345"><ele>2308.11</ele><time>2026-05-06T06:58:24Z</time></trkpt>
      <trkpt lat="36.6654644" lon="101.6310641"><ele>2308.76</ele><time>2026-05-06T06:58:32Z</time></trkpt>
      <trkpt lat="36.6653769" lon="101.6305148"><ele>2308.87</ele><time>2026-05-06T06:58:38Z</time></trkpt>
      <trkpt lat="36.6653497" lon="101.6303414"><ele>2308.74</ele><time>2026-05-06T06:58:42Z</time></trkpt>
      <trkpt lat="36.6653395" lon="101.6302765"><ele>2308.31</ele><time>2026-05-06T06:58:46Z</time></trkpt>
    </trkseg>
    <trkseg>
      <trkpt lat="36.6652799" lon="101.6301986"><ele>2307.8</ele><time>2026-05-06T06:59:29Z</time></trkpt>
      <trkpt lat="36.6652759" lon="101.6302579"><ele>2307.86</ele><time>2026-05-06T06:59:30Z</time></trkpt>
      <trkpt lat="36.6652732" lon="101.6303200"><ele>2307.91</ele><time>2026-05-06T06:59:31Z</time></trkpt>
      <trkpt lat="36.6652732" lon="101.6303876"><ele>2307.98</ele><time>2026-05-06T06:59:32Z</time></trkpt>
      <trkpt lat="36.6652772" lon="101.6304627"><ele>2308.02</ele><time>2026-05-06T06:59:33Z</time></trkpt>
      <trkpt lat="36.6652858" lon="101.6305465"><ele>2308.17</ele><time>2026-05-06T06:59:34Z</time></trkpt>
      <trkpt lat="36.6652988" lon="101.6306391"><ele>2308.28</ele><time>2026-05-06T06:59:35Z</time></trkpt>
      <trkpt lat="36.6654081" lon="101.6312081"><ele>2309.45</ele><time>2026-05-06T06:59:40Z</time></trkpt>
      <trkpt lat="36.6656129" lon="101.6323047"><ele>2310.96</ele><time>2026-05-06T06:59:48Z</time></trkpt>
      <trkpt lat="36.6658087" lon="101.6335861"><ele>2310.99</ele><time>2026-05-06T06:59:57Z</time></trkpt>
      <trkpt lat="36.6659151" lon="101.6342807"><ele>2310.44</ele><time>2026-05-06T07:00:03Z</time></trkpt>
      <trkpt lat="36.6659632" lon="101.6345682"><ele>2309.33</ele><time>2026-05-06T07:00:07Z</time></trkpt>
      <trkpt lat="36.6659890" lon="101.6347043"><ele>2308.42</ele><time>2026-05-06T07:00:11Z</time></trkpt>
      <trkpt lat="36.6660009" lon="101.6347533"><ele>2307.24</ele><time>2026-05-06T07:00:15Z</time></trkpt>
    </trkseg>
    <trkseg>
      <trkpt lat="36.6660076" lon="101.6348073"><ele>2306.79</ele><time>2026-05-06T07:00:30Z</time></trkpt>
      <trkpt lat="36.6660344" lon="101.6350921"><ele>2306.89</ele><time>2026-05-06T07:00:36Z</time></trkpt>
      <trkpt lat="36.6660768" lon="101.6355458"><ele>2306.89</ele><time>2026-05-06T07:00:42Z</time></trkpt>
      <trkpt lat="36.6661233" lon="101.6359830"><ele>2307.06</ele><time>2026-05-06T07:00:46Z</time></trkpt>
      <trkpt lat="36.6662524" lon="101.6368721"><ele>2307.43</ele><time>2026-05-06T07:00:53Z</time></trkpt>
      <trkpt lat="36.6664254" lon="101.6379560"><ele>2306.86</ele><time>2026-05-06T07:01:02Z</time></trkpt>
      <trkpt lat="36.6665777" lon="101.6389980"><ele>2306.03</ele><time>2026-05-06T07:01:11Z</time></trkpt>
      <trkpt lat="36.6667841" lon="101.6401610"><ele>2305.73</ele><time>2026-05-06T07:01:21Z</time></trkpt>
      <trkpt lat="36.6669937" lon="101.6414350"><ele>2305.44</ele><time>2026-05-06T07:01:32Z</time></trkpt>
      <trkpt lat="36.6670684" lon="101.6421030"><ele>2304.96</ele><time>2026-05-06T07:01:39Z</time></trkpt>
      <trkpt lat="36.6670947" lon="101.6424601"><ele>2304.91</ele><time>2026-05-06T07:01:45Z</time></trkpt>
      <trkpt lat="36.6670997" lon="101.6425740"><ele>2303.84</ele><time>2026-05-06T07:01:50Z</time></trkpt>
      <trkpt lat="36.6671010" lon="101.6425990"><ele>2303.17</ele><time>2026-05-06T07:01:53Z</time></trkpt>
    </trkseg>
    <trkseg>
      <trkpt lat="36.6671052" lon="101.6426716"><ele>2303.03</ele><time>2026-05-06T07:01:59Z</time></trkpt>
      <trkpt lat="36.6671176" lon="101.6430400"><ele>2303.01</ele><time>2026-05-06T07:02:05Z</time></trkpt>
      <trkpt lat="36.6671291" lon="101.6435996"><ele>2303.15</ele><time>2026-05-06T07:02:12Z</time></trkpt>
      <trkpt lat="36.6670998" lon="101.6442936"><ele>2303.5</ele><time>2026-05-06T07:02:19Z</time></trkpt>
      <trkpt lat="36.6669934" lon="101.6451911"><ele>2303.68</ele><time>2026-05-06T07:02:27Z</time></trkpt>
      <trkpt lat="36.6668086" lon="101.6461626"><ele>2303.67</ele><time>2026-05-06T07:02:36Z</time></trkpt>
      <trkpt lat="36.6667083" lon="101.6465836"><ele>2302.66</ele><time>2026-05-06T07:02:42Z</time></trkpt>
      <trkpt lat="36.6666798" lon="101.6467100"><ele>2301.94</ele><time>2026-05-06T07:02:46Z</time></trkpt>
      <trkpt lat="36.6666750" lon="101.6467565"><ele>2301.16</ele><time>2026-05-06T07:02:50Z</time></trkpt>
    </trkseg>
    <trkseg>
      <trkpt lat="36.6666383" lon="101.6468570"><ele>2300.93</ele><time>2026-05-06T07:03:36Z</time></trkpt>
      <trkpt lat="36.6665603" lon="101.6471763"><ele>2301.1</ele><time>2026-05-06T07:03:41Z</time></trkpt>
      <trkpt lat="36.6664613" lon="101.6476653"><ele>2301.05</ele><time>2026-05-06T07:03:47Z</time></trkpt>
      <trkpt lat="36.6663571" lon="101.6481815"><ele>2301.46</ele><time>2026-05-06T07:03:52Z</time></trkpt>
      <trkpt lat="36.6661336" lon="101.6491475"><ele>2301.92</ele><time>2026-05-06T07:04:01Z</time></trkpt>
      <trkpt lat="36.6659465" lon="101.6498913"><ele>2301.41</ele><time>2026-05-06T07:04:08Z</time></trkpt>
      <trkpt lat="36.6656924" lon="101.6509057"><ele>2301.4</ele><time>2026-05-06T07:04:17Z</time></trkpt>
      <trkpt lat="36.6655629" lon="101.6514431"><ele>2301.3</ele><time>2026-05-06T07:04:22Z</time></trkpt>
      <trkpt lat="36.6653516" lon="101.6523156"><ele>2300.12</ele><time>2026-05-06T07:04:30Z</time></trkpt>
      <trkpt lat="36.6651184" lon="101.6532103"><ele>2299.91</ele><time>2026-05-06T07:04:37Z</time></trkpt>
      <trkpt lat="36.6648485" lon="101.6542484"><ele>2298.95</ele><time>2026-05-06T07:04:45Z</time></trkpt>
      <trkpt lat="36.6646219" lon="101.6551321"><ele>2297.36</ele><time>2026-05-06T07:04:53Z</time></trkpt>
      <trkpt lat="36.6644088" lon="101.6559519"><ele>2296.12</ele><time>2026-05-06T07:05:01Z</time></trkpt>
      <trkpt lat="36.6641835" lon="101.6568803"><ele>2296.19</ele><time>2026-05-06T07:05:10Z</time></trkpt>
      <trkpt lat="36.6640385" lon="101.6576648"><ele>2296.31</ele><time>2026-05-06T07:05:18Z</time></trkpt>
      <trkpt lat="36.6639290" lon="101.6585401"><ele>2295.88</ele><time>2026-05-06T07:05:27Z</time></trkpt>
      <trkpt lat="36.6638605" lon="101.6591680"><ele>2295.69</ele><time>2026-05-06T07:05:33Z</time></trkpt>
      <trkpt lat="36.6638189" lon="101.6596755"><ele>2295.84</ele><time>2026-05-06T07:05:38Z</time></trkpt>
      <trkpt lat="36.6637959" lon="101.6603795"><ele>2295.57</ele><time>2026-05-06T07:05:45Z</time></trkpt>
      <trkpt lat="36.6638054" lon="101.6614002"><ele>2295.68</ele><time>2026-05-06T07:05:54Z</time></trkpt>
      <trkpt lat="36.6638587" lon="101.6626394"><ele>2295.51</ele><time>2026-05-06T07:06:04Z</time></trkpt>
      <trkpt lat="36.6639111" lon="101.6636589"><ele>2294.29</ele><time>2026-05-06T07:06:13Z</time></trkpt>
      <trkpt lat="36.6639336" lon="101.6641661"><ele>2293.2</ele><time>2026-05-06T07:06:19Z</time></trkpt>
      <trkpt lat="36.6639405" lon="101.6643793"><ele>2292.17</ele><time>2026-05-06T07:06:23Z</time></trkpt>
      <trkpt lat="36.6639384" lon="101.6646523"><ele>2290.63</ele><time>2026-05-06T07:06:29Z</time></trkpt>
      <trkpt lat="36.6639336" lon="101.6650759"><ele>2290.38</ele><time>2026-05-06T07:06:35Z</time></trkpt>
      <trkpt lat="36.6639331" lon="101.6657544"><ele>2290.2</ele><time>2026-05-06T07:06:42Z</time></trkpt>
      <trkpt lat="36.6639459" lon="101.6665275"><ele>2289.62</ele><time>2026-05-06T07:06:50Z</time></trkpt>
      <trkpt lat="36.6639741" lon="101.6671216"><ele>2288.54</ele><time>2026-05-06T07:06:57Z</time></trkpt>
      <trkpt lat="36.6639984" lon="101.6676198"><ele>2288.16</ele><time>2026-05-06T07:07:02Z</time></trkpt>
      <trkpt lat="36.6640557" lon="101.6684992"><ele>2287.65</ele><time>2026-05-06T07:07:10Z</time></trkpt>
      <trkpt lat="36.6641078" lon="101.6690108"><ele>2286.79</ele><time>2026-05-06T07:07:16Z</time></trkpt>
      <trkpt lat="36.6641380" lon="101.6692370"><ele>2285.9</ele><time>2026-05-06T07:07:21Z</time></trkpt>
      <trkpt lat="36.6641526" lon="101.6693005"><ele>2284.93</ele><time>2026-05-06T07:07:27Z</time></trkpt>
      <trkpt lat="36.6641540" lon="101.6693022"><ele>2284.76</ele><time>2026-05-06T07:07:28Z</time></trkpt>
    </trkseg>
    <trkseg>
      <trkpt lat="36.6641742" lon="101.6693771"><ele>2284.55</ele><time>2026-05-06T07:08:01Z</time></trkpt>
      <trkpt lat="36.6641778" lon="101.6694332"><ele>2284.53</ele><time>2026-05-06T07:08:02Z</time></trkpt>
      <trkpt lat="36.6641961" lon="101.6697268"><ele>2284.56</ele><time>2026-05-06T07:08:07Z</time></trkpt>
      <trkpt lat="36.6642301" lon="101.6703148"><ele>2284.53</ele><time>2026-05-06T07:08:16Z</time></trkpt>
      <trkpt lat="36.6642606" lon="101.6707681"><ele>2284.25</ele><time>2026-05-06T07:08:22Z</time></trkpt>
      <trkpt lat="36.6643030" lon="101.6714305"><ele>2284.03</ele><time>2026-05-06T07:08:30Z</time></trkpt>
      <trkpt lat="36.6643545" lon="101.6721426"><ele>2283.47</ele><time>2026-05-06T07:08:38Z</time></trkpt>
      <trkpt lat="36.6643960" lon="101.6729016"><ele>2283.17</ele><time>2026-05-06T07:08:45Z</time></trkpt>
      <trkpt lat="36.6644468" lon="101.6737577"><ele>2283.09</ele><time>2026-05-06T07:08:52Z</time></trkpt>
      <trkpt lat="36.6645294" lon="101.6749252"><ele>2282.4</ele><time>2026-05-06T07:09:02Z</time></trkpt>
      <trkpt lat="36.6646047" lon="101.6759652"><ele>2281.16</ele><time>2026-05-06T07:09:12Z</time></trkpt>
      <trkpt lat="36.6646758" lon="101.6769383"><ele>2279.87</ele><time>2026-05-06T07:09:22Z</time></trkpt>
      <trkpt lat="36.6647483" lon="101.6777707"><ele>2278.99</ele><time>2026-05-06T07:09:31Z</time></trkpt>
      <trkpt lat="36.6648111" lon="101.6785500"><ele>2278.59</ele><time>2026-05-06T07:09:39Z</time></trkpt>
      <trkpt lat="36.6648813" lon="101.6793928"><ele>2277.23</ele><time>2026-05-06T07:09:48Z</time></trkpt>
      <trkpt lat="36.6649327" lon="101.6800474"><ele>2277.03</ele><time>2026-05-06T07:09:56Z</time></trkpt>
      <trkpt lat="36.6649819" lon="101.6804977"><ele>2276.64</ele><time>2026-05-06T07:10:02Z</time></trkpt>
      <trkpt lat="36.6650004" lon="101.6806294"><ele>2275.91</ele><time>2026-05-06T07:10:05Z</time></trkpt>
      <trkpt lat="36.6650180" lon="101.6807102"><ele>2274.3</ele><time>2026-05-06T07:10:10Z</time></trkpt>
    </trkseg>
    <trkseg>
      <trkpt lat="36.6650434" lon="101.6808099"><ele>2273.67</ele><time>2026-05-06T07:11:14Z</time></trkpt>
      <trkpt lat="36.6650498" lon="101.6809240"><ele>2273.67</ele><time>2026-05-06T07:11:15Z</time></trkpt>
      <trkpt lat="36.6650780" lon="101.6814107"><ele>2274.33</ele><time>2026-05-06T07:11:19Z</time></trkpt>
      <trkpt lat="36.6651326" lon="101.6822855"><ele>2275.15</ele><time>2026-05-06T07:11:25Z</time></trkpt>
      <trkpt lat="36.6652358" lon="101.6837445"><ele>2276.81</ele><time>2026-05-06T07:11:34Z</time></trkpt>
      <trkpt lat="36.6652933" lon="101.6844735"><ele>2277.18</ele><time>2026-05-06T07:11:39Z</time></trkpt>
      <trkpt lat="36.6653710" lon="101.6854761"><ele>2275.51</ele><time>2026-05-06T07:11:47Z</time></trkpt>
      <trkpt lat="36.6654473" lon="101.6863895"><ele>2275.16</ele><time>2026-05-06T07:11:55Z</time></trkpt>
      <trkpt lat="36.6655184" lon="101.6873398"><ele>2275.22</ele><time>2026-05-06T07:12:03Z</time></trkpt>
      <trkpt lat="36.6655383" lon="101.6882414"><ele>2274.97</ele><time>2026-05-06T07:12:10Z</time></trkpt>
      <trkpt lat="36.6654547" lon="101.6894197"><ele>2273.55</ele><time>2026-05-06T07:12:19Z</time></trkpt>
      <trkpt lat="36.6652874" lon="101.6903485"><ele>2271.62</ele><time>2026-05-06T07:12:26Z</time></trkpt>
      <trkpt lat="36.6649880" lon="101.6913721"><ele>2270.76</ele><time>2026-05-06T07:12:34Z</time></trkpt>
      <trkpt lat="36.6646439" lon="101.6922067"><ele>2268.71</ele><time>2026-05-06T07:12:42Z</time></trkpt>
      <trkpt lat="36.6645164" lon="101.6924740"><ele>2267.64</ele><time>2026-05-06T07:12:46Z</time></trkpt>
      <trkpt lat="36.6644322" lon="101.6926425"><ele>2266.22</ele><time>2026-05-06T07:12:51Z</time></trkpt>
      <trkpt lat="36.6643947" lon="101.6927195"><ele>2265.31</ele><time>2026-05-06T07:12:55Z</time></trkpt>
      <trkpt lat="36.6643530" lon="101.6928110"><ele>2264.95</ele><time>2026-05-06T07:12:58Z</time></trkpt>
      <trkpt lat="36.6642592" lon="101.6930212"><ele>2264.78</ele><time>2026-05-06T07:13:02Z</time></trkpt>
      <trkpt lat="36.6639744" lon="101.6936744"><ele>2264.82</ele><time>2026-05-06T07:13:10Z</time></trkpt>
      <trkpt lat="36.6637041" lon="101.6942939"><ele>2264.82</ele><time>2026-05-06T07:13:16Z</time></trkpt>
      <trkpt lat="36.6632158" lon="101.6953991"><ele>2264.29</ele><time>2026-05-06T07:13:26Z</time></trkpt>
      <trkpt lat="36.6628031" lon="101.6963115"><ele>2263.01</ele><time>2026-05-06T07:13:34Z</time></trkpt>
      <trkpt lat="36.6622527" lon="101.6975519"><ele>2262.12</ele><time>2026-05-06T07:13:44Z</time></trkpt>
      <trkpt lat="36.6617867" lon="101.6986631"><ele>2261.08</ele><time>2026-05-06T07:13:53Z</time></trkpt>
      <trkpt lat="36.6615772" lon="101.6991990"><ele>2259.6</ele><time>2026-05-06T07:13:58Z</time></trkpt>
      <trkpt lat="36.6612331" lon="101.7000512"><ele>2256.99</ele><time>2026-05-06T07:14:06Z</time></trkpt>
      <trkpt lat="36.6608356" lon="101.7010095"><ele>2256.1</ele><time>2026-05-06T07:14:14Z</time></trkpt>
      <trkpt lat="36.6605203" lon="101.7018193"><ele>2256.14</ele><time>2026-05-06T07:14:21Z</time></trkpt>
      <trkpt lat="36.6603722" lon="101.7022155"><ele>2255.2</ele><time>2026-05-06T07:14:26Z</time></trkpt>
      <trkpt lat="36.6603191" lon="101.7023689"><ele>2254.25</ele><time>2026-05-06T07:14:30Z</time></trkpt>
      <trkpt lat="36.6603034" lon="101.7024247"><ele>2253.02</ele><time>2026-05-06T07:14:35Z</time></trkpt>
    </trkseg>
    <trkseg>
      <trkpt lat="36.6602725" lon="101.7025064"><ele>2252.97</ele><time>2026-05-06T07:14:43Z</time></trkpt>
      <trkpt lat="36.6601388" lon="101.7028751"><ele>2253.03</ele><time>2026-05-06T07:14:48Z</time></trkpt>
      <trkpt lat="36.6598910" lon="101.7035925"><ele>2253.08</ele><time>2026-05-06T07:14:56Z</time></trkpt>
      <trkpt lat="36.6596139" lon="101.7044339"><ele>2252.53</ele><time>2026-05-06T07:15:04Z</time></trkpt>
      <trkpt lat="36.6592610" lon="101.7055041"><ele>2251.44</ele><time>2026-05-06T07:15:13Z</time></trkpt>
      <trkpt lat="36.6589461" lon="101.7064595"><ele>2251.79</ele><time>2026-05-06T07:15:20Z</time></trkpt>
      <trkpt lat="36.6585815" lon="101.7076169"><ele>2251.05</ele><time>2026-05-06T07:15:28Z</time></trkpt>
      <trkpt lat="36.6581314" lon="101.7089418"><ele>2251.05</ele><time>2026-05-06T07:15:37Z</time></trkpt>
      <trkpt lat="36.6578251" lon="101.7097828"><ele>2250.06</ele><time>2026-05-06T07:15:43Z</time></trkpt>
      <trkpt lat="36.6573869" lon="101.7110893"><ele>2248.51</ele><time>2026-05-06T07:15:52Z</time></trkpt>
      <trkpt lat="36.6569573" lon="101.7124443"><ele>2247.94</ele><time>2026-05-06T07:16:01Z</time></trkpt>
      <trkpt lat="36.6565892" lon="101.7136027"><ele>2247.46</ele><time>2026-05-06T07:16:09Z</time></trkpt>
      <trkpt lat="36.6562382" lon="101.7148453"><ele>2246.58</ele><time>2026-05-06T07:16:18Z</time></trkpt>
      <trkpt lat="36.6559535" lon="101.7161639"><ele>2246.64</ele><time>2026-05-06T07:16:27Z</time></trkpt>
      <trkpt lat="36.6556863" lon="101.7177371"><ele>2245.71</ele><time>2026-05-06T07:16:37Z</time></trkpt>
      <trkpt lat="36.6555633" lon="101.7184191"><ele>2245.24</ele><time>2026-05-06T07:16:42Z</time></trkpt>
      <trkpt lat="36.6554525" lon="101.7189854"><ele>2243.57</ele><time>2026-05-06T07:16:48Z</time></trkpt>
      <trkpt lat="36.6554262" lon="101.7191688"><ele>2242.61</ele><time>2026-05-06T07:16:52Z</time></trkpt>
      <trkpt lat="36.6554232" lon="101.7193135"><ele>2241.26</ele><time>2026-05-06T07:16:58Z</time></trkpt>
      <trkpt lat="36.6554025" lon="101.7194964"><ele>2240.9</ele><time>2026-05-06T07:17:02Z</time></trkpt>
      <trkpt lat="36.6553203" lon="101.7199822"><ele>2240.98</ele><time>2026-05-06T07:17:08Z</time></trkpt>
      <trkpt lat="36.6551718" lon="101.7208536"><ele>2241.62</ele><time>2026-05-06T07:17:16Z</time></trkpt>
      <trkpt lat="36.6549951" lon="101.7218226"><ele>2241.34</ele><time>2026-05-06T07:17:24Z</time></trkpt>
      <trkpt lat="36.6547838" lon="101.7228528"><ele>2241.54</ele><time>2026-05-06T07:17:32Z</time></trkpt>
      <trkpt lat="36.6545557" lon="101.7240256"><ele>2240.92</ele><time>2026-05-06T07:17:41Z</time></trkpt>
      <trkpt lat="36.6543115" lon="101.7251621"><ele>2239.88</ele><time>2026-05-06T07:17:50Z</time></trkpt>
      <trkpt lat="36.6540561" lon="101.7262229"><ele>2240.01</ele><time>2026-05-06T07:17:58Z</time></trkpt>
      <trkpt lat="36.6537942" lon="101.7273306"><ele>2239.19</ele><time>2026-05-06T07:18:07Z</time></trkpt>
      <trkpt lat="36.6536139" lon="101.7280686"><ele>2237.34</ele><time>2026-05-06T07:18:14Z</time></trkpt>
      <trkpt lat="36.6534469" lon="101.7286977"><ele>2236.13</ele><time>2026-05-06T07:18:20Z</time></trkpt>
      <trkpt lat="36.6533297" lon="101.7291356"><ele>2236.18</ele><time>2026-05-06T07:18:25Z</time></trkpt>
      <trkpt lat="36.6532785" lon="101.7293283"><ele>2235.67</ele><time>2026-05-06T07:18:29Z</time></trkpt>
      <trkpt lat="36.6532591" lon="101.7294036"><ele>2234.34</ele><time>2026-05-06T07:18:34Z</time></trkpt>
    </trkseg>
    <trkseg>
      <trkpt lat="36.6532454" lon="101.7294706"><ele>2234.01</ele><time>2026-05-06T07:18:51Z</time></trkpt>
      <trkpt lat="36.6531445" lon="101.7298794"><ele>2234.71</ele><time>2026-05-06T07:18:55Z</time></trkpt>
      <trkpt lat="36.6529665" lon="101.7305906"><ele>2236.31</ele><time>2026-05-06T07:19:01Z</time></trkpt>
      <trkpt lat="36.6527243" lon="101.7315494"><ele>2238</ele><time>2026-05-06T07:19:08Z</time></trkpt>
      <trkpt lat="36.6524458" lon="101.7326841"><ele>2237.04</ele><time>2026-05-06T07:19:16Z</time></trkpt>
      <trkpt lat="36.6520843" lon="101.7339431"><ele>2237.62</ele><time>2026-05-06T07:19:25Z</time></trkpt>
      <trkpt lat="36.6517797" lon="101.7348045"><ele>2238.19</ele><time>2026-05-06T07:19:32Z</time></trkpt>
      <trkpt lat="36.6516387" lon="101.7351702"><ele>2238.05</ele><time>2026-05-06T07:19:36Z</time></trkpt>
      <trkpt lat="36.6513858" lon="101.7354738"><ele>2237.36</ele><time>2026-05-06T07:20:01Z</time></trkpt>
    </trkseg>
    <trkseg>
      <trkpt lat="36.6514626" lon="101.7356768"><ele>2236.86</ele><time>2026-05-06T07:32:35Z</time></trkpt>
      <trkpt lat="36.6514408" lon="101.7357474"><ele>2236.86</ele><time>2026-05-06T07:32:36Z</time></trkpt>
      <trkpt lat="36.6514173" lon="101.7358217"><ele>2236.88</ele><time>2026-05-06T07:32:37Z</time></trkpt>
      <trkpt lat="36.6513915" lon="101.7359005"><ele>2236.9</ele><time>2026-05-06T07:32:38Z</time></trkpt>
      <trkpt lat="36.6512325" lon="101.7363567"><ele>2237.51</ele><time>2026-05-06T07:32:43Z</time></trkpt>
      <trkpt lat="36.6509099" lon="101.7372251"><ele>2238.5</ele><time>2026-05-06T07:32:51Z</time></trkpt>
      <trkpt lat="36.6505802" lon="101.7380677"><ele>2238.65</ele><time>2026-05-06T07:32:58Z</time></trkpt>
      <trkpt lat="36.6502295" lon="101.7389356"><ele>2238.88</ele><time>2026-05-06T07:33:05Z</time></trkpt>
      <trkpt lat="36.6497460" lon="101.7401384"><ele>2238.59</ele><time>2026-05-06T07:33:15Z</time></trkpt>
      <trkpt lat="36.6495335" lon="101.7406269"><ele>2237.49</ele><time>2026-05-06T07:33:20Z</time></trkpt>
      <trkpt lat="36.6493870" lon="101.7409419"><ele>2234.84</ele><time>2026-05-06T07:33:25Z</time></trkpt>
      <trkpt lat="36.6492573" lon="101.7412618"><ele>2232.64</ele><time>2026-05-06T07:33:32Z</time></trkpt>
      <trkpt lat="36.6491385" lon="101.7415824"><ele>2232.51</ele><time>2026-05-06T07:33:36Z</time></trkpt>
      <trkpt lat="36.6490028" lon="101.7419149"><ele>2232.88</ele><time>2026-05-06T07:33:39Z</time></trkpt>
      <trkpt lat="36.6486989" lon="101.7426537"><ele>2235.21</ele><time>2026-05-06T07:33:45Z</time></trkpt>
      <trkpt lat="36.6484710" lon="101.7431488"><ele>2235.18</ele><time>2026-05-06T07:33:50Z</time></trkpt>
      <trkpt lat="36.6484229" lon="101.7432145"><ele>2235.02</ele><time>2026-05-06T07:33:51Z</time></trkpt>
      <trkpt lat="36.6483721" lon="101.7432651"><ele>2234.92</ele><time>2026-05-06T07:33:52Z</time></trkpt>
      <trkpt lat="36.6483180" lon="101.7432990"><ele>2234.81</ele><time>2026-05-06T07:33:53Z</time></trkpt>
      <trkpt lat="36.6482612" lon="101.7433151"><ele>2234.56</ele><time>2026-05-06T07:33:54Z</time></trkpt>
      <trkpt lat="36.6482030" lon="101.7433128"><ele>2234.42</ele><time>2026-05-06T07:33:55Z</time></trkpt>
      <trkpt lat="36.6481459" lon="101.7432921"><ele>2234.34</ele><time>2026-05-06T07:33:56Z</time></trkpt>
      <trkpt lat="36.6480929" lon="101.7432535"><ele>2234.3</ele><time>2026-05-06T07:33:57Z</time></trkpt>
      <trkpt lat="36.6480475" lon="101.7431981"><ele>2234.29</ele><time>2026-05-06T07:33:58Z</time></trkpt>
      <trkpt lat="36.6480127" lon="101.7431276"><ele>2234.35</ele><time>2026-05-06T07:33:59Z</time></trkpt>
      <trkpt lat="36.6479908" lon="101.7430440"><ele>2234.41</ele><time>2026-05-06T07:34:00Z</time></trkpt>
      <trkpt lat="36.6479833" lon="101.7429497"><ele>2234.56</ele><time>2026-05-06T07:34:01Z</time></trkpt>
      <trkpt lat="36.6479903" lon="101.7428469"><ele>2234.76</ele><time>2026-05-06T07:34:02Z</time></trkpt>
      <trkpt lat="36.6480106" lon="101.7427375"><ele>2234.97</ele><time>2026-05-06T07:34:03Z</time></trkpt>
      <trkpt lat="36.6480422" lon="101.7426233"><ele>2235.18</ele><time>2026-05-06T07:34:04Z</time></trkpt>
      <trkpt lat="36.6480819" lon="101.7425056"><ele>2235.34</ele><time>2026-05-06T07:34:05Z</time></trkpt>
      <trkpt lat="36.6481270" lon="101.7423857"><ele>2235.48</ele><time>2026-05-06T07:34:06Z</time></trkpt>
      <trkpt lat="36.6484719" lon="101.7415846"><ele>2238.07</ele><time>2026-05-06T07:34:13Z</time></trkpt>
      <trkpt lat="36.6486748" lon="101.7412023"><ele>2238.96</ele><time>2026-05-06T07:34:18Z</time></trkpt>
      <trkpt lat="36.6487185" lon="101.7411577"><ele>2239</ele><time>2026-05-06T07:34:19Z</time></trkpt>
      <trkpt lat="36.6487661" lon="101.7411257"><ele>2239.02</ele><time>2026-05-06T07:34:20Z</time></trkpt>
      <trkpt lat="36.6488189" lon="101.7411069"><ele>2239.03</ele><time>2026-05-06T07:34:21Z</time></trkpt>
      <trkpt lat="36.6488775" lon="101.7411019"><ele>2239.1</ele><time>2026-05-06T07:34:22Z</time></trkpt>
      <trkpt lat="36.6489421" lon="101.7411107"><ele>2239.13</ele><time>2026-05-06T07:34:23Z</time></trkpt>
      <trkpt lat="36.6490128" lon="101.7411328"><ele>2239.15</ele><time>2026-05-06T07:34:24Z</time></trkpt>
      <trkpt lat="36.6490890" lon="101.7411665"><ele>2239.31</ele><time>2026-05-06T07:34:25Z</time></trkpt>
      <trkpt lat="36.6491701" lon="101.7412095"><ele>2239.43</ele><time>2026-05-06T07:34:26Z</time></trkpt>
      <trkpt lat="36.6492552" lon="101.7412590"><ele>2239.58</ele><time>2026-05-06T07:34:27Z</time></trkpt>
      <trkpt lat="36.6501032" lon="101.7418269"><ele>2240.56</ele><time>2026-05-06T07:34:36Z</time></trkpt>
      <trkpt lat="36.6508581" lon="101.7423226"><ele>2240.77</ele><time>2026-05-06T07:34:44Z</time></trkpt>
      <trkpt lat="36.6516055" lon="101.7427854"><ele>2243.3</ele><time>2026-05-06T07:34:52Z</time></trkpt>
      <trkpt lat="36.6519493" lon="101.7429864"><ele>2245.28</ele><time>2026-05-06T07:34:57Z</time></trkpt>
      <trkpt lat="36.6520828" lon="101.7430634"><ele>2247.23</ele><time>2026-05-06T07:35:01Z</time></trkpt>
      <trkpt lat="36.6521233" lon="101.7430883"><ele>2248.13</ele><time>2026-05-06T07:35:06Z</time></trkpt>
    </trkseg>
    <trkseg>
      <trkpt lat="36.6521754" lon="101.7431628"><ele>2248.58</ele><time>2026-05-06T07:35:48Z</time></trkpt>
      <trkpt lat="36.6525532" lon="101.7433785"><ele>2249.42</ele><time>2026-05-06T07:35:53Z</time></trkpt>
      <trkpt lat="36.6531223" lon="101.7436511"><ele>2252.47</ele><time>2026-05-06T07:35:59Z</time></trkpt>
      <trkpt lat="36.6536741" lon="101.7438450"><ele>2256.04</ele><time>2026-05-06T07:36:04Z</time></trkpt>
      <trkpt lat="36.6542735" lon="101.7439807"><ele>2259.43</ele><time>2026-05-06T07:36:09Z</time></trkpt>
      <trkpt lat="36.6549214" lon="101.7440467"><ele>2262.91</ele><time>2026-05-06T07:36:14Z</time></trkpt>
      <trkpt lat="36.6556128" lon="101.7440486"><ele>2265.97</ele><time>2026-05-06T07:36:19Z</time></trkpt>
      <trkpt lat="36.6564662" lon="101.7439839"><ele>2269.63</ele><time>2026-05-06T07:36:25Z</time></trkpt>
      <trkpt lat="36.6570321" lon="101.7439261"><ele>2272.68</ele><time>2026-05-06T07:36:29Z</time></trkpt>
      <trkpt lat="36.6575664" lon="101.7438709"><ele>2276.02</ele><time>2026-05-06T07:36:33Z</time></trkpt>
      <trkpt lat="36.6580290" lon="101.7438241"><ele>2279.29</ele><time>2026-05-06T07:36:37Z</time></trkpt>
      <trkpt lat="36.6584555" lon="101.7437813"><ele>2282.48</ele><time>2026-05-06T07:36:42Z</time></trkpt>
      <trkpt lat="36.6586547" lon="101.7437609"><ele>2284.27</ele><time>2026-05-06T07:36:46Z</time></trkpt>
      <trkpt lat="36.6588174" lon="101.7437458"><ele>2285.35</ele><time>2026-05-06T07:36:53Z</time></trkpt>
      <trkpt lat="36.6589682" lon="101.7437318"><ele>2285.67</ele><time>2026-05-06T07:36:58Z</time></trkpt>
      <trkpt lat="36.6592670" lon="101.7436998"><ele>2286.39</ele><time>2026-05-06T07:37:03Z</time></trkpt>
      <trkpt lat="36.6597208" lon="101.7436473"><ele>2287.43</ele><time>2026-05-06T07:37:08Z</time></trkpt>
      <trkpt lat="36.6605152" lon="101.7435541"><ele>2289.62</ele><time>2026-05-06T07:37:15Z</time></trkpt>
      <trkpt lat="36.6615255" lon="101.7434446"><ele>2291.72</ele><time>2026-05-06T07:37:23Z</time></trkpt>
      <trkpt lat="36.6627652" lon="101.7433240"><ele>2292.81</ele><time>2026-05-06T07:37:32Z</time></trkpt>
      <trkpt lat="36.6638170" lon="101.7432246"><ele>2292.1</ele><time>2026-05-06T07:37:40Z</time></trkpt>
      <trkpt lat="36.6643054" lon="101.7431713"><ele>2290.95</ele><time>2026-05-06T07:37:45Z</time></trkpt>
      <trkpt lat="36.6645154" lon="101.7431397"><ele>2289.6</ele><time>2026-05-06T07:37:49Z</time></trkpt>
      <trkpt lat="36.6645880" lon="101.7431238"><ele>2287.69</ele><time>2026-05-06T07:37:53Z</time></trkpt>
      <trkpt lat="36.6646020" lon="101.7431189"><ele>2286.99</ele><time>2026-05-06T07:37:55Z</time></trkpt>
    </trkseg>
    <trkseg>
      <trkpt lat="36.6646761" lon="101.7430814"><ele>2286.65</ele><time>2026-05-06T07:38:07Z</time></trkpt>
      <trkpt lat="36.6646703" lon="101.7430676"><ele>2286.65</ele><time>2026-05-06T07:38:08Z</time></trkpt>
      <trkpt lat="36.6646630" lon="101.7430542"><ele>2286.67</ele><time>2026-05-06T07:38:09Z</time></trkpt>
      <trkpt lat="36.6646522" lon="101.7430420"><ele>2286.71</ele><time>2026-05-06T07:38:10Z</time></trkpt>
      <trkpt lat="36.6646360" lon="101.7430320"><ele>2286.72</ele><time>2026-05-06T07:38:11Z</time></trkpt>
      <trkpt lat="36.6646122" lon="101.7430245"><ele>2286.74</ele><time>2026-05-06T07:38:12Z</time></trkpt>
      <trkpt lat="36.6645796" lon="101.7430195"><ele>2286.74</ele><time>2026-05-06T07:38:13Z</time></trkpt>
      <trkpt lat="36.6645371" lon="101.7430169"><ele>2286.73</ele><time>2026-05-06T07:38:14Z</time></trkpt>
      <trkpt lat="36.6642728" lon="101.7430243"><ele>2286.61</ele><time>2026-05-06T07:38:18Z</time></trkpt>
      <trkpt lat="36.6636725" lon="101.7430701"><ele>2287.36</ele><time>2026-05-06T07:38:24Z</time></trkpt>
      <trkpt lat="36.6629226" lon="101.7431327"><ele>2289.01</ele><time>2026-05-06T07:38:31Z</time></trkpt>
      <trkpt lat="36.6626239" lon="101.7431458"><ele>2289.9</ele><time>2026-05-06T07:38:35Z</time></trkpt>
      <trkpt lat="36.6624766" lon="101.7430788"><ele>2290.02</ele><time>2026-05-06T07:38:39Z</time></trkpt>
      <trkpt lat="36.6624612" lon="101.7430411"><ele>2289.92</ele><time>2026-05-06T07:38:40Z</time></trkpt>
      <trkpt lat="36.6624526" lon="101.7429938"><ele>2289.77</ele><time>2026-05-06T07:38:41Z</time></trkpt>
      <trkpt lat="36.6624494" lon="101.7429377"><ele>2289.68</ele><time>2026-05-06T07:38:42Z</time></trkpt>
      <trkpt lat="36.6624501" lon="101.7428738"><ele>2289.64</ele><time>2026-05-06T07:38:43Z</time></trkpt>
      <trkpt lat="36.6625053" lon="101.7422805"><ele>2290.86</ele><time>2026-05-06T07:38:50Z</time></trkpt>
      <trkpt lat="36.6625519" lon="101.7415550"><ele>2294.03</ele><time>2026-05-06T07:38:57Z</time></trkpt>
      <trkpt lat="36.6625515" lon="101.7409954"><ele>2297.31</ele><time>2026-05-06T07:39:02Z</time></trkpt>
      <trkpt lat="36.6625544" lon="101.7404444"><ele>2300.79</ele><time>2026-05-06T07:39:07Z</time></trkpt>
      <trkpt lat="36.6625767" lon="101.7402367"><ele>2301.95</ele><time>2026-05-06T07:39:09Z</time></trkpt>
      <trkpt lat="36.6625958" lon="101.7401368"><ele>2302.54</ele><time>2026-05-06T07:39:10Z</time></trkpt>
      <trkpt lat="36.6626211" lon="101.7400401"><ele>2303.02</ele><time>2026-05-06T07:39:11Z</time></trkpt>
      <trkpt lat="36.6626524" lon="101.7399473"><ele>2303.52</ele><time>2026-05-06T07:39:12Z</time></trkpt>
      <trkpt lat="36.6626888" lon="101.7398595"><ele>2303.99</ele><time>2026-05-06T07:39:13Z</time></trkpt>
      <trkpt lat="36.6627291" lon="101.7397783"><ele>2304.46</ele><time>2026-05-06T07:39:14Z</time></trkpt>
      <trkpt lat="36.6627717" lon="101.7397054"><ele>2304.9</ele><time>2026-05-06T07:39:15Z</time></trkpt>
      <trkpt lat="36.6628153" lon="101.7396426"><ele>2305.35</ele><time>2026-05-06T07:39:16Z</time></trkpt>
      <trkpt lat="36.6629022" lon="101.7395543"><ele>2306.22</ele><time>2026-05-06T07:39:18Z</time></trkpt>
      <trkpt lat="36.6629453" lon="101.7395314"><ele>2306.43</ele><time>2026-05-06T07:39:19Z</time></trkpt>
      <trkpt lat="36.6629884" lon="101.7395229"><ele>2306.55</ele><time>2026-05-06T07:39:20Z</time></trkpt>
      <trkpt lat="36.6630324" lon="101.7395274"><ele>2306.63</ele><time>2026-05-06T07:39:21Z</time></trkpt>
      <trkpt lat="36.6630779" lon="101.7395418"><ele>2306.69</ele><time>2026-05-06T07:39:22Z</time></trkpt>
      <trkpt lat="36.6631258" lon="101.7395624"><ele>2306.73</ele><time>2026-05-06T07:39:23Z</time></trkpt>
      <trkpt lat="36.6631767" lon="101.7395855"><ele>2306.74</ele><time>2026-05-06T07:39:24Z</time></trkpt>
      <trkpt lat="36.6632312" lon="101.7396075"><ele>2306.92</ele><time>2026-05-06T07:39:25Z</time></trkpt>
      <trkpt lat="36.6632895" lon="101.7396263"><ele>2307.03</ele><time>2026-05-06T07:39:26Z</time></trkpt>
      <trkpt lat="36.6633516" lon="101.7396409"><ele>2307.25</ele><time>2026-05-06T07:39:27Z</time></trkpt>
      <trkpt lat="36.6637863" lon="101.7396691"><ele>2308.86</ele><time>2026-05-06T07:39:33Z</time></trkpt>
      <trkpt lat="36.6642673" lon="101.7396396"><ele>2311.45</ele><time>2026-05-06T07:39:39Z</time></trkpt>
      <trkpt lat="36.6643474" lon="101.7396174"><ele>2311.89</ele><time>2026-05-06T07:39:40Z</time></trkpt>
      <trkpt lat="36.6644272" lon="101.7395882"><ele>2312.24</ele><time>2026-05-06T07:39:41Z</time></trkpt>
      <trkpt lat="36.6649242" lon="101.7393696"><ele>2314.24</ele><time>2026-05-06T07:39:47Z</time></trkpt>
      <trkpt lat="36.6650139" lon="101.7393460"><ele>2314.68</ele><time>2026-05-06T07:39:48Z</time></trkpt>
      <trkpt lat="36.6651063" lon="101.7393304"><ele>2315.22</ele><time>2026-05-06T07:39:49Z</time></trkpt>
      <trkpt lat="36.6652014" lon="101.7393229"><ele>2315.81</ele><time>2026-05-06T07:39:50Z</time></trkpt>
      <trkpt lat="36.6652988" lon="101.7393223"><ele>2316.4</ele><time>2026-05-06T07:39:51Z</time></trkpt>
      <trkpt lat="36.6653981" lon="101.7393273"><ele>2316.96</ele><time>2026-05-06T07:39:52Z</time></trkpt>
      <trkpt lat="36.6660060" lon="101.7393563"><ele>2319.73</ele><time>2026-05-06T07:39:58Z</time></trkpt>
      <trkpt lat="36.6661041" lon="101.7393417"><ele>2319.98</ele><time>2026-05-06T07:39:59Z</time></trkpt>
      <trkpt lat="36.6662000" lon="101.7393177"><ele>2320.35</ele><time>2026-05-06T07:40:00Z</time></trkpt>
      <trkpt lat="36.6662941" lon="101.7392853"><ele>2320.6</ele><time>2026-05-06T07:40:01Z</time></trkpt>
      <trkpt lat="36.6663867" lon="101.7392461"><ele>2320.98</ele><time>2026-05-06T07:40:02Z</time></trkpt>
      <trkpt lat="36.6664783" lon="101.7392019"><ele>2321.3</ele><time>2026-05-06T07:40:03Z</time></trkpt>
      <trkpt lat="36.6670149" lon="101.7388851"><ele>2324.46</ele><time>2026-05-06T07:40:09Z</time></trkpt>
      <trkpt lat="36.6673621" lon="101.7386594"><ele>2327.72</ele><time>2026-05-06T07:40:13Z</time></trkpt>
      <trkpt lat="36.6677039" lon="101.7384382"><ele>2331.48</ele><time>2026-05-06T07:40:17Z</time></trkpt>
      <trkpt lat="36.6680484" lon="101.7382367"><ele>2335.42</ele><time>2026-05-06T07:40:21Z</time></trkpt>
      <trkpt lat="36.6683907" lon="101.7380570"><ele>2339.32</ele><time>2026-05-06T07:40:25Z</time></trkpt>
      <trkpt lat="36.6686330" lon="101.7379327"><ele>2342.46</ele><time>2026-05-06T07:40:28Z</time></trkpt>
      <trkpt lat="36.6688376" lon="101.7378135"><ele>2345.69</ele><time>2026-05-06T07:40:31Z</time></trkpt>
      <trkpt lat="36.6689620" lon="101.7376983"><ele>2348.98</ele><time>2026-05-06T07:40:34Z</time></trkpt>
      <trkpt lat="36.6689770" lon="101.7376620"><ele>2349.95</ele><time>2026-05-06T07:40:35Z</time></trkpt>
      <trkpt lat="36.6689762" lon="101.7376278"><ele>2350.86</ele><time>2026-05-06T07:40:36Z</time></trkpt>
      <trkpt lat="36.6689595" lon="101.7375966"><ele>2351.65</ele><time>2026-05-06T07:40:37Z</time></trkpt>
      <trkpt lat="36.6689279" lon="101.7375693"><ele>2352.41</ele><time>2026-05-06T07:40:38Z</time></trkpt>
      <trkpt lat="36.6688830" lon="101.7375459"><ele>2353.17</ele><time>2026-05-06T07:40:39Z</time></trkpt>
      <trkpt lat="36.6688271" lon="101.7375256"><ele>2353.8</ele><time>2026-05-06T07:40:40Z</time></trkpt>
      <trkpt lat="36.6687628" lon="101.7375074"><ele>2354.35</ele><time>2026-05-06T07:40:41Z</time></trkpt>
      <trkpt lat="36.6686926" lon="101.7374895"><ele>2354.87</ele><time>2026-05-06T07:40:42Z</time></trkpt>
      <trkpt lat="36.6686186" lon="101.7374709"><ele>2355.39</ele><time>2026-05-06T07:40:43Z</time></trkpt>
      <trkpt lat="36.6682287" lon="101.7373490"><ele>2358.8</ele><time>2026-05-06T07:40:48Z</time></trkpt>
      <trkpt lat="36.6679386" lon="101.7372159"><ele>2361.97</ele><time>2026-05-06T07:40:52Z</time></trkpt>
      <trkpt lat="36.6677391" lon="101.7370727"><ele>2365.21</ele><time>2026-05-06T07:40:56Z</time></trkpt>
      <trkpt lat="36.6677160" lon="101.7370381"><ele>2366.04</ele><time>2026-05-06T07:40:57Z</time></trkpt>
      <trkpt lat="36.6677070" lon="101.7370053"><ele>2366.84</ele><time>2026-05-06T07:40:58Z</time></trkpt>
      <trkpt lat="36.6677132" lon="101.7369760"><ele>2367.53</ele><time>2026-05-06T07:40:59Z</time></trkpt>
      <trkpt lat="36.6677349" lon="101.7369514"><ele>2368.26</ele><time>2026-05-06T07:41:00Z</time></trkpt>
      <trkpt lat="36.6677712" lon="101.7369321"><ele>2368.94</ele><time>2026-05-06T07:41:01Z</time></trkpt>
      <trkpt lat="36.6678204" lon="101.7369179"><ele>2369.57</ele><time>2026-05-06T07:41:02Z</time></trkpt>
      <trkpt lat="36.6678798" lon="101.7369078"><ele>2370.31</ele><time>2026-05-06T07:41:03Z</time></trkpt>
      <trkpt lat="36.6679469" lon="101.7369006"><ele>2370.95</ele><time>2026-05-06T07:41:04Z</time></trkpt>
      <trkpt lat="36.6683482" lon="101.7368815"><ele>2374.46</ele><time>2026-05-06T07:41:09Z</time></trkpt>
      <trkpt lat="36.6687921" lon="101.7368526"><ele>2378.03</ele><time>2026-05-06T07:41:14Z</time></trkpt>
      <trkpt lat="36.6692668" lon="101.7367730"><ele>2381.77</ele><time>2026-05-06T07:41:19Z</time></trkpt>
      <trkpt lat="36.6697805" lon="101.7366439"><ele>2385.47</ele><time>2026-05-06T07:41:24Z</time></trkpt>
      <trkpt lat="36.6703198" lon="101.7364818"><ele>2388.87</ele><time>2026-05-06T07:41:29Z</time></trkpt>
      <trkpt lat="36.6708734" lon="101.7363156"><ele>2392.24</ele><time>2026-05-06T07:41:34Z</time></trkpt>
      <trkpt lat="36.6712906" lon="101.7362019"><ele>2395.6</ele><time>2026-05-06T07:41:38Z</time></trkpt>
      <trkpt lat="36.6716039" lon="101.7360868"><ele>2398.44</ele><time>2026-05-06T07:41:42Z</time></trkpt>
      <trkpt lat="36.6716525" lon="101.7360553"><ele>2399.04</ele><time>2026-05-06T07:41:43Z</time></trkpt>
      <trkpt lat="36.6716855" lon="101.7360234"><ele>2399.62</ele><time>2026-05-06T07:41:44Z</time></trkpt>
      <trkpt lat="36.6717012" lon="101.7359933"><ele>2400.1</ele><time>2026-05-06T07:41:45Z</time></trkpt>
      <trkpt lat="36.6716989" lon="101.7359673"><ele>2400.5</ele><time>2026-05-06T07:41:46Z</time></trkpt>
      <trkpt lat="36.6716793" lon="101.7359478"><ele>2400.79</ele><time>2026-05-06T07:41:47Z</time></trkpt>
      <trkpt lat="36.6716438" lon="101.7359363"><ele>2401.03</ele><time>2026-05-06T07:41:48Z</time></trkpt>
      <trkpt lat="36.6715943" lon="101.7359330"><ele>2401.26</ele><time>2026-05-06T07:41:49Z</time></trkpt>
      <trkpt lat="36.6715329" lon="101.7359364"><ele>2401.41</ele><time>2026-05-06T07:41:50Z</time></trkpt>
      <trkpt lat="36.6714621" lon="101.7359437"><ele>2401.65</ele><time>2026-05-06T07:41:51Z</time></trkpt>
      <trkpt lat="36.6713010" lon="101.7359581"><ele>2402.16</ele><time>2026-05-06T07:41:53Z</time></trkpt>
      <trkpt lat="36.6712151" lon="101.7359599"><ele>2402.55</ele><time>2026-05-06T07:41:54Z</time></trkpt>
      <trkpt lat="36.6710412" lon="101.7359468"><ele>2403.46</ele><time>2026-05-06T07:41:56Z</time></trkpt>
      <trkpt lat="36.6709552" lon="101.7359320"><ele>2403.98</ele><time>2026-05-06T07:41:57Z</time></trkpt>
      <trkpt lat="36.6708703" lon="101.7359129"><ele>2404.51</ele><time>2026-05-06T07:41:58Z</time></trkpt>
      <trkpt lat="36.6705376" lon="101.7358341"><ele>2406.98</ele><time>2026-05-06T07:42:02Z</time></trkpt>
      <trkpt lat="36.6704533" lon="101.7358243"><ele>2407.63</ele><time>2026-05-06T07:42:03Z</time></trkpt>
      <trkpt lat="36.6703675" lon="101.7358207"><ele>2408.27</ele><time>2026-05-06T07:42:04Z</time></trkpt>
      <trkpt lat="36.6702796" lon="101.7358223"><ele>2408.76</ele><time>2026-05-06T07:42:05Z</time></trkpt>
      <trkpt lat="36.6701893" lon="101.7358270"><ele>2409.53</ele><time>2026-05-06T07:42:06Z</time></trkpt>
      <trkpt lat="36.6700966" lon="101.7358326"><ele>2410.01</ele><time>2026-05-06T07:42:07Z</time></trkpt>
      <trkpt lat="36.6700014" lon="101.7358377"><ele>2410.56</ele><time>2026-05-06T07:42:08Z</time></trkpt>
      <trkpt lat="36.6699042" lon="101.7358414"><ele>2411.21</ele><time>2026-05-06T07:42:09Z</time></trkpt>
      <trkpt lat="36.6693932" lon="101.7358445"><ele>2414.47</ele><time>2026-05-06T07:42:14Z</time></trkpt>
      <trkpt lat="36.6687714" lon="101.7358440"><ele>2417.98</ele><time>2026-05-06T07:42:20Z</time></trkpt>
      <trkpt lat="36.6682829" lon="101.7357857"><ele>2421.59</ele><time>2026-05-06T07:42:26Z</time></trkpt>
      <trkpt lat="36.6682336" lon="101.7357551"><ele>2422.11</ele><time>2026-05-06T07:42:27Z</time></trkpt>
      <trkpt lat="36.6681973" lon="101.7357155"><ele>2422.64</ele><time>2026-05-06T07:42:28Z</time></trkpt>
      <trkpt lat="36.6681749" lon="101.7356667"><ele>2423.13</ele><time>2026-05-06T07:42:29Z</time></trkpt>
      <trkpt lat="36.6681666" lon="101.7356092"><ele>2423.6</ele><time>2026-05-06T07:42:30Z</time></trkpt>
      <trkpt lat="36.6681713" lon="101.7355442"><ele>2424.13</ele><time>2026-05-06T07:42:31Z</time></trkpt>
      <trkpt lat="36.6681872" lon="101.7354731"><ele>2424.72</ele><time>2026-05-06T07:42:32Z</time></trkpt>
      <trkpt lat="36.6682118" lon="101.7353975"><ele>2425.29</ele><time>2026-05-06T07:42:33Z</time></trkpt>
      <trkpt lat="36.6682427" lon="101.7353192"><ele>2425.84</ele><time>2026-05-06T07:42:34Z</time></trkpt>
      <trkpt lat="36.6682783" lon="101.7352398"><ele>2426.39</ele><time>2026-05-06T07:42:35Z</time></trkpt>
      <trkpt lat="36.6685075" lon="101.7348915"><ele>2429.9</ele><time>2026-05-06T07:42:40Z</time></trkpt>
      <trkpt lat="36.6685626" lon="101.7348447"><ele>2430.63</ele><time>2026-05-06T07:42:41Z</time></trkpt>
      <trkpt lat="36.6686204" lon="101.7348096"><ele>2431.41</ele><time>2026-05-06T07:42:42Z</time></trkpt>
      <trkpt lat="36.6686810" lon="101.7347869"><ele>2432.11</ele><time>2026-05-06T07:42:43Z</time></trkpt>
      <trkpt lat="36.6687440" lon="101.7347763"><ele>2432.79</ele><time>2026-05-06T07:42:44Z</time></trkpt>
      <trkpt lat="36.6688094" lon="101.7347768"><ele>2433.51</ele><time>2026-05-06T07:42:45Z</time></trkpt>
      <trkpt lat="36.6688774" lon="101.7347859"><ele>2434.28</ele><time>2026-05-06T07:42:46Z</time></trkpt>
      <trkpt lat="36.6689481" lon="101.7348012"><ele>2434.95</ele><time>2026-05-06T07:42:47Z</time></trkpt>
      <trkpt lat="36.6693428" lon="101.7349052"><ele>2438.13</ele><time>2026-05-06T07:42:52Z</time></trkpt>
      <trkpt lat="36.6697905" lon="101.7349380"><ele>2441.64</ele><time>2026-05-06T07:42:57Z</time></trkpt>
      <trkpt lat="36.6698816" lon="101.7349257"><ele>2442.28</ele><time>2026-05-06T07:42:58Z</time></trkpt>
      <trkpt lat="36.6699721" lon="101.7349062"><ele>2442.97</ele><time>2026-05-06T07:42:59Z</time></trkpt>
      <trkpt lat="36.6700619" lon="101.7348802"><ele>2443.66</ele><time>2026-05-06T07:43:00Z</time></trkpt>
      <trkpt lat="36.6701511" lon="101.7348494"><ele>2444.43</ele><time>2026-05-06T07:43:01Z</time></trkpt>
      <trkpt lat="36.6702399" lon="101.7348159"><ele>2445.1</ele><time>2026-05-06T07:43:02Z</time></trkpt>
      <trkpt lat="36.6705932" lon="101.7346787"><ele>2447.73</ele><time>2026-05-06T07:43:06Z</time></trkpt>
      <trkpt lat="36.6706814" lon="101.7346469"><ele>2448.63</ele><time>2026-05-06T07:43:07Z</time></trkpt>
      <trkpt lat="36.6709450" lon="101.7345548"><ele>2451.17</ele><time>2026-05-06T07:43:10Z</time></trkpt>
      <trkpt lat="36.6710321" lon="101.7345221"><ele>2452.04</ele><time>2026-05-06T07:43:11Z</time></trkpt>
      <trkpt lat="36.6711190" lon="101.7344882"><ele>2452.85</ele><time>2026-05-06T07:43:12Z</time></trkpt>
      <trkpt lat="36.6713837" lon="101.7343940"><ele>2455.3</ele><time>2026-05-06T07:43:15Z</time></trkpt>
      <trkpt lat="36.6714748" lon="101.7343711"><ele>2456.24</ele><time>2026-05-06T07:43:16Z</time></trkpt>
      <trkpt lat="36.6715679" lon="101.7343540"><ele>2457.29</ele><time>2026-05-06T07:43:17Z</time></trkpt>
      <trkpt lat="36.6719532" lon="101.7343159"><ele>2460.9</ele><time>2026-05-06T07:43:21Z</time></trkpt>
      <trkpt lat="36.6721469" lon="101.7342879"><ele>2462.69</ele><time>2026-05-06T07:43:23Z</time></trkpt>
      <trkpt lat="36.6725120" lon="101.7341547"><ele>2466.04</ele><time>2026-05-06T07:43:27Z</time></trkpt>
      <trkpt lat="36.6725947" lon="101.7340996"><ele>2466.75</ele><time>2026-05-06T07:43:28Z</time></trkpt>
      <trkpt lat="36.6726725" lon="101.7340346"><ele>2467.43</ele><time>2026-05-06T07:43:29Z</time></trkpt>
      <trkpt lat="36.6727448" lon="101.7339597"><ele>2468.17</ele><time>2026-05-06T07:43:30Z</time></trkpt>
      <trkpt lat="36.6728110" lon="101.7338756"><ele>2468.87</ele><time>2026-05-06T07:43:31Z</time></trkpt>
      <trkpt lat="36.6728709" lon="101.7337837"><ele>2469.47</ele><time>2026-05-06T07:43:32Z</time></trkpt>
      <trkpt lat="36.6729246" lon="101.7336857"><ele>2470.07</ele><time>2026-05-06T07:43:33Z</time></trkpt>
      <trkpt lat="36.6729729" lon="101.7335836"><ele>2470.73</ele><time>2026-05-06T07:43:34Z</time></trkpt>
      <trkpt lat="36.6730168" lon="101.7334792"><ele>2471.27</ele><time>2026-05-06T07:43:35Z</time></trkpt>
      <trkpt lat="36.6730574" lon="101.7333739"><ele>2471.74</ele><time>2026-05-06T07:43:36Z</time></trkpt>
      <trkpt lat="36.6732898" lon="101.7326103"><ele>2474.63</ele><time>2026-05-06T07:43:43Z</time></trkpt>
      <trkpt lat="36.6734689" lon="101.7319102"><ele>2478.11</ele><time>2026-05-06T07:43:49Z</time></trkpt>
      <trkpt lat="36.6735772" lon="101.7315845"><ele>2480.08</ele><time>2026-05-06T07:43:52Z</time></trkpt>
      <trkpt lat="36.6736200" lon="101.7314846"><ele>2480.81</ele><time>2026-05-06T07:43:53Z</time></trkpt>
      <trkpt lat="36.6736669" lon="101.7313900"><ele>2481.65</ele><time>2026-05-06T07:43:54Z</time></trkpt>
      <trkpt lat="36.6737179" lon="101.7313005"><ele>2482.4</ele><time>2026-05-06T07:43:55Z</time></trkpt>
      <trkpt lat="36.6737724" lon="101.7312159"><ele>2483.18</ele><time>2026-05-06T07:43:56Z</time></trkpt>
      <trkpt lat="36.6740127" lon="101.7309170"><ele>2486.53</ele><time>2026-05-06T07:44:00Z</time></trkpt>
      <trkpt lat="36.6742615" lon="101.7306575"><ele>2489.69</ele><time>2026-05-06T07:44:04Z</time></trkpt>
      <trkpt lat="36.6744939" lon="101.7303979"><ele>2493.36</ele><time>2026-05-06T07:44:08Z</time></trkpt>
      <trkpt lat="36.6745962" lon="101.7302502"><ele>2495.2</ele><time>2026-05-06T07:44:10Z</time></trkpt>
      <trkpt lat="36.6746424" lon="101.7301698"><ele>2496.14</ele><time>2026-05-06T07:44:11Z</time></trkpt>
      <trkpt lat="36.6746852" lon="101.7300856"><ele>2497.1</ele><time>2026-05-06T07:44:12Z</time></trkpt>
      <trkpt lat="36.6747253" lon="101.7299985"><ele>2498.03</ele><time>2026-05-06T07:44:13Z</time></trkpt>
      <trkpt lat="36.6747637" lon="101.7299100"><ele>2498.97</ele><time>2026-05-06T07:44:14Z</time></trkpt>
      <trkpt lat="36.6748799" lon="101.7296481"><ele>2502.16</ele><time>2026-05-06T07:44:17Z</time></trkpt>
      <trkpt lat="36.6750175" lon="101.7294074"><ele>2505.46</ele><time>2026-05-06T07:44:20Z</time></trkpt>
      <trkpt lat="36.6751912" lon="101.7291923"><ele>2508.64</ele><time>2026-05-06T07:44:23Z</time></trkpt>
      <trkpt lat="36.6754032" lon="101.7289980"><ele>2511.73</ele><time>2026-05-06T07:44:26Z</time></trkpt>
      <trkpt lat="36.6756450" lon="101.7288280"><ele>2515.08</ele><time>2026-05-06T07:44:29Z</time></trkpt>
      <trkpt lat="36.6758177" lon="101.7287334"><ele>2517.32</ele><time>2026-05-06T07:44:31Z</time></trkpt>
      <trkpt lat="36.6759063" lon="101.7286925"><ele>2518.41</ele><time>2026-05-06T07:44:32Z</time></trkpt>
      <trkpt lat="36.6761745" lon="101.7285862"><ele>2521.57</ele><time>2026-05-06T07:44:35Z</time></trkpt>
      <trkpt lat="36.6765129" lon="101.7284228"><ele>2524.95</ele><time>2026-05-06T07:44:39Z</time></trkpt>
      <trkpt lat="36.6765901" lon="101.7283652"><ele>2525.75</ele><time>2026-05-06T07:44:40Z</time></trkpt>
      <trkpt lat="36.6766633" lon="101.7282976"><ele>2526.49</ele><time>2026-05-06T07:44:41Z</time></trkpt>
      <trkpt lat="36.6767319" lon="101.7282197"><ele>2527.2</ele><time>2026-05-06T07:44:42Z</time></trkpt>
      <trkpt lat="36.6767956" lon="101.7281320"><ele>2527.81</ele><time>2026-05-06T07:44:43Z</time></trkpt>
      <trkpt lat="36.6768539" lon="101.7280357"><ele>2528.4</ele><time>2026-05-06T07:44:44Z</time></trkpt>
      <trkpt lat="36.6769066" lon="101.7279323"><ele>2529</ele><time>2026-05-06T07:44:45Z</time></trkpt>
      <trkpt lat="36.6769541" lon="101.7278237"><ele>2529.61</ele><time>2026-05-06T07:44:46Z</time></trkpt>
      <trkpt lat="36.6769971" lon="101.7277120"><ele>2530.13</ele><time>2026-05-06T07:44:47Z</time></trkpt>
      <trkpt lat="36.6770370" lon="101.7275994"><ele>2530.6</ele><time>2026-05-06T07:44:48Z</time></trkpt>
      <trkpt lat="36.6771590" lon="101.7272802"><ele>2531.84</ele><time>2026-05-06T07:44:51Z</time></trkpt>
      <trkpt lat="36.6772076" lon="101.7271882"><ele>2532.11</ele><time>2026-05-06T07:44:52Z</time></trkpt>
      <trkpt lat="36.6772634" lon="101.7271070"><ele>2532.29</ele><time>2026-05-06T07:44:53Z</time></trkpt>
      <trkpt lat="36.6773273" lon="101.7270374"><ele>2532.43</ele><time>2026-05-06T07:44:54Z</time></trkpt>
      <trkpt lat="36.6773997" lon="101.7269795"><ele>2532.62</ele><time>2026-05-06T07:44:55Z</time></trkpt>
      <trkpt lat="36.6774800" lon="101.7269319"><ele>2532.86</ele><time>2026-05-06T07:44:56Z</time></trkpt>
      <trkpt lat="36.6775668" lon="101.7268921"><ele>2533.05</ele><time>2026-05-06T07:44:57Z</time></trkpt>
      <trkpt lat="36.6776581" lon="101.7268571"><ele>2533.32</ele><time>2026-05-06T07:44:58Z</time></trkpt>
      <trkpt lat="36.6780229" lon="101.7267056"><ele>2534.71</ele><time>2026-05-06T07:45:02Z</time></trkpt>
      <trkpt lat="36.6781032" lon="101.7266516"><ele>2535.09</ele><time>2026-05-06T07:45:03Z</time></trkpt>
      <trkpt lat="36.6781762" lon="101.7265877"><ele>2535.47</ele><time>2026-05-06T07:45:04Z</time></trkpt>
      <trkpt lat="36.6782422" lon="101.7265144"><ele>2535.99</ele><time>2026-05-06T07:45:05Z</time></trkpt>
      <trkpt lat="36.6783025" lon="101.7264339"><ele>2536.47</ele><time>2026-05-06T07:45:06Z</time></trkpt>
      <trkpt lat="36.6783590" lon="101.7263489"><ele>2537.12</ele><time>2026-05-06T07:45:07Z</time></trkpt>
      <trkpt lat="36.6786424" lon="101.7259588"><ele>2539.82</ele><time>2026-05-06T07:45:12Z</time></trkpt>
      <trkpt lat="36.6787093" lon="101.7259069"><ele>2540.53</ele><time>2026-05-06T07:45:13Z</time></trkpt>
      <trkpt lat="36.6787818" lon="101.7258685"><ele>2541.26</ele><time>2026-05-06T07:45:14Z</time></trkpt>
      <trkpt lat="36.6788594" lon="101.7258432"><ele>2542.16</ele><time>2026-05-06T07:45:15Z</time></trkpt>
      <trkpt lat="36.6789408" lon="101.7258289"><ele>2543.12</ele><time>2026-05-06T07:45:16Z</time></trkpt>
      <trkpt lat="36.6790245" lon="101.7258224"><ele>2544.04</ele><time>2026-05-06T07:45:17Z</time></trkpt>
      <trkpt lat="36.6791093" lon="101.7258200"><ele>2544.94</ele><time>2026-05-06T07:45:18Z</time></trkpt>
      <trkpt lat="36.6793614" lon="101.7258014"><ele>2547.37</ele><time>2026-05-06T07:45:21Z</time></trkpt>
      <trkpt lat="36.6794431" lon="101.7257807"><ele>2548.09</ele><time>2026-05-06T07:45:22Z</time></trkpt>
      <trkpt lat="36.6795232" lon="101.7257492"><ele>2548.79</ele><time>2026-05-06T07:45:23Z</time></trkpt>
      <trkpt lat="36.6796025" lon="101.7257067"><ele>2549.43</ele><time>2026-05-06T07:45:24Z</time></trkpt>
      <trkpt lat="36.6796817" lon="101.7256544"><ele>2550.05</ele><time>2026-05-06T07:45:25Z</time></trkpt>
      <trkpt lat="36.6797617" lon="101.7255945"><ele>2550.65</ele><time>2026-05-06T07:45:26Z</time></trkpt>
      <trkpt lat="36.6801804" lon="101.7252418"><ele>2554.01</ele><time>2026-05-06T07:45:31Z</time></trkpt>
      <trkpt lat="36.6806128" lon="101.7248854"><ele>2556.86</ele><time>2026-05-06T07:45:36Z</time></trkpt>
      <trkpt lat="36.6807740" lon="101.7247284"><ele>2557.64</ele><time>2026-05-06T07:45:38Z</time></trkpt>
      <trkpt lat="36.6808509" lon="101.7246434"><ele>2557.96</ele><time>2026-05-06T07:45:39Z</time></trkpt>
      <trkpt lat="36.6809997" lon="101.7244605"><ele>2558.58</ele><time>2026-05-06T07:45:41Z</time></trkpt>
      <trkpt lat="36.6814566" lon="101.7238842"><ele>2559.87</ele><time>2026-05-06T07:45:47Z</time></trkpt>
      <trkpt lat="36.6818994" lon="101.7234891"><ele>2560.91</ele><time>2026-05-06T07:45:52Z</time></trkpt>
      <trkpt lat="36.6825679" lon="101.7230946"><ele>2564.11</ele><time>2026-05-06T07:45:59Z</time></trkpt>
      <trkpt lat="36.6831498" lon="101.7228456"><ele>2567.46</ele><time>2026-05-06T07:46:05Z</time></trkpt>
      <trkpt lat="36.6837363" lon="101.7226294"><ele>2571.07</ele><time>2026-05-06T07:46:11Z</time></trkpt>
      <trkpt lat="36.6842177" lon="101.7224616"><ele>2574.17</ele><time>2026-05-06T07:46:16Z</time></trkpt>
      <trkpt lat="36.6844781" lon="101.7223223"><ele>2575.59</ele><time>2026-05-06T07:46:19Z</time></trkpt>
      <trkpt lat="36.6845580" lon="101.7222621"><ele>2576.12</ele><time>2026-05-06T07:46:20Z</time></trkpt>
      <trkpt lat="36.6846345" lon="101.7221937"><ele>2576.59</ele><time>2026-05-06T07:46:21Z</time></trkpt>
      <trkpt lat="36.6847081" lon="101.7221173"><ele>2576.97</ele><time>2026-05-06T07:46:22Z</time></trkpt>
      <trkpt lat="36.6847794" lon="101.7220338"><ele>2577.39</ele><time>2026-05-06T07:46:23Z</time></trkpt>
      <trkpt lat="36.6848491" lon="101.7219444"><ele>2577.77</ele><time>2026-05-06T07:46:24Z</time></trkpt>
      <trkpt lat="36.6853114" lon="101.7212351"><ele>2581.13</ele><time>2026-05-06T07:46:31Z</time></trkpt>
      <trkpt lat="36.6856294" lon="101.7207311"><ele>2585</ele><time>2026-05-06T07:46:36Z</time></trkpt>
      <trkpt lat="36.6858690" lon="101.7203492"><ele>2588.71</ele><time>2026-05-06T07:46:40Z</time></trkpt>
      <trkpt lat="36.6860942" lon="101.7199770"><ele>2592.37</ele><time>2026-05-06T07:46:44Z</time></trkpt>
      <trkpt lat="36.6863127" lon="101.7196039"><ele>2596.13</ele><time>2026-05-06T07:46:48Z</time></trkpt>
      <trkpt lat="36.6865256" lon="101.7192237"><ele>2599.76</ele><time>2026-05-06T07:46:52Z</time></trkpt>
      <trkpt lat="36.6867873" lon="101.7187280"><ele>2603.45</ele><time>2026-05-06T07:46:57Z</time></trkpt>
      <trkpt lat="36.6871378" lon="101.7181249"><ele>2606.69</ele><time>2026-05-06T07:47:03Z</time></trkpt>
      <trkpt lat="36.6872049" lon="101.7180292"><ele>2607.16</ele><time>2026-05-06T07:47:04Z</time></trkpt>
      <trkpt lat="36.6872748" lon="101.7179358"><ele>2607.64</ele><time>2026-05-06T07:47:05Z</time></trkpt>
      <trkpt lat="36.6879032" lon="101.7173262"><ele>2610.74</ele><time>2026-05-06T07:47:13Z</time></trkpt>
      <trkpt lat="36.6881567" lon="101.7172026"><ele>2611.6</ele><time>2026-05-06T07:47:16Z</time></trkpt>
      <trkpt lat="36.6882431" lon="101.7171821"><ele>2611.79</ele><time>2026-05-06T07:47:17Z</time></trkpt>
      <trkpt lat="36.6883307" lon="101.7171729"><ele>2612.05</ele><time>2026-05-06T07:47:18Z</time></trkpt>
      <trkpt lat="36.6884194" lon="101.7171739"><ele>2612.36</ele><time>2026-05-06T07:47:19Z</time></trkpt>
      <trkpt lat="36.6885091" lon="101.7171828"><ele>2612.74</ele><time>2026-05-06T07:47:20Z</time></trkpt>
      <trkpt lat="36.6885995" lon="101.7171973"><ele>2613.11</ele><time>2026-05-06T07:47:21Z</time></trkpt>
      <trkpt lat="36.6891500" lon="101.7173335"><ele>2616.32</ele><time>2026-05-06T07:47:27Z</time></trkpt>
      <trkpt lat="36.6898303" lon="101.7174058"><ele>2618.51</ele><time>2026-05-06T07:47:35Z</time></trkpt>
      <trkpt lat="36.6899004" lon="101.7173846"><ele>2618.71</ele><time>2026-05-06T07:47:36Z</time></trkpt>
      <trkpt lat="36.6899658" lon="101.7173538"><ele>2618.95</ele><time>2026-05-06T07:47:37Z</time></trkpt>
      <trkpt lat="36.6900268" lon="101.7173131"><ele>2619.19</ele><time>2026-05-06T07:47:38Z</time></trkpt>
      <trkpt lat="36.6900836" lon="101.7172633"><ele>2619.37</ele><time>2026-05-06T07:47:39Z</time></trkpt>
      <trkpt lat="36.6901367" lon="101.7172053"><ele>2619.47</ele><time>2026-05-06T07:47:40Z</time></trkpt>
      <trkpt lat="36.6901864" lon="101.7171406"><ele>2619.54</ele><time>2026-05-06T07:47:41Z</time></trkpt>
      <trkpt lat="36.6902336" lon="101.7170709"><ele>2619.63</ele><time>2026-05-06T07:47:42Z</time></trkpt>
      <trkpt lat="36.6905424" lon="101.7165316"><ele>2620.09</ele><time>2026-05-06T07:47:49Z</time></trkpt>
      <trkpt lat="36.6909458" lon="101.7159953"><ele>2620.38</ele><time>2026-05-06T07:47:57Z</time></trkpt>
      <trkpt lat="36.6912638" lon="101.7155389"><ele>2619.78</ele><time>2026-05-06T07:48:04Z</time></trkpt>
      <trkpt lat="36.6916350" lon="101.7149026"><ele>2619.17</ele><time>2026-05-06T07:48:14Z</time></trkpt>
      <trkpt lat="36.6918403" lon="101.7146498"><ele>2619.2</ele><time>2026-05-06T07:48:19Z</time></trkpt>
      <trkpt lat="36.6918810" lon="101.7146094"><ele>2619.24</ele><time>2026-05-06T07:48:20Z</time></trkpt>
      <trkpt lat="36.6920548" lon="101.7144695"><ele>2619.57</ele><time>2026-05-06T07:48:25Z</time></trkpt>
      <trkpt lat="36.6921488" lon="101.7144330"><ele>2619.48</ele><time>2026-05-06T07:48:30Z</time></trkpt>
      <trkpt lat="36.6921704" lon="101.7144963"><ele>2619.18</ele><time>2026-05-06T07:48:35Z</time></trkpt>
      <trkpt lat="36.6921386" lon="101.7146653"><ele>2619.53</ele><time>2026-05-06T07:48:40Z</time></trkpt>
      <trkpt lat="36.6920431" lon="101.7151232"><ele>2621.14</ele><time>2026-05-06T07:48:49Z</time></trkpt>
      <trkpt lat="36.6919431" lon="101.7157799"><ele>2622.36</ele><time>2026-05-06T07:49:00Z</time></trkpt>
      <trkpt lat="36.6918662" lon="101.7163219"><ele>2623.04</ele><time>2026-05-06T07:49:09Z</time></trkpt>
      <trkpt lat="36.6918251" lon="101.7167095"><ele>2622.92</ele><time>2026-05-06T07:49:17Z</time></trkpt>
      <trkpt lat="36.6918072" lon="101.7169201"><ele>2622.4</ele><time>2026-05-06T07:49:23Z</time></trkpt>
      <trkpt lat="36.6917474" lon="101.7171139"><ele>2621.52</ele><time>2026-05-06T07:49:30Z</time></trkpt>
      <trkpt lat="36.6916622" lon="101.7173280"><ele>2620.96</ele><time>2026-05-06T07:49:39Z</time></trkpt>
      <trkpt lat="36.6916554" lon="101.7175825"><ele>2620.93</ele><time>2026-05-06T07:49:48Z</time></trkpt>
      <trkpt lat="36.6916601" lon="101.7179087"><ele>2620.36</ele><time>2026-05-06T07:49:58Z</time></trkpt>
      <trkpt lat="36.6916043" lon="101.7182148"><ele>2619.09</ele><time>2026-05-06T07:50:07Z</time></trkpt>
      <trkpt lat="36.6915179" lon="101.7185549"><ele>2617.82</ele><time>2026-05-06T07:50:15Z</time></trkpt>
      <trkpt lat="36.6914678" lon="101.7189653"><ele>2616.38</ele><time>2026-05-06T07:50:23Z</time></trkpt>
      <trkpt lat="36.6914668" lon="101.7190173"><ele>2616.14</ele><time>2026-05-06T07:50:24Z</time></trkpt>
      <trkpt lat="36.6914685" lon="101.7194036"><ele>2615.23</ele><time>2026-05-06T07:50:32Z</time></trkpt>
      <trkpt lat="36.6914018" lon="101.7196227"><ele>2616.11</ele><time>2026-05-06T07:50:51Z</time></trkpt>
    </trkseg>
    <trkseg>
      <trkpt lat="36.6914507" lon="101.7192262"><ele>2616.47</ele><time>2026-05-06T07:58:42Z</time></trkpt>
      <trkpt lat="36.6914685" lon="101.7187947"><ele>2615.03</ele><time>2026-05-06T07:58:52Z</time></trkpt>
      <trkpt lat="36.6915291" lon="101.7184076"><ele>2614.86</ele><time>2026-05-06T07:59:01Z</time></trkpt>
      <trkpt lat="36.6916069" lon="101.7180984"><ele>2616.16</ele><time>2026-05-06T07:59:09Z</time></trkpt>
      <trkpt lat="36.6916364" lon="101.7177780"><ele>2617.95</ele><time>2026-05-06T07:59:17Z</time></trkpt>
      <trkpt lat="36.6916505" lon="101.7174551"><ele>2620.18</ele><time>2026-05-06T07:59:25Z</time></trkpt>
      <trkpt lat="36.6916890" lon="101.7171957"><ele>2621.13</ele><time>2026-05-06T07:59:32Z</time></trkpt>
      <trkpt lat="36.6917552" lon="101.7170057"><ele>2621.38</ele><time>2026-05-06T07:59:39Z</time></trkpt>
      <trkpt lat="36.6917991" lon="101.7167849"><ele>2621.42</ele><time>2026-05-06T07:59:46Z</time></trkpt>
      <trkpt lat="36.6918348" lon="101.7163539"><ele>2622.43</ele><time>2026-05-06T07:59:56Z</time></trkpt>
      <trkpt lat="36.6918673" lon="101.7160411"><ele>2623.3</ele><time>2026-05-06T08:00:04Z</time></trkpt>
      <trkpt lat="36.6918949" lon="101.7158440"><ele>2623.38</ele><time>2026-05-06T08:00:10Z</time></trkpt>
      <trkpt lat="36.6919503" lon="101.7154499"><ele>2623.48</ele><time>2026-05-06T08:00:18Z</time></trkpt>
      <trkpt lat="36.6920574" lon="101.7148675"><ele>2623.03</ele><time>2026-05-06T08:00:28Z</time></trkpt>
      <trkpt lat="36.6921240" lon="101.7145714"><ele>2622.48</ele><time>2026-05-06T08:00:35Z</time></trkpt>
      <trkpt lat="36.6921892" lon="101.7144229"><ele>2621.39</ele><time>2026-05-06T08:00:41Z</time></trkpt>
      <trkpt lat="36.6922166" lon="101.7143983"><ele>2621.12</ele><time>2026-05-06T08:00:42Z</time></trkpt>
      <trkpt lat="36.6922517" lon="101.7143717"><ele>2620.91</ele><time>2026-05-06T08:00:43Z</time></trkpt>
      <trkpt lat="36.6922950" lon="101.7143425"><ele>2620.72</ele><time>2026-05-06T08:00:44Z</time></trkpt>
      <trkpt lat="36.6923457" lon="101.7143100"><ele>2620.62</ele><time>2026-05-06T08:00:45Z</time></trkpt>
      <trkpt lat="36.6924024" lon="101.7142736"><ele>2620.58</ele><time>2026-05-06T08:00:46Z</time></trkpt>
      <trkpt lat="36.6925897" lon="101.7141322"><ele>2620.6</ele><time>2026-05-06T08:00:49Z</time></trkpt>
      <trkpt lat="36.6926510" lon="101.7140716"><ele>2620.62</ele><time>2026-05-06T08:00:50Z</time></trkpt>
      <trkpt lat="36.6927090" lon="101.7140033"><ele>2620.63</ele><time>2026-05-06T08:00:51Z</time></trkpt>
      <trkpt lat="36.6927628" lon="101.7139274"><ele>2620.63</ele><time>2026-05-06T08:00:52Z</time></trkpt>
      <trkpt lat="36.6928122" lon="101.7138444"><ele>2620.63</ele><time>2026-05-06T08:00:53Z</time></trkpt>
      <trkpt lat="36.6928575" lon="101.7137553"><ele>2620.52</ele><time>2026-05-06T08:00:54Z</time></trkpt>
      <trkpt lat="36.6928992" lon="101.7136612"><ele>2620.36</ele><time>2026-05-06T08:00:55Z</time></trkpt>
      <trkpt lat="36.6932767" lon="101.7127317"><ele>2618.22</ele><time>2026-05-06T08:01:05Z</time></trkpt>
      <trkpt lat="36.6933266" lon="101.7126679"><ele>2618.01</ele><time>2026-05-06T08:01:06Z</time></trkpt>
      <trkpt lat="36.6933814" lon="101.7126139"><ele>2617.8</ele><time>2026-05-06T08:01:07Z</time></trkpt>
      <trkpt lat="36.6934416" lon="101.7125696"><ele>2617.49</ele><time>2026-05-06T08:01:08Z</time></trkpt>
      <trkpt lat="36.6935069" lon="101.7125345"><ele>2617.22</ele><time>2026-05-06T08:01:09Z</time></trkpt>
      <trkpt lat="36.6935768" lon="101.7125073"><ele>2616.96</ele><time>2026-05-06T08:01:10Z</time></trkpt>
      <trkpt lat="36.6936504" lon="101.7124867"><ele>2616.7</ele><time>2026-05-06T08:01:11Z</time></trkpt>
      <trkpt lat="36.6937269" lon="101.7124711"><ele>2616.49</ele><time>2026-05-06T08:01:12Z</time></trkpt>
      <trkpt lat="36.6943068" lon="101.7124718"><ele>2615.85</ele><time>2026-05-06T08:01:19Z</time></trkpt>
      <trkpt lat="36.6943926" lon="101.7124851"><ele>2615.75</ele><time>2026-05-06T08:01:20Z</time></trkpt>
      <trkpt lat="36.6952358" lon="101.7127512"><ele>2615.78</ele><time>2026-05-06T08:01:30Z</time></trkpt>
      <trkpt lat="36.6957757" lon="101.7130528"><ele>2615.43</ele><time>2026-05-06T08:01:37Z</time></trkpt>
      <trkpt lat="36.6961997" lon="101.7132801"><ele>2615.15</ele><time>2026-05-06T08:01:44Z</time></trkpt>
      <trkpt lat="36.6962421" lon="101.7132848"><ele>2615.14</ele><time>2026-05-06T08:01:45Z</time></trkpt>
      <trkpt lat="36.6962787" lon="101.7132788"><ele>2615.12</ele><time>2026-05-06T08:01:46Z</time></trkpt>
      <trkpt lat="36.6963100" lon="101.7132612"><ele>2615.07</ele><time>2026-05-06T08:01:47Z</time></trkpt>
      <trkpt lat="36.6963366" lon="101.7132319"><ele>2615.01</ele><time>2026-05-06T08:01:48Z</time></trkpt>
      <trkpt lat="36.6963595" lon="101.7131911"><ele>2614.87</ele><time>2026-05-06T08:01:49Z</time></trkpt>
      <trkpt lat="36.6963799" lon="101.7131398"><ele>2614.66</ele><time>2026-05-06T08:01:50Z</time></trkpt>
      <trkpt lat="36.6963987" lon="101.7130792"><ele>2614.56</ele><time>2026-05-06T08:01:51Z</time></trkpt>
      <trkpt lat="36.6965046" lon="101.7125833"><ele>2614.87</ele><time>2026-05-06T08:01:57Z</time></trkpt>
      <trkpt lat="36.6966729" lon="101.7118639"><ele>2615.52</ele><time>2026-05-06T08:02:04Z</time></trkpt>
      <trkpt lat="36.6968939" lon="101.7110170"><ele>2616.4</ele><time>2026-05-06T08:02:11Z</time></trkpt>
      <trkpt lat="36.6971442" lon="101.7098346"><ele>2618.17</ele><time>2026-05-06T08:02:20Z</time></trkpt>
      <trkpt lat="36.6972678" lon="101.7089781"><ele>2620.3</ele><time>2026-05-06T08:02:27Z</time></trkpt>
      <trkpt lat="36.6973744" lon="101.7080572"><ele>2623.63</ele><time>2026-05-06T08:02:35Z</time></trkpt>
      <trkpt lat="36.6974546" lon="101.7074007"><ele>2626.92</ele><time>2026-05-06T08:02:41Z</time></trkpt>
      <trkpt lat="36.6975796" lon="101.7067885"><ele>2630.55</ele><time>2026-05-06T08:02:47Z</time></trkpt>
      <trkpt lat="36.6976894" lon="101.7064258"><ele>2633.71</ele><time>2026-05-06T08:02:51Z</time></trkpt>
      <trkpt lat="36.6978197" lon="101.7061087"><ele>2637.19</ele><time>2026-05-06T08:02:55Z</time></trkpt>
      <trkpt lat="36.6979804" lon="101.7058255"><ele>2641.1</ele><time>2026-05-06T08:02:59Z</time></trkpt>
      <trkpt lat="36.6981247" lon="101.7056267"><ele>2644.14</ele><time>2026-05-06T08:03:02Z</time></trkpt>
      <trkpt lat="36.6983419" lon="101.7053768"><ele>2648.1</ele><time>2026-05-06T08:03:06Z</time></trkpt>
      <trkpt lat="36.6985705" lon="101.7051416"><ele>2651.8</ele><time>2026-05-06T08:03:10Z</time></trkpt>
      <trkpt lat="36.6987980" lon="101.7049089"><ele>2655.49</ele><time>2026-05-06T08:03:14Z</time></trkpt>
      <trkpt lat="36.6990306" lon="101.7046615"><ele>2659.15</ele><time>2026-05-06T08:03:18Z</time></trkpt>
      <trkpt lat="36.6992684" lon="101.7043990"><ele>2662.78</ele><time>2026-05-06T08:03:22Z</time></trkpt>
      <trkpt lat="36.6994898" lon="101.7041180"><ele>2666.13</ele><time>2026-05-06T08:03:26Z</time></trkpt>
      <trkpt lat="36.6996198" lon="101.7038829"><ele>2668.62</ele><time>2026-05-06T08:03:29Z</time></trkpt>
      <trkpt lat="36.6996523" lon="101.7037985"><ele>2669.44</ele><time>2026-05-06T08:03:30Z</time></trkpt>
      <trkpt lat="36.6996786" lon="101.7037112"><ele>2670.28</ele><time>2026-05-06T08:03:31Z</time></trkpt>
      <trkpt lat="36.6996988" lon="101.7036211"><ele>2671.03</ele><time>2026-05-06T08:03:32Z</time></trkpt>
      <trkpt lat="36.6997133" lon="101.7035287"><ele>2671.82</ele><time>2026-05-06T08:03:33Z</time></trkpt>
      <trkpt lat="36.6997227" lon="101.7034343"><ele>2672.61</ele><time>2026-05-06T08:03:34Z</time></trkpt>
      <trkpt lat="36.6997091" lon="101.7029399"><ele>2676.35</ele><time>2026-05-06T08:03:39Z</time></trkpt>
      <trkpt lat="36.6996243" lon="101.7024175"><ele>2679.98</ele><time>2026-05-06T08:03:44Z</time></trkpt>
      <trkpt lat="36.6995244" lon="101.7019775"><ele>2683.18</ele><time>2026-05-06T08:03:48Z</time></trkpt>
      <trkpt lat="36.6993714" lon="101.7015416"><ele>2686.31</ele><time>2026-05-06T08:03:52Z</time></trkpt>
      <trkpt lat="36.6993181" lon="101.7014406"><ele>2687.06</ele><time>2026-05-06T08:03:53Z</time></trkpt>
      <trkpt lat="36.6992570" lon="101.7013452"><ele>2687.74</ele><time>2026-05-06T08:03:54Z</time></trkpt>
      <trkpt lat="36.6991882" lon="101.7012566"><ele>2688.43</ele><time>2026-05-06T08:03:55Z</time></trkpt>
      <trkpt lat="36.6991120" lon="101.7011756"><ele>2689.12</ele><time>2026-05-06T08:03:56Z</time></trkpt>
      <trkpt lat="36.6990295" lon="101.7011027"><ele>2689.76</ele><time>2026-05-06T08:03:57Z</time></trkpt>
      <trkpt lat="36.6989423" lon="101.7010376"><ele>2690.29</ele><time>2026-05-06T08:03:58Z</time></trkpt>
      <trkpt lat="36.6988525" lon="101.7009792"><ele>2690.8</ele><time>2026-05-06T08:03:59Z</time></trkpt>
      <trkpt lat="36.6987625" lon="101.7009258"><ele>2691.22</ele><time>2026-05-06T08:04:00Z</time></trkpt>
      <trkpt lat="36.6985183" lon="101.7007733"><ele>2692.14</ele><time>2026-05-06T08:04:03Z</time></trkpt>
      <trkpt lat="36.6984540" lon="101.7007165"><ele>2692.36</ele><time>2026-05-06T08:04:04Z</time></trkpt>
      <trkpt lat="36.6984024" lon="101.7006531"><ele>2692.55</ele><time>2026-05-06T08:04:05Z</time></trkpt>
      <trkpt lat="36.6983652" lon="101.7005818"><ele>2692.75</ele><time>2026-05-06T08:04:06Z</time></trkpt>
      <trkpt lat="36.6983439" lon="101.7005020"><ele>2692.93</ele><time>2026-05-06T08:04:07Z</time></trkpt>
      <trkpt lat="36.6983386" lon="101.7004142"><ele>2693.09</ele><time>2026-05-06T08:04:08Z</time></trkpt>
      <trkpt lat="36.6983488" lon="101.7003194"><ele>2693.5</ele><time>2026-05-06T08:04:09Z</time></trkpt>
      <trkpt lat="36.6983726" lon="101.7002196"><ele>2693.93</ele><time>2026-05-06T08:04:10Z</time></trkpt>
      <trkpt lat="36.6984076" lon="101.7001166"><ele>2694.41</ele><time>2026-05-06T08:04:11Z</time></trkpt>
      <trkpt lat="36.6984503" lon="101.7000123"><ele>2694.85</ele><time>2026-05-06T08:04:12Z</time></trkpt>
      <trkpt lat="36.6984976" lon="101.6999076"><ele>2695.41</ele><time>2026-05-06T08:04:13Z</time></trkpt>
      <trkpt lat="36.6985464" lon="101.6998028"><ele>2695.91</ele><time>2026-05-06T08:04:14Z</time></trkpt>
      <trkpt lat="36.6987216" lon="101.6993772"><ele>2697.9</ele><time>2026-05-06T08:04:18Z</time></trkpt>
      <trkpt lat="36.6987548" lon="101.6992670"><ele>2698.39</ele><time>2026-05-06T08:04:19Z</time></trkpt>
      <trkpt lat="36.6987830" lon="101.6991547"><ele>2698.93</ele><time>2026-05-06T08:04:20Z</time></trkpt>
      <trkpt lat="36.6988864" lon="101.6985673"><ele>2702.17</ele><time>2026-05-06T08:04:25Z</time></trkpt>
      <trkpt lat="36.6990312" lon="101.6978296"><ele>2705.71</ele><time>2026-05-06T08:04:31Z</time></trkpt>
      <trkpt lat="36.6992529" lon="101.6969562"><ele>2709.06</ele><time>2026-05-06T08:04:38Z</time></trkpt>
      <trkpt lat="36.6994862" lon="101.6962415"><ele>2712.18</ele><time>2026-05-06T08:04:44Z</time></trkpt>
      <trkpt lat="36.6997236" lon="101.6954468"><ele>2714.95</ele><time>2026-05-06T08:04:51Z</time></trkpt>
      <trkpt lat="36.6997840" lon="101.6950844"><ele>2715.34</ele><time>2026-05-06T08:04:54Z</time></trkpt>
      <trkpt lat="36.6998330" lon="101.6942816"><ele>2715.25</ele><time>2026-05-06T08:05:00Z</time></trkpt>
      <trkpt lat="36.6998900" lon="101.6931178"><ele>2711.89</ele><time>2026-05-06T08:05:08Z</time></trkpt>
      <trkpt lat="36.6999874" lon="101.6922196"><ele>2708.42</ele><time>2026-05-06T08:05:14Z</time></trkpt>
      <trkpt lat="36.7001209" lon="101.6911362"><ele>2705.09</ele><time>2026-05-06T08:05:21Z</time></trkpt>
      <trkpt lat="36.7003209" lon="101.6898890"><ele>2702.04</ele><time>2026-05-06T08:05:29Z</time></trkpt>
      <trkpt lat="36.7005616" lon="101.6890110"><ele>2700.96</ele><time>2026-05-06T08:05:35Z</time></trkpt>
      <trkpt lat="36.7008926" lon="101.6880189"><ele>2700.45</ele><time>2026-05-06T08:05:42Z</time></trkpt>
      <trkpt lat="36.7010448" lon="101.6871536"><ele>2700.61</ele><time>2026-05-06T08:05:48Z</time></trkpt>
      <trkpt lat="36.7010524" lon="101.6864406"><ele>2700.82</ele><time>2026-05-06T08:05:53Z</time></trkpt>
      <trkpt lat="36.7010325" lon="101.6856079"><ele>2699.3</ele><time>2026-05-06T08:05:59Z</time></trkpt>
      <trkpt lat="36.7010574" lon="101.6849227"><ele>2696.15</ele><time>2026-05-06T08:06:04Z</time></trkpt>
      <trkpt lat="36.7011177" lon="101.6843734"><ele>2692.97</ele><time>2026-05-06T08:06:08Z</time></trkpt>
      <trkpt lat="36.7011970" lon="101.6838264"><ele>2689.33</ele><time>2026-05-06T08:06:12Z</time></trkpt>
      <trkpt lat="36.7012835" lon="101.6832810"><ele>2685.78</ele><time>2026-05-06T08:06:16Z</time></trkpt>
      <trkpt lat="36.7013815" lon="101.6827289"><ele>2682.43</ele><time>2026-05-06T08:06:20Z</time></trkpt>
      <trkpt lat="36.7014938" lon="101.6821607"><ele>2679.16</ele><time>2026-05-06T08:06:24Z</time></trkpt>
      <trkpt lat="36.7016234" lon="101.6815788"><ele>2675.56</ele><time>2026-05-06T08:06:28Z</time></trkpt>
      <trkpt lat="36.7017433" lon="101.6811386"><ele>2672.47</ele><time>2026-05-06T08:06:31Z</time></trkpt>
      <trkpt lat="36.7018961" lon="101.6806982"><ele>2668.83</ele><time>2026-05-06T08:06:34Z</time></trkpt>
      <trkpt lat="36.7020835" lon="101.6802599"><ele>2665.24</ele><time>2026-05-06T08:06:37Z</time></trkpt>
      <trkpt lat="36.7023672" lon="101.6796741"><ele>2661.92</ele><time>2026-05-06T08:06:41Z</time></trkpt>
      <trkpt lat="36.7031313" lon="101.6782135"><ele>2659.73</ele><time>2026-05-06T08:06:51Z</time></trkpt>
      <trkpt lat="36.7037550" lon="101.6770956"><ele>2660.44</ele><time>2026-05-06T08:06:59Z</time></trkpt>
      <trkpt lat="36.7044064" lon="101.6759503"><ele>2661.95</ele><time>2026-05-06T08:07:08Z</time></trkpt>
      <trkpt lat="36.7046035" lon="101.6756942"><ele>2662.06</ele><time>2026-05-06T08:07:11Z</time></trkpt>
      <trkpt lat="36.7046679" lon="101.6756345"><ele>2662.01</ele><time>2026-05-06T08:07:12Z</time></trkpt>
      <trkpt lat="36.7047317" lon="101.6755894"><ele>2661.89</ele><time>2026-05-06T08:07:13Z</time></trkpt>
      <trkpt lat="36.7047944" lon="101.6755587"><ele>2661.7</ele><time>2026-05-06T08:07:14Z</time></trkpt>
      <trkpt lat="36.7048550" lon="101.6755409"><ele>2661.44</ele><time>2026-05-06T08:07:15Z</time></trkpt>
      <trkpt lat="36.7049126" lon="101.6755343"><ele>2661.01</ele><time>2026-05-06T08:07:16Z</time></trkpt>
      <trkpt lat="36.7049663" lon="101.6755365"><ele>2660.6</ele><time>2026-05-06T08:07:17Z</time></trkpt>
      <trkpt lat="36.7050153" lon="101.6755447"><ele>2660.13</ele><time>2026-05-06T08:07:18Z</time></trkpt>
      <trkpt lat="36.7050592" lon="101.6755561"><ele>2659.73</ele><time>2026-05-06T08:07:19Z</time></trkpt>
      <trkpt lat="36.7050977" lon="101.6755679"><ele>2659.16</ele><time>2026-05-06T08:07:20Z</time></trkpt>
      <trkpt lat="36.7051811" lon="101.6755897"><ele>2657.44</ele><time>2026-05-06T08:07:23Z</time></trkpt>
      <trkpt lat="36.7051982" lon="101.6755891"><ele>2656.87</ele><time>2026-05-06T08:07:24Z</time></trkpt>
      <trkpt lat="36.7052100" lon="101.6755838"><ele>2656.41</ele><time>2026-05-06T08:07:25Z</time></trkpt>
      <trkpt lat="36.7052165" lon="101.6755740"><ele>2656.02</ele><time>2026-05-06T08:07:26Z</time></trkpt>
      <trkpt lat="36.7052176" lon="101.6755599"><ele>2655.71</ele><time>2026-05-06T08:07:27Z</time></trkpt>
      <trkpt lat="36.7052127" lon="101.6755418"><ele>2655.42</ele><time>2026-05-06T08:07:28Z</time></trkpt>
      <trkpt lat="36.7052014" lon="101.6755196"><ele>2655.22</ele><time>2026-05-06T08:07:29Z</time></trkpt>
      <trkpt lat="36.7051828" lon="101.6754935"><ele>2655</ele><time>2026-05-06T08:07:30Z</time></trkpt>
      <trkpt lat="36.7051562" lon="101.6754636"><ele>2654.88</ele><time>2026-05-06T08:07:31Z</time></trkpt>
      <trkpt lat="36.7051210" lon="101.6754302"><ele>2654.65</ele><time>2026-05-06T08:07:32Z</time></trkpt>
      <trkpt lat="36.7050775" lon="101.6753937"><ele>2654.41</ele><time>2026-05-06T08:07:33Z</time></trkpt>
      <trkpt lat="36.7050266" lon="101.6753541"><ele>2654.21</ele><time>2026-05-06T08:07:34Z</time></trkpt>
      <trkpt lat="36.7049699" lon="101.6753113"><ele>2653.95</ele><time>2026-05-06T08:07:35Z</time></trkpt>
      <trkpt lat="36.7049103" lon="101.6752646"><ele>2653.65</ele><time>2026-05-06T08:07:36Z</time></trkpt>
      <trkpt lat="36.7047969" lon="101.6751570"><ele>2652.93</ele><time>2026-05-06T08:07:38Z</time></trkpt>
      <trkpt lat="36.7047515" lon="101.6750950"><ele>2652.45</ele><time>2026-05-06T08:07:39Z</time></trkpt>
      <trkpt lat="36.7047194" lon="101.6750275"><ele>2651.97</ele><time>2026-05-06T08:07:40Z</time></trkpt>
      <trkpt lat="36.7047043" lon="101.6749559"><ele>2651.48</ele><time>2026-05-06T08:07:41Z</time></trkpt>
      <trkpt lat="36.7047094" lon="101.6748820"><ele>2650.98</ele><time>2026-05-06T08:07:42Z</time></trkpt>
      <trkpt lat="36.7047361" lon="101.6748085"><ele>2650.24</ele><time>2026-05-06T08:07:43Z</time></trkpt>
      <trkpt lat="36.7047839" lon="101.6747379"><ele>2649.4</ele><time>2026-05-06T08:07:44Z</time></trkpt>
      <trkpt lat="36.7048503" lon="101.6746719"><ele>2648.47</ele><time>2026-05-06T08:07:45Z</time></trkpt>
      <trkpt lat="36.7049310" lon="101.6746110"><ele>2647.48</ele><time>2026-05-06T08:07:46Z</time></trkpt>
      <trkpt lat="36.7050210" lon="101.6745541"><ele>2646.53</ele><time>2026-05-06T08:07:47Z</time></trkpt>
      <trkpt lat="36.7051154" lon="101.6744990"><ele>2645.6</ele><time>2026-05-06T08:07:48Z</time></trkpt>
      <trkpt lat="36.7052102" lon="101.6744432"><ele>2644.81</ele><time>2026-05-06T08:07:49Z</time></trkpt>
      <trkpt lat="36.7053028" lon="101.6743843"><ele>2644.15</ele><time>2026-05-06T08:07:50Z</time></trkpt>
      <trkpt lat="36.7053920" lon="101.6743208"><ele>2643.48</ele><time>2026-05-06T08:07:51Z</time></trkpt>
      <trkpt lat="36.7055599" lon="101.6741804"><ele>2642.27</ele><time>2026-05-06T08:07:53Z</time></trkpt>
      <trkpt lat="36.7056390" lon="101.6741055"><ele>2641.76</ele><time>2026-05-06T08:07:54Z</time></trkpt>
      <trkpt lat="36.7060173" lon="101.6737482"><ele>2639.69</ele><time>2026-05-06T08:08:00Z</time></trkpt>
      <trkpt lat="36.7060562" lon="101.6737316"><ele>2639.45</ele><time>2026-05-06T08:08:01Z</time></trkpt>
      <trkpt lat="36.7060847" lon="101.6737336"><ele>2639.2</ele><time>2026-05-06T08:08:02Z</time></trkpt>
      <trkpt lat="36.7061000" lon="101.6737545"><ele>2638.85</ele><time>2026-05-06T08:08:03Z</time></trkpt>
      <trkpt lat="36.7060997" lon="101.6737928"><ele>2638.43</ele><time>2026-05-06T08:08:04Z</time></trkpt>
      <trkpt lat="36.7060818" lon="101.6738466"><ele>2638</ele><time>2026-05-06T08:08:05Z</time></trkpt>
      <trkpt lat="36.7060458" lon="101.6739133"><ele>2637.6</ele><time>2026-05-06T08:08:06Z</time></trkpt>
      <trkpt lat="36.7059930" lon="101.6739909"><ele>2637.26</ele><time>2026-05-06T08:08:07Z</time></trkpt>
      <trkpt lat="36.7059264" lon="101.6740768"><ele>2637.03</ele><time>2026-05-06T08:08:08Z</time></trkpt>
      <trkpt lat="36.7058503" lon="101.6741689"><ele>2636.82</ele><time>2026-05-06T08:08:09Z</time></trkpt>
      <trkpt lat="36.7057694" lon="101.6742649"><ele>2636.67</ele><time>2026-05-06T08:08:10Z</time></trkpt>
      <trkpt lat="36.7054296" lon="101.6747384"><ele>2635.89</ele><time>2026-05-06T08:08:15Z</time></trkpt>
      <trkpt lat="36.7053989" lon="101.6748196"><ele>2635.55</ele><time>2026-05-06T08:08:16Z</time></trkpt>
      <trkpt lat="36.7053874" lon="101.6748918"><ele>2635.13</ele><time>2026-05-06T08:08:17Z</time></trkpt>
      <trkpt lat="36.7053961" lon="101.6749523"><ele>2634.55</ele><time>2026-05-06T08:08:18Z</time></trkpt>
      <trkpt lat="36.7054246" lon="101.6749980"><ele>2633.97</ele><time>2026-05-06T08:08:19Z</time></trkpt>
      <trkpt lat="36.7054711" lon="101.6750261"><ele>2633.41</ele><time>2026-05-06T08:08:20Z</time></trkpt>
      <trkpt lat="36.7055326" lon="101.6750338"><ele>2632.87</ele><time>2026-05-06T08:08:21Z</time></trkpt>
      <trkpt lat="36.7056053" lon="101.6750192"><ele>2632.14</ele><time>2026-05-06T08:08:22Z</time></trkpt>
      <trkpt lat="36.7056852" lon="101.6749818"><ele>2631.29</ele><time>2026-05-06T08:08:23Z</time></trkpt>
      <trkpt lat="36.7057685" lon="101.6749230"><ele>2630.5</ele><time>2026-05-06T08:08:24Z</time></trkpt>
      <trkpt lat="36.7058521" lon="101.6748460"><ele>2629.76</ele><time>2026-05-06T08:08:25Z</time></trkpt>
      <trkpt lat="36.7059339" lon="101.6747550"><ele>2629.03</ele><time>2026-05-06T08:08:26Z</time></trkpt>
      <trkpt lat="36.7060128" lon="101.6746549"><ele>2628.25</ele><time>2026-05-06T08:08:27Z</time></trkpt>
      <trkpt lat="36.7060880" lon="101.6745499"><ele>2627.48</ele><time>2026-05-06T08:08:28Z</time></trkpt>
      <trkpt lat="36.7064092" lon="101.6740515"><ele>2624.07</ele><time>2026-05-06T08:08:33Z</time></trkpt>
      <trkpt lat="36.7065903" lon="101.6738240"><ele>2621.87</ele><time>2026-05-06T08:08:37Z</time></trkpt>
      <trkpt lat="36.7066210" lon="101.6738076"><ele>2621.2</ele><time>2026-05-06T08:08:38Z</time></trkpt>
      <trkpt lat="36.7066434" lon="101.6738106"><ele>2620.6</ele><time>2026-05-06T08:08:39Z</time></trkpt>
      <trkpt lat="36.7066552" lon="101.6738336"><ele>2620.09</ele><time>2026-05-06T08:08:40Z</time></trkpt>
      <trkpt lat="36.7066545" lon="101.6738760"><ele>2619.56</ele><time>2026-05-06T08:08:41Z</time></trkpt>
      <trkpt lat="36.7066404" lon="101.6739365"><ele>2618.99</ele><time>2026-05-06T08:08:42Z</time></trkpt>
      <trkpt lat="36.7066138" lon="101.6740127"><ele>2618.4</ele><time>2026-05-06T08:08:43Z</time></trkpt>
      <trkpt lat="36.7065774" lon="101.6741010"><ele>2617.95</ele><time>2026-05-06T08:08:44Z</time></trkpt>
      <trkpt lat="36.7065352" lon="101.6741978"><ele>2617.53</ele><time>2026-05-06T08:08:45Z</time></trkpt>
      <trkpt lat="36.7064162" lon="101.6745038"><ele>2616.5</ele><time>2026-05-06T08:08:48Z</time></trkpt>
      <trkpt lat="36.7063929" lon="101.6746005"><ele>2616.22</ele><time>2026-05-06T08:08:49Z</time></trkpt>
      <trkpt lat="36.7063834" lon="101.6746892"><ele>2616.05</ele><time>2026-05-06T08:08:50Z</time></trkpt>
      <trkpt lat="36.7063893" lon="101.6747663"><ele>2615.9</ele><time>2026-05-06T08:08:51Z</time></trkpt>
      <trkpt lat="36.7064110" lon="101.6748280"><ele>2615.7</ele><time>2026-05-06T08:08:52Z</time></trkpt>
      <trkpt lat="36.7064476" lon="101.6748713"><ele>2615.4</ele><time>2026-05-06T08:08:53Z</time></trkpt>
      <trkpt lat="36.7064975" lon="101.6748942"><ele>2615.18</ele><time>2026-05-06T08:08:54Z</time></trkpt>
      <trkpt lat="36.7065589" lon="101.6748965"><ele>2614.82</ele><time>2026-05-06T08:08:55Z</time></trkpt>
      <trkpt lat="36.7066301" lon="101.6748798"><ele>2614.46</ele><time>2026-05-06T08:08:56Z</time></trkpt>
      <trkpt lat="36.7067094" lon="101.6748473"><ele>2613.92</ele><time>2026-05-06T08:08:57Z</time></trkpt>
      <trkpt lat="36.7067956" lon="101.6748038"><ele>2613.21</ele><time>2026-05-06T08:08:58Z</time></trkpt>
      <trkpt lat="36.7068875" lon="101.6747544"><ele>2612.5</ele><time>2026-05-06T08:08:59Z</time></trkpt>
      <trkpt lat="36.7069845" lon="101.6747036"><ele>2611.81</ele><time>2026-05-06T08:09:00Z</time></trkpt>
      <trkpt lat="36.7074095" lon="101.6745260"><ele>2608.72</ele><time>2026-05-06T08:09:04Z</time></trkpt>
      <trkpt lat="36.7078672" lon="101.6744201"><ele>2604.53</ele><time>2026-05-06T08:09:08Z</time></trkpt>
      <trkpt lat="36.7082152" lon="101.6743737"><ele>2600.86</ele><time>2026-05-06T08:09:11Z</time></trkpt>
      <trkpt lat="36.7085620" lon="101.6743378"><ele>2597.16</ele><time>2026-05-06T08:09:14Z</time></trkpt>
      <trkpt lat="36.7089106" lon="101.6743088"><ele>2593.57</ele><time>2026-05-06T08:09:17Z</time></trkpt>
      <trkpt lat="36.7092649" lon="101.6742949"><ele>2590.42</ele><time>2026-05-06T08:09:20Z</time></trkpt>
      <trkpt lat="36.7096261" lon="101.6743094"><ele>2587.3</ele><time>2026-05-06T08:09:23Z</time></trkpt>
      <trkpt lat="36.7099930" lon="101.6743547"><ele>2584.26</ele><time>2026-05-06T08:09:26Z</time></trkpt>
      <trkpt lat="36.7104869" lon="101.6744290"><ele>2580.61</ele><time>2026-05-06T08:09:30Z</time></trkpt>
      <trkpt lat="36.7111005" lon="101.6744915"><ele>2577.1</ele><time>2026-05-06T08:09:35Z</time></trkpt>
      <trkpt lat="36.7114597" lon="101.6745321"><ele>2575.37</ele><time>2026-05-06T08:09:38Z</time></trkpt>
      <trkpt lat="36.7123505" lon="101.6747464"><ele>2571.85</ele><time>2026-05-06T08:09:46Z</time></trkpt>
      <trkpt lat="36.7124508" lon="101.6747789"><ele>2571.36</ele><time>2026-05-06T08:09:47Z</time></trkpt>
      <trkpt lat="36.7128350" lon="101.6748758"><ele>2569.56</ele><time>2026-05-06T08:09:51Z</time></trkpt>
      <trkpt lat="36.7129312" lon="101.6748815"><ele>2569.09</ele><time>2026-05-06T08:09:52Z</time></trkpt>
      <trkpt lat="36.7130291" lon="101.6748774"><ele>2568.57</ele><time>2026-05-06T08:09:53Z</time></trkpt>
      <trkpt lat="36.7131291" lon="101.6748645"><ele>2567.98</ele><time>2026-05-06T08:09:54Z</time></trkpt>
      <trkpt lat="36.7132314" lon="101.6748439"><ele>2567.36</ele><time>2026-05-06T08:09:55Z</time></trkpt>
      <trkpt lat="36.7137657" lon="101.6746645"><ele>2563.63</ele><time>2026-05-06T08:10:00Z</time></trkpt>
      <trkpt lat="36.7142021" lon="101.6744753"><ele>2560.16</ele><time>2026-05-06T08:10:04Z</time></trkpt>
      <trkpt lat="36.7146391" lon="101.6742777"><ele>2556.89</ele><time>2026-05-06T08:10:08Z</time></trkpt>
      <trkpt lat="36.7150797" lon="101.6740793"><ele>2553.44</ele><time>2026-05-06T08:10:12Z</time></trkpt>
      <trkpt lat="36.7155242" lon="101.6738762"><ele>2549.77</ele><time>2026-05-06T08:10:16Z</time></trkpt>
      <trkpt lat="36.7159595" lon="101.6736653"><ele>2546.18</ele><time>2026-05-06T08:10:20Z</time></trkpt>
      <trkpt lat="36.7163552" lon="101.6734702"><ele>2542.7</ele><time>2026-05-06T08:10:24Z</time></trkpt>
      <trkpt lat="36.7166705" lon="101.6733873"><ele>2539.04</ele><time>2026-05-06T08:10:28Z</time></trkpt>
      <trkpt lat="36.7167322" lon="101.6734007"><ele>2538.17</ele><time>2026-05-06T08:10:29Z</time></trkpt>
      <trkpt lat="36.7167864" lon="101.6734312"><ele>2537.43</ele><time>2026-05-06T08:10:30Z</time></trkpt>
      <trkpt lat="36.7168334" lon="101.6734789"><ele>2536.66</ele><time>2026-05-06T08:10:31Z</time></trkpt>
      <trkpt lat="36.7168740" lon="101.6735419"><ele>2535.99</ele><time>2026-05-06T08:10:32Z</time></trkpt>
      <trkpt lat="36.7169094" lon="101.6736178"><ele>2535.45</ele><time>2026-05-06T08:10:33Z</time></trkpt>
      <trkpt lat="36.7169410" lon="101.6737032"><ele>2534.99</ele><time>2026-05-06T08:10:34Z</time></trkpt>
      <trkpt lat="36.7169704" lon="101.6737951"><ele>2534.74</ele><time>2026-05-06T08:10:35Z</time></trkpt>
      <trkpt lat="36.7169988" lon="101.6738903"><ele>2534.58</ele><time>2026-05-06T08:10:36Z</time></trkpt>
      <trkpt lat="36.7172505" lon="101.6744964"><ele>2534.43</ele><time>2026-05-06T08:10:43Z</time></trkpt>
      <trkpt lat="36.7173029" lon="101.6745557"><ele>2534.44</ele><time>2026-05-06T08:10:44Z</time></trkpt>
      <trkpt lat="36.7173608" lon="101.6746052"><ele>2534.48</ele><time>2026-05-06T08:10:45Z</time></trkpt>
      <trkpt lat="36.7174234" lon="101.6746461"><ele>2534.6</ele><time>2026-05-06T08:10:46Z</time></trkpt>
      <trkpt lat="36.7174893" lon="101.6746806"><ele>2534.71</ele><time>2026-05-06T08:10:47Z</time></trkpt>
      <trkpt lat="36.7175569" lon="101.6747112"><ele>2534.82</ele><time>2026-05-06T08:10:48Z</time></trkpt>
      <trkpt lat="36.7178741" lon="101.6748750"><ele>2535.85</ele><time>2026-05-06T08:10:53Z</time></trkpt>
      <trkpt lat="36.7179255" lon="101.6749211"><ele>2535.98</ele><time>2026-05-06T08:10:54Z</time></trkpt>
      <trkpt lat="36.7179711" lon="101.6749737"><ele>2536.08</ele><time>2026-05-06T08:10:55Z</time></trkpt>
      <trkpt lat="36.7182027" lon="101.6754187"><ele>2536.43</ele><time>2026-05-06T08:11:02Z</time></trkpt>
      <trkpt lat="36.7182742" lon="101.6755251"><ele>2536.48</ele><time>2026-05-06T08:11:04Z</time></trkpt>
      <trkpt lat="36.7183161" lon="101.6755689"><ele>2536.49</ele><time>2026-05-06T08:11:05Z</time></trkpt>
      <trkpt lat="36.7183628" lon="101.6756062"><ele>2536.45</ele><time>2026-05-06T08:11:06Z</time></trkpt>
      <trkpt lat="36.7184139" lon="101.6756380"><ele>2536.41</ele><time>2026-05-06T08:11:07Z</time></trkpt>
      <trkpt lat="36.7184684" lon="101.6756653"><ele>2536.34</ele><time>2026-05-06T08:11:08Z</time></trkpt>
      <trkpt lat="36.7188438" lon="101.6757893"><ele>2534.58</ele><time>2026-05-06T08:11:15Z</time></trkpt>
      <trkpt lat="36.7189418" lon="101.6758293"><ele>2533.57</ele><time>2026-05-06T08:11:18Z</time></trkpt>
      <trkpt lat="36.7189640" lon="101.6758402"><ele>2533.23</ele><time>2026-05-06T08:11:19Z</time></trkpt>
      <trkpt lat="36.7189823" lon="101.6758485"><ele>2532.88</ele><time>2026-05-06T08:11:20Z</time></trkpt>
      <trkpt lat="36.7189973" lon="101.6758534"><ele>2532.5</ele><time>2026-05-06T08:11:21Z</time></trkpt>
      <trkpt lat="36.7190090" lon="101.6758540"><ele>2532.2</ele><time>2026-05-06T08:11:22Z</time></trkpt>
      <trkpt lat="36.7190169" lon="101.6758503"><ele>2532</ele><time>2026-05-06T08:11:23Z</time></trkpt>
      <trkpt lat="36.7190198" lon="101.6758424"><ele>2531.86</ele><time>2026-05-06T08:11:24Z</time></trkpt>
      <trkpt lat="36.7190163" lon="101.6758312"><ele>2531.76</ele><time>2026-05-06T08:11:25Z</time></trkpt>
      <trkpt lat="36.7190056" lon="101.6758179"><ele>2531.69</ele><time>2026-05-06T08:11:26Z</time></trkpt>
      <trkpt lat="36.7189867" lon="101.6758037"><ele>2531.65</ele><time>2026-05-06T08:11:27Z</time></trkpt>
      <trkpt lat="36.7189249" lon="101.6757750"><ele>2531.61</ele><time>2026-05-06T08:11:29Z</time></trkpt>
      <trkpt lat="36.7188828" lon="101.6757611"><ele>2531.41</ele><time>2026-05-06T08:11:30Z</time></trkpt>
      <trkpt lat="36.7188340" lon="101.6757476"><ele>2531.23</ele><time>2026-05-06T08:11:31Z</time></trkpt>
      <trkpt lat="36.7187795" lon="101.6757340"><ele>2531.13</ele><time>2026-05-06T08:11:32Z</time></trkpt>
      <trkpt lat="36.7187204" lon="101.6757197"><ele>2531.08</ele><time>2026-05-06T08:11:33Z</time></trkpt>
      <trkpt lat="36.7183350" lon="101.6755702"><ele>2531.95</ele><time>2026-05-06T08:11:39Z</time></trkpt>
      <trkpt lat="36.7182770" lon="101.6755254"><ele>2532.2</ele><time>2026-05-06T08:11:40Z</time></trkpt>
      <trkpt lat="36.7182236" lon="101.6754728"><ele>2532.52</ele><time>2026-05-06T08:11:41Z</time></trkpt>
      <trkpt lat="36.7181748" lon="101.6754124"><ele>2532.87</ele><time>2026-05-06T08:11:42Z</time></trkpt>
      <trkpt lat="36.7181300" lon="101.6753451"><ele>2533.28</ele><time>2026-05-06T08:11:43Z</time></trkpt>
      <trkpt lat="36.7180878" lon="101.6752724"><ele>2533.62</ele><time>2026-05-06T08:11:44Z</time></trkpt>
      <trkpt lat="36.7180465" lon="101.6751964"><ele>2534.01</ele><time>2026-05-06T08:11:45Z</time></trkpt>
      <trkpt lat="36.7178612" lon="101.6749028"><ele>2535.29</ele><time>2026-05-06T08:11:49Z</time></trkpt>
      <trkpt lat="36.7178033" lon="101.6748425"><ele>2535.51</ele><time>2026-05-06T08:11:50Z</time></trkpt>
      <trkpt lat="36.7177390" lon="101.6747907"><ele>2535.7</ele><time>2026-05-06T08:11:51Z</time></trkpt>
      <trkpt lat="36.7176689" lon="101.6747472"><ele>2535.84</ele><time>2026-05-06T08:11:52Z</time></trkpt>
      <trkpt lat="36.7175939" lon="101.6747109"><ele>2535.97</ele><time>2026-05-06T08:11:53Z</time></trkpt>
      <trkpt lat="36.7175158" lon="101.6746796"><ele>2536.11</ele><time>2026-05-06T08:11:54Z</time></trkpt>
      <trkpt lat="36.7174367" lon="101.6746501"><ele>2536.31</ele><time>2026-05-06T08:11:55Z</time></trkpt>
      <trkpt lat="36.7173586" lon="101.6746186"><ele>2536.4</ele><time>2026-05-06T08:11:56Z</time></trkpt>
      <trkpt lat="36.7172833" lon="101.6745812"><ele>2536.46</ele><time>2026-05-06T08:11:57Z</time></trkpt>
      <trkpt lat="36.7172126" lon="101.6745350"><ele>2536.49</ele><time>2026-05-06T08:11:58Z</time></trkpt>
      <trkpt lat="36.7171476" lon="101.6744778"><ele>2536.5</ele><time>2026-05-06T08:11:59Z</time></trkpt>
      <trkpt lat="36.7170893" lon="101.6744088"><ele>2536.4</ele><time>2026-05-06T08:12:00Z</time></trkpt>
      <trkpt lat="36.7170379" lon="101.6743284"><ele>2536.33</ele><time>2026-05-06T08:12:01Z</time></trkpt>
      <trkpt lat="36.7169931" lon="101.6742384"><ele>2536.18</ele><time>2026-05-06T08:12:02Z</time></trkpt>
      <trkpt lat="36.7169540" lon="101.6741410"><ele>2536.01</ele><time>2026-05-06T08:12:03Z</time></trkpt>
      <trkpt lat="36.7169192" lon="101.6740389"><ele>2535.85</ele><time>2026-05-06T08:12:04Z</time></trkpt>
      <trkpt lat="36.7167270" lon="101.6734876"><ele>2534.59</ele><time>2026-05-06T08:12:10Z</time></trkpt>
      <trkpt lat="36.7166847" lon="101.6734328"><ele>2534.41</ele><time>2026-05-06T08:12:11Z</time></trkpt>
      <trkpt lat="36.7166362" lon="101.6733953"><ele>2534.22</ele><time>2026-05-06T08:12:12Z</time></trkpt>
      <trkpt lat="36.7165810" lon="101.6733761"><ele>2534.02</ele><time>2026-05-06T08:12:13Z</time></trkpt>
      <trkpt lat="36.7165188" lon="101.6733745"><ele>2533.85</ele><time>2026-05-06T08:12:14Z</time></trkpt>
      <trkpt lat="36.7164500" lon="101.6733885"><ele>2533.63</ele><time>2026-05-06T08:12:15Z</time></trkpt>
      <trkpt lat="36.7163751" lon="101.6734148"><ele>2533.42</ele><time>2026-05-06T08:12:16Z</time></trkpt>
      <trkpt lat="36.7162948" lon="101.6734499"><ele>2533.31</ele><time>2026-05-06T08:12:17Z</time></trkpt>
      <trkpt lat="36.7156317" lon="101.6738062"><ele>2534.21</ele><time>2026-05-06T08:12:24Z</time></trkpt>
      <trkpt lat="36.7151094" lon="101.6740641"><ele>2537.22</ele><time>2026-05-06T08:12:29Z</time></trkpt>
      <trkpt lat="36.7146931" lon="101.6742557"><ele>2540.31</ele><time>2026-05-06T08:12:33Z</time></trkpt>
      <trkpt lat="36.7142834" lon="101.6744448"><ele>2543.57</ele><time>2026-05-06T08:12:37Z</time></trkpt>
      <trkpt lat="36.7138651" lon="101.6746302"><ele>2546.95</ele><time>2026-05-06T08:12:41Z</time></trkpt>
      <trkpt lat="36.7134290" lon="101.6747836"><ele>2550.3</ele><time>2026-05-06T08:12:45Z</time></trkpt>
      <trkpt lat="36.7129898" lon="101.6748568"><ele>2553.53</ele><time>2026-05-06T08:12:49Z</time></trkpt>
      <trkpt lat="36.7127778" lon="101.6748465"><ele>2555.17</ele><time>2026-05-06T08:12:51Z</time></trkpt>
      <trkpt lat="36.7126748" lon="101.6748281"><ele>2556.06</ele><time>2026-05-06T08:12:52Z</time></trkpt>
      <trkpt lat="36.7125738" lon="101.6748014"><ele>2556.9</ele><time>2026-05-06T08:12:53Z</time></trkpt>
      <trkpt lat="36.7124742" lon="101.6747682"><ele>2557.78</ele><time>2026-05-06T08:12:54Z</time></trkpt>
      <trkpt lat="36.7123755" lon="101.6747308"><ele>2558.6</ele><time>2026-05-06T08:12:55Z</time></trkpt>
      <trkpt lat="36.7122767" lon="101.6746919"><ele>2559.43</ele><time>2026-05-06T08:12:56Z</time></trkpt>
      <trkpt lat="36.7121770" lon="101.6746537"><ele>2560.24</ele><time>2026-05-06T08:12:57Z</time></trkpt>
      <trkpt lat="36.7120757" lon="101.6746180"><ele>2561.09</ele><time>2026-05-06T08:12:58Z</time></trkpt>
      <trkpt lat="36.7119724" lon="101.6745856"><ele>2561.93</ele><time>2026-05-06T08:12:59Z</time></trkpt>
      <trkpt lat="36.7114313" lon="101.6744746"><ele>2565.21</ele><time>2026-05-06T08:13:04Z</time></trkpt>
      <trkpt lat="36.7112078" lon="101.6744511"><ele>2566.31</ele><time>2026-05-06T08:13:06Z</time></trkpt>
      <trkpt lat="36.7104037" lon="101.6743879"><ele>2569.6</ele><time>2026-05-06T08:13:13Z</time></trkpt>
      <trkpt lat="36.7095675" lon="101.6742770"><ele>2572.35</ele><time>2026-05-06T08:13:20Z</time></trkpt>
      <trkpt lat="36.7088679" lon="101.6742740"><ele>2575.85</ele><time>2026-05-06T08:13:26Z</time></trkpt>
      <trkpt lat="36.7084246" lon="101.6743108"><ele>2579.06</ele><time>2026-05-06T08:13:30Z</time></trkpt>
      <trkpt lat="36.7079952" lon="101.6743570"><ele>2582.68</ele><time>2026-05-06T08:13:34Z</time></trkpt>
      <trkpt lat="36.7075818" lon="101.6744164"><ele>2586.39</ele><time>2026-05-06T08:13:38Z</time></trkpt>
      <trkpt lat="36.7071964" lon="101.6745184"><ele>2590.16</ele><time>2026-05-06T08:13:42Z</time></trkpt>
      <trkpt lat="36.7069354" lon="101.6746343"><ele>2593.2</ele><time>2026-05-06T08:13:45Z</time></trkpt>
      <trkpt lat="36.7066404" lon="101.6748002"><ele>2597.18</ele><time>2026-05-06T08:13:49Z</time></trkpt>
      <trkpt lat="36.7065226" lon="101.6748511"><ele>2599.3</ele><time>2026-05-06T08:13:51Z</time></trkpt>
      <trkpt lat="36.7064728" lon="101.6748596"><ele>2600.31</ele><time>2026-05-06T08:13:52Z</time></trkpt>
      <trkpt lat="36.7064302" lon="101.6748535"><ele>2601.21</ele><time>2026-05-06T08:13:53Z</time></trkpt>
      <trkpt lat="36.7063962" lon="101.6748314"><ele>2602.08</ele><time>2026-05-06T08:13:54Z</time></trkpt>
      <trkpt lat="36.7063723" lon="101.6747932"><ele>2602.95</ele><time>2026-05-06T08:13:55Z</time></trkpt>
      <trkpt lat="36.7063598" lon="101.6747398"><ele>2603.84</ele><time>2026-05-06T08:13:56Z</time></trkpt>
      <trkpt lat="36.7063596" lon="101.6746730"><ele>2604.63</ele><time>2026-05-06T08:13:57Z</time></trkpt>
      <trkpt lat="36.7063717" lon="101.6745953"><ele>2605.34</ele><time>2026-05-06T08:13:58Z</time></trkpt>
      <trkpt lat="36.7063954" lon="101.6745094"><ele>2606.13</ele><time>2026-05-06T08:13:59Z</time></trkpt>
      <trkpt lat="36.7064289" lon="101.6744185"><ele>2606.83</ele><time>2026-05-06T08:14:00Z</time></trkpt>
      <trkpt lat="36.7064693" lon="101.6743255"><ele>2607.52</ele><time>2026-05-06T08:14:01Z</time></trkpt>
      <trkpt lat="36.7065129" lon="101.6742328"><ele>2608.11</ele><time>2026-05-06T08:14:02Z</time></trkpt>
      <trkpt lat="36.7065558" lon="101.6741427"><ele>2608.65</ele><time>2026-05-06T08:14:03Z</time></trkpt>
      <trkpt lat="36.7066257" lon="101.6739782"><ele>2609.64</ele><time>2026-05-06T08:14:05Z</time></trkpt>
      <trkpt lat="36.7066465" lon="101.6739082"><ele>2610.11</ele><time>2026-05-06T08:14:06Z</time></trkpt>
      <trkpt lat="36.7066549" lon="101.6738499"><ele>2610.47</ele><time>2026-05-06T08:14:07Z</time></trkpt>
      <trkpt lat="36.7066504" lon="101.6738065"><ele>2610.86</ele><time>2026-05-06T08:14:08Z</time></trkpt>
      <trkpt lat="36.7066331" lon="101.6737811"><ele>2611.27</ele><time>2026-05-06T08:14:09Z</time></trkpt>
      <trkpt lat="36.7066046" lon="101.6737763"><ele>2611.67</ele><time>2026-05-06T08:14:10Z</time></trkpt>
      <trkpt lat="36.7065664" lon="101.6737933"><ele>2612.06</ele><time>2026-05-06T08:14:11Z</time></trkpt>
      <trkpt lat="36.7065207" lon="101.6738318"><ele>2612.38</ele><time>2026-05-06T08:14:12Z</time></trkpt>
      <trkpt lat="36.7064691" lon="101.6738907"><ele>2612.7</ele><time>2026-05-06T08:14:13Z</time></trkpt>
      <trkpt lat="36.7064131" lon="101.6739671"><ele>2612.99</ele><time>2026-05-06T08:14:14Z</time></trkpt>
      <trkpt lat="36.7063539" lon="101.6740571"><ele>2613.35</ele><time>2026-05-06T08:14:15Z</time></trkpt>
      <trkpt lat="36.7062923" lon="101.6741566"><ele>2613.86</ele><time>2026-05-06T08:14:16Z</time></trkpt>
      <trkpt lat="36.7058798" lon="101.6747754"><ele>2617.08</ele><time>2026-05-06T08:14:22Z</time></trkpt>
      <trkpt lat="36.7058035" lon="101.6748546"><ele>2617.54</ele><time>2026-05-06T08:14:23Z</time></trkpt>
      <trkpt lat="36.7057261" lon="101.6749194"><ele>2617.99</ele><time>2026-05-06T08:14:24Z</time></trkpt>
      <trkpt lat="36.7056496" lon="101.6749671"><ele>2618.45</ele><time>2026-05-06T08:14:25Z</time></trkpt>
      <trkpt lat="36.7055770" lon="101.6749959"><ele>2618.82</ele><time>2026-05-06T08:14:26Z</time></trkpt>
      <trkpt lat="36.7055117" lon="101.6750045"><ele>2619.31</ele><time>2026-05-06T08:14:27Z</time></trkpt>
      <trkpt lat="36.7054573" lon="101.6749926"><ele>2619.81</ele><time>2026-05-06T08:14:28Z</time></trkpt>
      <trkpt lat="36.7054175" lon="101.6749611"><ele>2620.31</ele><time>2026-05-06T08:14:29Z</time></trkpt>
      <trkpt lat="36.7053950" lon="101.6749125"><ele>2620.81</ele><time>2026-05-06T08:14:30Z</time></trkpt>
      <trkpt lat="36.7053914" lon="101.6748499"><ele>2621.43</ele><time>2026-05-06T08:14:31Z</time></trkpt>
      <trkpt lat="36.7054062" lon="101.6747769"><ele>2622.11</ele><time>2026-05-06T08:14:32Z</time></trkpt>
      <trkpt lat="36.7054373" lon="101.6746972"><ele>2622.85</ele><time>2026-05-06T08:14:33Z</time></trkpt>
      <trkpt lat="36.7054816" lon="101.6746140"><ele>2623.51</ele><time>2026-05-06T08:14:34Z</time></trkpt>
      <trkpt lat="36.7055355" lon="101.6745288"><ele>2624.15</ele><time>2026-05-06T08:14:35Z</time></trkpt>
      <trkpt lat="36.7055959" lon="101.6744429"><ele>2624.69</ele><time>2026-05-06T08:14:36Z</time></trkpt>
      <trkpt lat="36.7059628" lon="101.6739618"><ele>2627.93</ele><time>2026-05-06T08:14:42Z</time></trkpt>
      <trkpt lat="36.7059996" lon="101.6737544"><ele>2631.68</ele><time>2026-05-06T08:14:50Z</time></trkpt>
    </trkseg>
    <trkseg>
      <trkpt lat="36.7056478" lon="101.6740867"><ele>2634.85</ele><time>2026-05-06T08:26:57Z</time></trkpt>
      <trkpt lat="36.7053121" lon="101.6743861"><ele>2636.7</ele><time>2026-05-06T08:27:01Z</time></trkpt>
      <trkpt lat="36.7052187" lon="101.6744561"><ele>2637.27</ele><time>2026-05-06T08:27:02Z</time></trkpt>
      <trkpt lat="36.7051235" lon="101.6745229"><ele>2637.9</ele><time>2026-05-06T08:27:03Z</time></trkpt>
      <trkpt lat="36.7047834" lon="101.6747741"><ele>2640.07</ele><time>2026-05-06T08:27:07Z</time></trkpt>
      <trkpt lat="36.7047246" lon="101.6748382"><ele>2640.41</ele><time>2026-05-06T08:27:08Z</time></trkpt>
      <trkpt lat="36.7046823" lon="101.6749038"><ele>2640.66</ele><time>2026-05-06T08:27:09Z</time></trkpt>
      <trkpt lat="36.7046587" lon="101.6749698"><ele>2640.87</ele><time>2026-05-06T08:27:10Z</time></trkpt>
      <trkpt lat="36.7046551" lon="101.6750346"><ele>2641</ele><time>2026-05-06T08:27:11Z</time></trkpt>
      <trkpt lat="36.7046710" lon="101.6750965"><ele>2641.13</ele><time>2026-05-06T08:27:12Z</time></trkpt>
      <trkpt lat="36.7047044" lon="101.6751543"><ele>2641.37</ele><time>2026-05-06T08:27:13Z</time></trkpt>
      <trkpt lat="36.7047517" lon="101.6752074"><ele>2641.59</ele><time>2026-05-06T08:27:14Z</time></trkpt>
      <trkpt lat="36.7048089" lon="101.6752562"><ele>2641.74</ele><time>2026-05-06T08:27:15Z</time></trkpt>
      <trkpt lat="36.7048711" lon="101.6753021"><ele>2641.84</ele><time>2026-05-06T08:27:16Z</time></trkpt>
      <trkpt lat="36.7049339" lon="101.6753468"><ele>2641.98</ele><time>2026-05-06T08:27:17Z</time></trkpt>
      <trkpt lat="36.7049931" lon="101.6753914"><ele>2642.29</ele><time>2026-05-06T08:27:18Z</time></trkpt>
      <trkpt lat="36.7050450" lon="101.6754366"><ele>2642.69</ele><time>2026-05-06T08:27:19Z</time></trkpt>
      <trkpt lat="36.7050870" lon="101.6754816"><ele>2643.11</ele><time>2026-05-06T08:27:20Z</time></trkpt>
      <trkpt lat="36.7051169" lon="101.6755251"><ele>2643.72</ele><time>2026-05-06T08:27:21Z</time></trkpt>
      <trkpt lat="36.7051333" lon="101.6755647"><ele>2644.43</ele><time>2026-05-06T08:27:22Z</time></trkpt>
      <trkpt lat="36.7051356" lon="101.6755979"><ele>2645.04</ele><time>2026-05-06T08:27:23Z</time></trkpt>
      <trkpt lat="36.7051235" lon="101.6756224"><ele>2645.58</ele><time>2026-05-06T08:27:24Z</time></trkpt>
      <trkpt lat="36.7050980" lon="101.6756369"><ele>2646.09</ele><time>2026-05-06T08:27:25Z</time></trkpt>
      <trkpt lat="36.7050606" lon="101.6756418"><ele>2646.68</ele><time>2026-05-06T08:27:26Z</time></trkpt>
      <trkpt lat="36.7050134" lon="101.6756395"><ele>2647.35</ele><time>2026-05-06T08:27:27Z</time></trkpt>
      <trkpt lat="36.7049590" lon="101.6756343"><ele>2647.95</ele><time>2026-05-06T08:27:28Z</time></trkpt>
      <trkpt lat="36.7048995" lon="101.6756304"><ele>2648.73</ele><time>2026-05-06T08:27:29Z</time></trkpt>
      <trkpt lat="36.7048369" lon="101.6756321"><ele>2649.68</ele><time>2026-05-06T08:27:30Z</time></trkpt>
      <trkpt lat="36.7047729" lon="101.6756423"><ele>2650.62</ele><time>2026-05-06T08:27:31Z</time></trkpt>
      <trkpt lat="36.7047088" lon="101.6756633"><ele>2651.56</ele><time>2026-05-06T08:27:32Z</time></trkpt>
      <trkpt lat="36.7046455" lon="101.6756965"><ele>2652.5</ele><time>2026-05-06T08:27:33Z</time></trkpt>
      <trkpt lat="36.7045838" lon="101.6757424"><ele>2653.36</ele><time>2026-05-06T08:27:34Z</time></trkpt>
      <trkpt lat="36.7045236" lon="101.6758008"><ele>2654.27</ele><time>2026-05-06T08:27:35Z</time></trkpt>
      <trkpt lat="36.7044646" lon="101.6758707"><ele>2655.14</ele><time>2026-05-06T08:27:36Z</time></trkpt>
      <trkpt lat="36.7044061" lon="101.6759509"><ele>2656.07</ele><time>2026-05-06T08:27:37Z</time></trkpt>
      <trkpt lat="36.7043475" lon="101.6760398"><ele>2657.09</ele><time>2026-05-06T08:27:38Z</time></trkpt>
      <trkpt lat="36.7041040" lon="101.6764577"><ele>2660.12</ele><time>2026-05-06T08:27:42Z</time></trkpt>
      <trkpt lat="36.7035589" lon="101.6774345"><ele>2663.16</ele><time>2026-05-06T08:27:50Z</time></trkpt>
      <trkpt lat="36.7029026" lon="101.6786006"><ele>2663.41</ele><time>2026-05-06T08:27:59Z</time></trkpt>
      <trkpt lat="36.7024013" lon="101.6795650"><ele>2660.59</ele><time>2026-05-06T08:28:06Z</time></trkpt>
      <trkpt lat="36.7018282" lon="101.6808186"><ele>2658.12</ele><time>2026-05-06T08:28:15Z</time></trkpt>
      <trkpt lat="36.7016281" lon="101.6814865"><ele>2657.77</ele><time>2026-05-06T08:28:20Z</time></trkpt>
      <trkpt lat="36.7014607" lon="101.6823400"><ele>2660.82</ele><time>2026-05-06T08:28:27Z</time></trkpt>
      <trkpt lat="36.7013877" lon="101.6828133"><ele>2664.21</ele><time>2026-05-06T08:28:31Z</time></trkpt>
      <trkpt lat="36.7013168" lon="101.6833033"><ele>2668.13</ele><time>2026-05-06T08:28:35Z</time></trkpt>
      <trkpt lat="36.7012457" lon="101.6838097"><ele>2671.72</ele><time>2026-05-06T08:28:39Z</time></trkpt>
      <trkpt lat="36.7011707" lon="101.6843150"><ele>2674.97</ele><time>2026-05-06T08:28:43Z</time></trkpt>
      <trkpt lat="36.7010865" lon="101.6849326"><ele>2678.68</ele><time>2026-05-06T08:28:48Z</time></trkpt>
      <trkpt lat="36.7010490" lon="101.6854263"><ele>2681.69</ele><time>2026-05-06T08:28:52Z</time></trkpt>
      <trkpt lat="36.7010405" lon="101.6859371"><ele>2685.04</ele><time>2026-05-06T08:28:56Z</time></trkpt>
      <trkpt lat="36.7010469" lon="101.6864784"><ele>2688.74</ele><time>2026-05-06T08:29:00Z</time></trkpt>
      <trkpt lat="36.7010517" lon="101.6870444"><ele>2692.24</ele><time>2026-05-06T08:29:04Z</time></trkpt>
      <trkpt lat="36.7010392" lon="101.6873308"><ele>2693.87</ele><time>2026-05-06T08:29:06Z</time></trkpt>
      <trkpt lat="36.7010259" lon="101.6874746"><ele>2694.58</ele><time>2026-05-06T08:29:07Z</time></trkpt>
      <trkpt lat="36.7010071" lon="101.6876189"><ele>2695.21</ele><time>2026-05-06T08:29:08Z</time></trkpt>
      <trkpt lat="36.7008370" lon="101.6883452"><ele>2698.06</ele><time>2026-05-06T08:29:13Z</time></trkpt>
      <trkpt lat="36.7005436" lon="101.6892287"><ele>2699.57</ele><time>2026-05-06T08:29:19Z</time></trkpt>
      <trkpt lat="36.7003423" lon="101.6900217"><ele>2699.74</ele><time>2026-05-06T08:29:24Z</time></trkpt>
      <trkpt lat="36.7001127" lon="101.6915470"><ele>2699.94</ele><time>2026-05-06T08:29:33Z</time></trkpt>
      <trkpt lat="36.6999207" lon="101.6930642"><ele>2701.74</ele><time>2026-05-06T08:29:42Z</time></trkpt>
      <trkpt lat="36.6998569" lon="101.6940582"><ele>2704.46</ele><time>2026-05-06T08:29:48Z</time></trkpt>
      <trkpt lat="36.6998113" lon="101.6950055"><ele>2708.07</ele><time>2026-05-06T08:29:54Z</time></trkpt>
      <trkpt lat="36.6996948" lon="101.6957216"><ele>2711.33</ele><time>2026-05-06T08:29:59Z</time></trkpt>
      <trkpt lat="36.6995107" lon="101.6963648"><ele>2714.17</ele><time>2026-05-06T08:30:04Z</time></trkpt>
      <trkpt lat="36.6992407" lon="101.6972336"><ele>2715</ele><time>2026-05-06T08:30:11Z</time></trkpt>
      <trkpt lat="36.6989317" lon="101.6985652"><ele>2712.29</ele><time>2026-05-06T08:30:21Z</time></trkpt>
      <trkpt lat="36.6988306" lon="101.6991498"><ele>2711.02</ele><time>2026-05-06T08:30:26Z</time></trkpt>
      <trkpt lat="36.6987897" lon="101.6994000"><ele>2709.95</ele><time>2026-05-06T08:30:29Z</time></trkpt>
      <trkpt lat="36.6987788" lon="101.6994596"><ele>2709.19</ele><time>2026-05-06T08:30:30Z</time></trkpt>
      <trkpt lat="36.6987690" lon="101.6995065"><ele>2708.35</ele><time>2026-05-06T08:30:31Z</time></trkpt>
      <trkpt lat="36.6987606" lon="101.6995412"><ele>2707.66</ele><time>2026-05-06T08:30:32Z</time></trkpt>
      <trkpt lat="36.6987347" lon="101.6995964"><ele>2704.11</ele><time>2026-05-06T08:30:37Z</time></trkpt>
    </trkseg>
    <trkseg>
      <trkpt lat="36.6986873" lon="101.6996403"><ele>2702.78</ele><time>2026-05-06T08:31:05Z</time></trkpt>
      <trkpt lat="36.6984861" lon="101.7000148"><ele>2702.31</ele><time>2026-05-06T08:31:11Z</time></trkpt>
      <trkpt lat="36.6984134" lon="101.7002457"><ele>2701.85</ele><time>2026-05-06T08:31:14Z</time></trkpt>
      <trkpt lat="36.6983993" lon="101.7003283"><ele>2701.57</ele><time>2026-05-06T08:31:15Z</time></trkpt>
      <trkpt lat="36.6983927" lon="101.7004120"><ele>2701.29</ele><time>2026-05-06T08:31:16Z</time></trkpt>
      <trkpt lat="36.6983949" lon="101.7004951"><ele>2701</ele><time>2026-05-06T08:31:17Z</time></trkpt>
      <trkpt lat="36.6984076" lon="101.7005756"><ele>2700.75</ele><time>2026-05-06T08:31:18Z</time></trkpt>
      <trkpt lat="36.6984316" lon="101.7006522"><ele>2700.48</ele><time>2026-05-06T08:31:19Z</time></trkpt>
      <trkpt lat="36.6984673" lon="101.7007241"><ele>2700.34</ele><time>2026-05-06T08:31:20Z</time></trkpt>
      <trkpt lat="36.6985146" lon="101.7007912"><ele>2700.05</ele><time>2026-05-06T08:31:21Z</time></trkpt>
      <trkpt lat="36.6985729" lon="101.7008539"><ele>2699.72</ele><time>2026-05-06T08:31:22Z</time></trkpt>
      <trkpt lat="36.6986410" lon="101.7009134"><ele>2699.36</ele><time>2026-05-06T08:31:23Z</time></trkpt>
      <trkpt lat="36.6987169" lon="101.7009712"><ele>2698.94</ele><time>2026-05-06T08:31:24Z</time></trkpt>
      <trkpt lat="36.6987982" lon="101.7010291"><ele>2698.46</ele><time>2026-05-06T08:31:25Z</time></trkpt>
      <trkpt lat="36.6992120" lon="101.7013702"><ele>2696.24</ele><time>2026-05-06T08:31:30Z</time></trkpt>
      <trkpt lat="36.6992833" lon="101.7014571"><ele>2695.91</ele><time>2026-05-06T08:31:31Z</time></trkpt>
      <trkpt lat="36.6993474" lon="101.7015524"><ele>2695.45</ele><time>2026-05-06T08:31:32Z</time></trkpt>
      <trkpt lat="36.6994044" lon="101.7016563"><ele>2695.16</ele><time>2026-05-06T08:31:33Z</time></trkpt>
      <trkpt lat="36.6994547" lon="101.7017683"><ele>2694.89</ele><time>2026-05-06T08:31:34Z</time></trkpt>
      <trkpt lat="36.6994995" lon="101.7018879"><ele>2694.62</ele><time>2026-05-06T08:31:35Z</time></trkpt>
      <trkpt lat="36.6995400" lon="101.7020145"><ele>2694.44</ele><time>2026-05-06T08:31:36Z</time></trkpt>
      <trkpt lat="36.6997098" lon="101.7030198"><ele>2692.41</ele><time>2026-05-06T08:31:43Z</time></trkpt>
      <trkpt lat="36.6997129" lon="101.7033189"><ele>2691.37</ele><time>2026-05-06T08:31:45Z</time></trkpt>
      <trkpt lat="36.6997040" lon="101.7034652"><ele>2690.72</ele><time>2026-05-06T08:31:46Z</time></trkpt>
      <trkpt lat="36.6996865" lon="101.7036076"><ele>2690</ele><time>2026-05-06T08:31:47Z</time></trkpt>
      <trkpt lat="36.6996596" lon="101.7037446"><ele>2689.28</ele><time>2026-05-06T08:31:48Z</time></trkpt>
      <trkpt lat="36.6996226" lon="101.7038753"><ele>2688.49</ele><time>2026-05-06T08:31:49Z</time></trkpt>
      <trkpt lat="36.6995754" lon="101.7039993"><ele>2687.58</ele><time>2026-05-06T08:31:50Z</time></trkpt>
      <trkpt lat="36.6995184" lon="101.7041166"><ele>2686.61</ele><time>2026-05-06T08:31:51Z</time></trkpt>
      <trkpt lat="36.6994528" lon="101.7042280"><ele>2685.54</ele><time>2026-05-06T08:31:52Z</time></trkpt>
      <trkpt lat="36.6993799" lon="101.7043346"><ele>2684.48</ele><time>2026-05-06T08:31:53Z</time></trkpt>
      <trkpt lat="36.6993014" lon="101.7044376"><ele>2683.42</ele><time>2026-05-06T08:31:54Z</time></trkpt>
      <trkpt lat="36.6990453" lon="101.7047319"><ele>2680.37</ele><time>2026-05-06T08:31:57Z</time></trkpt>
      <trkpt lat="36.6986823" lon="101.7051053"><ele>2676.49</ele><time>2026-05-06T08:32:01Z</time></trkpt>
      <trkpt lat="36.6984036" lon="101.7053800"><ele>2673.26</ele><time>2026-05-06T08:32:04Z</time></trkpt>
      <trkpt lat="36.6981351" lon="101.7056703"><ele>2669.63</ele><time>2026-05-06T08:32:07Z</time></trkpt>
      <trkpt lat="36.6978962" lon="101.7059969"><ele>2665.7</ele><time>2026-05-06T08:32:10Z</time></trkpt>
      <trkpt lat="36.6977018" lon="101.7063679"><ele>2661.8</ele><time>2026-05-06T08:32:13Z</time></trkpt>
      <trkpt lat="36.6975566" lon="101.7067740"><ele>2657.51</ele><time>2026-05-06T08:32:16Z</time></trkpt>
      <trkpt lat="36.6974865" lon="101.7070536"><ele>2654.34</ele><time>2026-05-06T08:32:18Z</time></trkpt>
      <trkpt lat="36.6974360" lon="101.7073327"><ele>2650.86</ele><time>2026-05-06T08:32:20Z</time></trkpt>
      <trkpt lat="36.6974017" lon="101.7076083"><ele>2647.5</ele><time>2026-05-06T08:32:22Z</time></trkpt>
      <trkpt lat="36.6973769" lon="101.7078807"><ele>2644.25</ele><time>2026-05-06T08:32:24Z</time></trkpt>
      <trkpt lat="36.6973542" lon="101.7081509"><ele>2641.15</ele><time>2026-05-06T08:32:26Z</time></trkpt>
      <trkpt lat="36.6973136" lon="101.7085525"><ele>2637.07</ele><time>2026-05-06T08:32:29Z</time></trkpt>
      <trkpt lat="36.6972617" lon="101.7089523"><ele>2633.54</ele><time>2026-05-06T08:32:32Z</time></trkpt>
      <trkpt lat="36.6972012" lon="101.7093548"><ele>2630.34</ele><time>2026-05-06T08:32:35Z</time></trkpt>
      <trkpt lat="36.6971105" lon="101.7098937"><ele>2626.96</ele><time>2026-05-06T08:32:39Z</time></trkpt>
      <trkpt lat="36.6969736" lon="101.7105605"><ele>2623.66</ele><time>2026-05-06T08:32:44Z</time></trkpt>
      <trkpt lat="36.6967643" lon="101.7113709"><ele>2620.61</ele><time>2026-05-06T08:32:50Z</time></trkpt>
      <trkpt lat="36.6965155" lon="101.7123291"><ele>2618.56</ele><time>2026-05-06T08:32:57Z</time></trkpt>
      <trkpt lat="36.6963613" lon="101.7130064"><ele>2617.52</ele><time>2026-05-06T08:33:03Z</time></trkpt>
      <trkpt lat="36.6962713" lon="101.7132452"><ele>2616.75</ele><time>2026-05-06T08:33:07Z</time></trkpt>
      <trkpt lat="36.6962416" lon="101.7132701"><ele>2616.35</ele><time>2026-05-06T08:33:08Z</time></trkpt>
      <trkpt lat="36.6962065" lon="101.7132807"><ele>2615.99</ele><time>2026-05-06T08:33:09Z</time></trkpt>
      <trkpt lat="36.6961653" lon="101.7132778"><ele>2615.62</ele><time>2026-05-06T08:33:10Z</time></trkpt>
      <trkpt lat="36.6961175" lon="101.7132630"><ele>2615.4</ele><time>2026-05-06T08:33:11Z</time></trkpt>
      <trkpt lat="36.6960636" lon="101.7132382"><ele>2615.21</ele><time>2026-05-06T08:33:12Z</time></trkpt>
      <trkpt lat="36.6960038" lon="101.7132055"><ele>2615.07</ele><time>2026-05-06T08:33:13Z</time></trkpt>
      <trkpt lat="36.6955573" lon="101.7129230"><ele>2614.85</ele><time>2026-05-06T08:33:19Z</time></trkpt>
      <trkpt lat="36.6950307" lon="101.7126551"><ele>2614.77</ele><time>2026-05-06T08:33:25Z</time></trkpt>
      <trkpt lat="36.6942852" lon="101.7124614"><ele>2614.9</ele><time>2026-05-06T08:33:33Z</time></trkpt>
      <trkpt lat="36.6940056" lon="101.7124386"><ele>2614.88</ele><time>2026-05-06T08:33:36Z</time></trkpt>
      <trkpt lat="36.6934947" lon="101.7125021"><ele>2614.98</ele><time>2026-05-06T08:33:42Z</time></trkpt>
      <trkpt lat="36.6932977" lon="101.7126115"><ele>2615</ele><time>2026-05-06T08:33:45Z</time></trkpt>
      <trkpt lat="36.6932434" lon="101.7126657"><ele>2615</ele><time>2026-05-06T08:33:46Z</time></trkpt>
      <trkpt lat="36.6931946" lon="101.7127304"><ele>2615</ele><time>2026-05-06T08:33:47Z</time></trkpt>
      <trkpt lat="36.6931504" lon="101.7128057"><ele>2614.99</ele><time>2026-05-06T08:33:48Z</time></trkpt>
      <trkpt lat="36.6931097" lon="101.7128908"><ele>2615</ele><time>2026-05-06T08:33:49Z</time></trkpt>
      <trkpt lat="36.6929228" lon="101.7134098"><ele>2615.45</ele><time>2026-05-06T08:33:54Z</time></trkpt>
      <trkpt lat="36.6926199" lon="101.7140289"><ele>2616.65</ele><time>2026-05-06T08:34:00Z</time></trkpt>
      <trkpt lat="36.6925513" lon="101.7141127"><ele>2616.91</ele><time>2026-05-06T08:34:01Z</time></trkpt>
      <trkpt lat="36.6924770" lon="101.7141887"><ele>2617.07</ele><time>2026-05-06T08:34:02Z</time></trkpt>
      <trkpt lat="36.6923980" lon="101.7142579"><ele>2617.24</ele><time>2026-05-06T08:34:03Z</time></trkpt>
      <trkpt lat="36.6923159" lon="101.7143220"><ele>2617.4</ele><time>2026-05-06T08:34:04Z</time></trkpt>
      <trkpt lat="36.6922321" lon="101.7143829"><ele>2617.68</ele><time>2026-05-06T08:34:05Z</time></trkpt>
      <trkpt lat="36.6916652" lon="101.7148268"><ele>2619.57</ele><time>2026-05-06T08:34:12Z</time></trkpt>
      <trkpt lat="36.6915946" lon="101.7149057"><ele>2619.62</ele><time>2026-05-06T08:34:13Z</time></trkpt>
      <trkpt lat="36.6915276" lon="101.7149906"><ele>2619.64</ele><time>2026-05-06T08:34:14Z</time></trkpt>
      <trkpt lat="36.6911020" lon="101.7156788"><ele>2619.42</ele><time>2026-05-06T08:34:21Z</time></trkpt>
      <trkpt lat="36.6907746" lon="101.7161708"><ele>2619.34</ele><time>2026-05-06T08:34:26Z</time></trkpt>
      <trkpt lat="36.6903885" lon="101.7167569"><ele>2619.62</ele><time>2026-05-06T08:34:32Z</time></trkpt>
      <trkpt lat="36.6900743" lon="101.7172048"><ele>2620.09</ele><time>2026-05-06T08:34:37Z</time></trkpt>
      <trkpt lat="36.6900026" lon="101.7172716"><ele>2620.13</ele><time>2026-05-06T08:34:38Z</time></trkpt>
      <trkpt lat="36.6899257" lon="101.7173261"><ele>2620.16</ele><time>2026-05-06T08:34:39Z</time></trkpt>
      <trkpt lat="36.6898433" lon="101.7173667"><ele>2620.15</ele><time>2026-05-06T08:34:40Z</time></trkpt>
      <trkpt lat="36.6897555" lon="101.7173933"><ele>2620.12</ele><time>2026-05-06T08:34:41Z</time></trkpt>
      <trkpt lat="36.6896628" lon="101.7174066"><ele>2620.06</ele><time>2026-05-06T08:34:42Z</time></trkpt>
      <trkpt lat="36.6895656" lon="101.7174087"><ele>2620.01</ele><time>2026-05-06T08:34:43Z</time></trkpt>
      <trkpt lat="36.6894649" lon="101.7174020"><ele>2619.89</ele><time>2026-05-06T08:34:44Z</time></trkpt>
      <trkpt lat="36.6886213" lon="101.7172071"><ele>2618.16</ele><time>2026-05-06T08:34:52Z</time></trkpt>
      <trkpt lat="36.6882475" lon="101.7171462"><ele>2617.21</ele><time>2026-05-06T08:34:56Z</time></trkpt>
      <trkpt lat="36.6881628" lon="101.7171525"><ele>2616.88</ele><time>2026-05-06T08:34:57Z</time></trkpt>
      <trkpt lat="36.6880815" lon="101.7171705"><ele>2616.53</ele><time>2026-05-06T08:34:58Z</time></trkpt>
      <trkpt lat="36.6880031" lon="101.7172007"><ele>2616.15</ele><time>2026-05-06T08:34:59Z</time></trkpt>
      <trkpt lat="36.6879272" lon="101.7172421"><ele>2615.83</ele><time>2026-05-06T08:35:00Z</time></trkpt>
      <trkpt lat="36.6878529" lon="101.7172932"><ele>2615.43</ele><time>2026-05-06T08:35:01Z</time></trkpt>
      <trkpt lat="36.6877795" lon="101.7173519"><ele>2615.11</ele><time>2026-05-06T08:35:02Z</time></trkpt>
      <trkpt lat="36.6872721" lon="101.7179051"><ele>2612.04</ele><time>2026-05-06T08:35:09Z</time></trkpt>
      <trkpt lat="36.6870607" lon="101.7181960"><ele>2611.09</ele><time>2026-05-06T08:35:12Z</time></trkpt>
      <trkpt lat="36.6869924" lon="101.7183001"><ele>2610.84</ele><time>2026-05-06T08:35:13Z</time></trkpt>
      <trkpt lat="36.6869254" lon="101.7184081"><ele>2610.55</ele><time>2026-05-06T08:35:14Z</time></trkpt>
      <trkpt lat="36.6863969" lon="101.7193665"><ele>2609.21</ele><time>2026-05-06T08:35:22Z</time></trkpt>
      <trkpt lat="36.6858739" lon="101.7202552"><ele>2606.06</ele><time>2026-05-06T08:35:29Z</time></trkpt>
      <trkpt lat="36.6854664" lon="101.7209064"><ele>2602.15</ele><time>2026-05-06T08:35:34Z</time></trkpt>
      <trkpt lat="36.6852144" lon="101.7213029"><ele>2598.91</ele><time>2026-05-06T08:35:37Z</time></trkpt>
      <trkpt lat="36.6849574" lon="101.7216896"><ele>2595.18</ele><time>2026-05-06T08:35:40Z</time></trkpt>
      <trkpt lat="36.6846861" lon="101.7220393"><ele>2591.19</ele><time>2026-05-06T08:35:43Z</time></trkpt>
      <trkpt lat="36.6843839" lon="101.7223177"><ele>2587.28</ele><time>2026-05-06T08:35:46Z</time></trkpt>
      <trkpt lat="36.6842737" lon="101.7223907"><ele>2586.01</ele><time>2026-05-06T08:35:47Z</time></trkpt>
      <trkpt lat="36.6841586" lon="101.7224541"><ele>2584.77</ele><time>2026-05-06T08:35:48Z</time></trkpt>
      <trkpt lat="36.6837902" lon="101.7226064"><ele>2581.48</ele><time>2026-05-06T08:35:51Z</time></trkpt>
      <trkpt lat="36.6832763" lon="101.7227877"><ele>2578.01</ele><time>2026-05-06T08:35:55Z</time></trkpt>
      <trkpt lat="36.6826411" lon="101.7230481"><ele>2574.48</ele><time>2026-05-06T08:36:00Z</time></trkpt>
      <trkpt lat="36.6820444" lon="101.7233686"><ele>2571.35</ele><time>2026-05-06T08:36:05Z</time></trkpt>
      <trkpt lat="36.6815151" lon="101.7237810"><ele>2567.7</ele><time>2026-05-06T08:36:10Z</time></trkpt>
      <trkpt lat="36.6811574" lon="101.7241584"><ele>2564.18</ele><time>2026-05-06T08:36:14Z</time></trkpt>
      <trkpt lat="36.6810774" lon="101.7242560"><ele>2563.35</ele><time>2026-05-06T08:36:15Z</time></trkpt>
      <trkpt lat="36.6807024" lon="101.7247213"><ele>2559.95</ele><time>2026-05-06T08:36:20Z</time></trkpt>
      <trkpt lat="36.6806256" lon="101.7248019"><ele>2559.51</ele><time>2026-05-06T08:36:21Z</time></trkpt>
      <trkpt lat="36.6805469" lon="101.7248769"><ele>2559.08</ele><time>2026-05-06T08:36:22Z</time></trkpt>
      <trkpt lat="36.6804666" lon="101.7249471"><ele>2558.76</ele><time>2026-05-06T08:36:23Z</time></trkpt>
      <trkpt lat="36.6803856" lon="101.7250139"><ele>2558.42</ele><time>2026-05-06T08:36:24Z</time></trkpt>
      <trkpt lat="36.6803049" lon="101.7250792"><ele>2558.15</ele><time>2026-05-06T08:36:25Z</time></trkpt>
      <trkpt lat="36.6799143" lon="101.7254063"><ele>2556.82</ele><time>2026-05-06T08:36:30Z</time></trkpt>
      <trkpt lat="36.6794502" lon="101.7257626"><ele>2555.45</ele><time>2026-05-06T08:36:36Z</time></trkpt>
      <trkpt lat="36.6793668" lon="101.7257994"><ele>2555.15</ele><time>2026-05-06T08:36:37Z</time></trkpt>
      <trkpt lat="36.6792805" lon="101.7258265"><ele>2554.77</ele><time>2026-05-06T08:36:38Z</time></trkpt>
      <trkpt lat="36.6791918" lon="101.7258447"><ele>2554.32</ele><time>2026-05-06T08:36:39Z</time></trkpt>
      <trkpt lat="36.6791013" lon="101.7258561"><ele>2553.86</ele><time>2026-05-06T08:36:40Z</time></trkpt>
      <trkpt lat="36.6790099" lon="101.7258639"><ele>2553.39</ele><time>2026-05-06T08:36:41Z</time></trkpt>
      <trkpt lat="36.6786578" lon="101.7259274"><ele>2551.55</ele><time>2026-05-06T08:36:45Z</time></trkpt>
      <trkpt lat="36.6785780" lon="101.7259683"><ele>2551.03</ele><time>2026-05-06T08:36:46Z</time></trkpt>
      <trkpt lat="36.6785030" lon="101.7260243"><ele>2550.37</ele><time>2026-05-06T08:36:47Z</time></trkpt>
      <trkpt lat="36.6784328" lon="101.7260951"><ele>2549.74</ele><time>2026-05-06T08:36:48Z</time></trkpt>
      <trkpt lat="36.6783666" lon="101.7261792"><ele>2549.1</ele><time>2026-05-06T08:36:49Z</time></trkpt>
      <trkpt lat="36.6783031" lon="101.7262735"><ele>2548.59</ele><time>2026-05-06T08:36:50Z</time></trkpt>
      <trkpt lat="36.6782401" lon="101.7263739"><ele>2548.01</ele><time>2026-05-06T08:36:51Z</time></trkpt>
      <trkpt lat="36.6781749" lon="101.7264755"><ele>2547.29</ele><time>2026-05-06T08:36:52Z</time></trkpt>
      <trkpt lat="36.6781052" lon="101.7265732"><ele>2546.52</ele><time>2026-05-06T08:36:53Z</time></trkpt>
      <trkpt lat="36.6780289" lon="101.7266628"><ele>2545.8</ele><time>2026-05-06T08:36:54Z</time></trkpt>
      <trkpt lat="36.6779451" lon="101.7267412"><ele>2544.95</ele><time>2026-05-06T08:36:55Z</time></trkpt>
      <trkpt lat="36.6778535" lon="101.7268068"><ele>2543.88</ele><time>2026-05-06T08:36:56Z</time></trkpt>
      <trkpt lat="36.6777552" lon="101.7268601"><ele>2542.75</ele><time>2026-05-06T08:36:57Z</time></trkpt>
      <trkpt lat="36.6776521" lon="101.7269039"><ele>2541.67</ele><time>2026-05-06T08:36:58Z</time></trkpt>
      <trkpt lat="36.6775471" lon="101.7269425"><ele>2540.64</ele><time>2026-05-06T08:36:59Z</time></trkpt>
      <trkpt lat="36.6774436" lon="101.7269813"><ele>2539.69</ele><time>2026-05-06T08:37:00Z</time></trkpt>
      <trkpt lat="36.6773446" lon="101.7270252"><ele>2538.72</ele><time>2026-05-06T08:37:01Z</time></trkpt>
      <trkpt lat="36.6772529" lon="101.7270784"><ele>2537.83</ele><time>2026-05-06T08:37:02Z</time></trkpt>
      <trkpt lat="36.6771700" lon="101.7271435"><ele>2536.94</ele><time>2026-05-06T08:37:03Z</time></trkpt>
      <trkpt lat="36.6770970" lon="101.7272221"><ele>2536.05</ele><time>2026-05-06T08:37:04Z</time></trkpt>
      <trkpt lat="36.6770339" lon="101.7273139"><ele>2535.25</ele><time>2026-05-06T08:37:05Z</time></trkpt>
      <trkpt lat="36.6769794" lon="101.7274178"><ele>2534.5</ele><time>2026-05-06T08:37:06Z</time></trkpt>
      <trkpt lat="36.6769313" lon="101.7275312"><ele>2533.87</ele><time>2026-05-06T08:37:07Z</time></trkpt>
      <trkpt lat="36.6768864" lon="101.7276512"><ele>2533.23</ele><time>2026-05-06T08:37:08Z</time></trkpt>
      <trkpt lat="36.6768412" lon="101.7277740"><ele>2532.71</ele><time>2026-05-06T08:37:09Z</time></trkpt>
      <trkpt lat="36.6767927" lon="101.7278962"><ele>2532.2</ele><time>2026-05-06T08:37:10Z</time></trkpt>
      <trkpt lat="36.6767385" lon="101.7280147"><ele>2531.88</ele><time>2026-05-06T08:37:11Z</time></trkpt>
      <trkpt lat="36.6766770" lon="101.7281266"><ele>2531.64</ele><time>2026-05-06T08:37:12Z</time></trkpt>
      <trkpt lat="36.6766075" lon="101.7282300"><ele>2531.38</ele><time>2026-05-06T08:37:13Z</time></trkpt>
      <trkpt lat="36.6765296" lon="101.7283233"><ele>2531.12</ele><time>2026-05-06T08:37:14Z</time></trkpt>
      <trkpt lat="36.6764435" lon="101.7284057"><ele>2530.85</ele><time>2026-05-06T08:37:15Z</time></trkpt>
      <trkpt lat="36.6763495" lon="101.7284775"><ele>2530.58</ele><time>2026-05-06T08:37:16Z</time></trkpt>
      <trkpt lat="36.6762488" lon="101.7285404"><ele>2530.25</ele><time>2026-05-06T08:37:17Z</time></trkpt>
      <trkpt lat="36.6761425" lon="101.7285966"><ele>2529.83</ele><time>2026-05-06T08:37:18Z</time></trkpt>
      <trkpt lat="36.6760321" lon="101.7286495"><ele>2529.39</ele><time>2026-05-06T08:37:19Z</time></trkpt>
      <trkpt lat="36.6756897" lon="101.7288127"><ele>2528.03</ele><time>2026-05-06T08:37:22Z</time></trkpt>
      <trkpt lat="36.6755760" lon="101.7288757"><ele>2527.53</ele><time>2026-05-06T08:37:23Z</time></trkpt>
      <trkpt lat="36.6750581" lon="101.7292849"><ele>2524.11</ele><time>2026-05-06T08:37:28Z</time></trkpt>
      <trkpt lat="36.6748913" lon="101.7294907"><ele>2522.58</ele><time>2026-05-06T08:37:30Z</time></trkpt>
      <trkpt lat="36.6748183" lon="101.7296026"><ele>2521.5</ele><time>2026-05-06T08:37:31Z</time></trkpt>
      <trkpt lat="36.6747516" lon="101.7297197"><ele>2520.26</ele><time>2026-05-06T08:37:32Z</time></trkpt>
      <trkpt lat="36.6746899" lon="101.7298408"><ele>2519.11</ele><time>2026-05-06T08:37:33Z</time></trkpt>
      <trkpt lat="36.6746311" lon="101.7299640"><ele>2518.02</ele><time>2026-05-06T08:37:34Z</time></trkpt>
      <trkpt lat="36.6744492" lon="101.7303310"><ele>2514.36</ele><time>2026-05-06T08:37:37Z</time></trkpt>
      <trkpt lat="36.6743789" lon="101.7304484"><ele>2513.1</ele><time>2026-05-06T08:37:38Z</time></trkpt>
      <trkpt lat="36.6743012" lon="101.7305627"><ele>2511.63</ele><time>2026-05-06T08:37:39Z</time></trkpt>
      <trkpt lat="36.6742163" lon="101.7306747"><ele>2510.05</ele><time>2026-05-06T08:37:40Z</time></trkpt>
      <trkpt lat="36.6741257" lon="101.7307861"><ele>2508.55</ele><time>2026-05-06T08:37:41Z</time></trkpt>
      <trkpt lat="36.6738410" lon="101.7311311"><ele>2504.42</ele><time>2026-05-06T08:37:44Z</time></trkpt>
      <trkpt lat="36.6735843" lon="101.7315214"><ele>2500.07</ele><time>2026-05-06T08:37:47Z</time></trkpt>
      <trkpt lat="36.6735138" lon="101.7316661"><ele>2498.47</ele><time>2026-05-06T08:37:48Z</time></trkpt>
      <trkpt lat="36.6734521" lon="101.7318188"><ele>2497</ele><time>2026-05-06T08:37:49Z</time></trkpt>
      <trkpt lat="36.6733976" lon="101.7319791"><ele>2495.45</ele><time>2026-05-06T08:37:50Z</time></trkpt>
      <trkpt lat="36.6733015" lon="101.7323177"><ele>2492.24</ele><time>2026-05-06T08:37:52Z</time></trkpt>
      <trkpt lat="36.6732081" lon="101.7326721"><ele>2489.23</ele><time>2026-05-06T08:37:54Z</time></trkpt>
      <trkpt lat="36.6730476" lon="101.7332065"><ele>2485.13</ele><time>2026-05-06T08:37:57Z</time></trkpt>
      <trkpt lat="36.6728371" lon="101.7336957"><ele>2481.49</ele><time>2026-05-06T08:38:00Z</time></trkpt>
      <trkpt lat="36.6726548" lon="101.7339629"><ele>2479.29</ele><time>2026-05-06T08:38:02Z</time></trkpt>
      <trkpt lat="36.6725486" lon="101.7340715"><ele>2478.29</ele><time>2026-05-06T08:38:03Z</time></trkpt>
      <trkpt lat="36.6724324" lon="101.7341613"><ele>2477.27</ele><time>2026-05-06T08:38:04Z</time></trkpt>
      <trkpt lat="36.6723072" lon="101.7342323"><ele>2476.16</ele><time>2026-05-06T08:38:05Z</time></trkpt>
      <trkpt lat="36.6721747" lon="101.7342857"><ele>2475.22</ele><time>2026-05-06T08:38:06Z</time></trkpt>
      <trkpt lat="36.6720371" lon="101.7343237"><ele>2474.29</ele><time>2026-05-06T08:38:07Z</time></trkpt>
      <trkpt lat="36.6718969" lon="101.7343499"><ele>2473.4</ele><time>2026-05-06T08:38:08Z</time></trkpt>
      <trkpt lat="36.6717563" lon="101.7343683"><ele>2472.63</ele><time>2026-05-06T08:38:09Z</time></trkpt>
      <trkpt lat="36.6716171" lon="101.7343832"><ele>2471.84</ele><time>2026-05-06T08:38:10Z</time></trkpt>
      <trkpt lat="36.6713477" lon="101.7344178"><ele>2470.16</ele><time>2026-05-06T08:38:12Z</time></trkpt>
      <trkpt lat="36.6712186" lon="101.7344428"><ele>2469.15</ele><time>2026-05-06T08:38:13Z</time></trkpt>
      <trkpt lat="36.6710933" lon="101.7344743"><ele>2468.18</ele><time>2026-05-06T08:38:14Z</time></trkpt>
      <trkpt lat="36.6708509" lon="101.7345511"><ele>2466.08</ele><time>2026-05-06T08:38:16Z</time></trkpt>
      <trkpt lat="36.6707316" lon="101.7345926"><ele>2465.01</ele><time>2026-05-06T08:38:17Z</time></trkpt>
      <trkpt lat="36.6706121" lon="101.7346348"><ele>2463.8</ele><time>2026-05-06T08:38:18Z</time></trkpt>
      <trkpt lat="36.6704919" lon="101.7346779"><ele>2462.57</ele><time>2026-05-06T08:38:19Z</time></trkpt>
      <trkpt lat="36.6703705" lon="101.7347222"><ele>2461.25</ele><time>2026-05-06T08:38:20Z</time></trkpt>
      <trkpt lat="36.6702478" lon="101.7347672"><ele>2460.08</ele><time>2026-05-06T08:38:21Z</time></trkpt>
      <trkpt lat="36.6701237" lon="101.7348110"><ele>2458.96</ele><time>2026-05-06T08:38:22Z</time></trkpt>
      <trkpt lat="36.6699980" lon="101.7348508"><ele>2457.78</ele><time>2026-05-06T08:38:23Z</time></trkpt>
      <trkpt lat="36.6697430" lon="101.7349058"><ele>2455.5</ele><time>2026-05-06T08:38:25Z</time></trkpt>
      <trkpt lat="36.6696143" lon="101.7349155"><ele>2454.15</ele><time>2026-05-06T08:38:26Z</time></trkpt>
      <trkpt lat="36.6694858" lon="101.7349119"><ele>2452.84</ele><time>2026-05-06T08:38:27Z</time></trkpt>
      <trkpt lat="36.6691142" lon="101.7348422"><ele>2448.86</ele><time>2026-05-06T08:38:30Z</time></trkpt>
      <trkpt lat="36.6687927" lon="101.7347588"><ele>2445.75</ele><time>2026-05-06T08:38:33Z</time></trkpt>
      <trkpt lat="36.6687008" lon="101.7347490"><ele>2444.75</ele><time>2026-05-06T08:38:34Z</time></trkpt>
      <trkpt lat="36.6686169" lon="101.7347561"><ele>2443.78</ele><time>2026-05-06T08:38:35Z</time></trkpt>
      <trkpt lat="36.6685405" lon="101.7347832"><ele>2442.8</ele><time>2026-05-06T08:38:36Z</time></trkpt>
      <trkpt lat="36.6684711" lon="101.7348323"><ele>2441.74</ele><time>2026-05-06T08:38:37Z</time></trkpt>
      <trkpt lat="36.6684079" lon="101.7349031"><ele>2440.75</ele><time>2026-05-06T08:38:38Z</time></trkpt>
      <trkpt lat="36.6683504" lon="101.7349929"><ele>2439.77</ele><time>2026-05-06T08:38:39Z</time></trkpt>
      <trkpt lat="36.6682984" lon="101.7350974"><ele>2438.77</ele><time>2026-05-06T08:38:40Z</time></trkpt>
      <trkpt lat="36.6682526" lon="101.7352108"><ele>2437.82</ele><time>2026-05-06T08:38:41Z</time></trkpt>
      <trkpt lat="36.6682143" lon="101.7353270"><ele>2437</ele><time>2026-05-06T08:38:42Z</time></trkpt>
      <trkpt lat="36.6681853" lon="101.7354407"><ele>2436.21</ele><time>2026-05-06T08:38:43Z</time></trkpt>
      <trkpt lat="36.6681677" lon="101.7355477"><ele>2435.44</ele><time>2026-05-06T08:38:44Z</time></trkpt>
      <trkpt lat="36.6681634" lon="101.7356449"><ele>2434.54</ele><time>2026-05-06T08:38:45Z</time></trkpt>
      <trkpt lat="36.6681745" lon="101.7357300"><ele>2433.58</ele><time>2026-05-06T08:38:46Z</time></trkpt>
      <trkpt lat="36.6682027" lon="101.7358011"><ele>2432.6</ele><time>2026-05-06T08:38:47Z</time></trkpt>
      <trkpt lat="36.6682494" lon="101.7358569"><ele>2431.6</ele><time>2026-05-06T08:38:48Z</time></trkpt>
      <trkpt lat="36.6683150" lon="101.7358971"><ele>2430.61</ele><time>2026-05-06T08:38:49Z</time></trkpt>
      <trkpt lat="36.6683992" lon="101.7359224"><ele>2429.64</ele><time>2026-05-06T08:38:50Z</time></trkpt>
      <trkpt lat="36.6685003" lon="101.7359348"><ele>2428.68</ele><time>2026-05-06T08:38:51Z</time></trkpt>
      <trkpt lat="36.6686158" lon="101.7359372"><ele>2427.66</ele><time>2026-05-06T08:38:52Z</time></trkpt>
      <trkpt lat="36.6687420" lon="101.7359330"><ele>2426.83</ele><time>2026-05-06T08:38:53Z</time></trkpt>
      <trkpt lat="36.6688754" lon="101.7359254"><ele>2426.01</ele><time>2026-05-06T08:38:54Z</time></trkpt>
      <trkpt lat="36.6694387" lon="101.7358876"><ele>2422.88</ele><time>2026-05-06T08:38:58Z</time></trkpt>
      <trkpt lat="36.6701277" lon="101.7358626"><ele>2419.21</ele><time>2026-05-06T08:39:03Z</time></trkpt>
      <trkpt lat="36.6706357" lon="101.7358805"><ele>2416.22</ele><time>2026-05-06T08:39:07Z</time></trkpt>
      <trkpt lat="36.6707571" lon="101.7358937"><ele>2415.38</ele><time>2026-05-06T08:39:08Z</time></trkpt>
      <trkpt lat="36.6708765" lon="101.7359097"><ele>2414.56</ele><time>2026-05-06T08:39:09Z</time></trkpt>
      <trkpt lat="36.6712165" lon="101.7359529"><ele>2412.06</ele><time>2026-05-06T08:39:12Z</time></trkpt>
      <trkpt lat="36.6713197" lon="101.7359594"><ele>2411.25</ele><time>2026-05-06T08:39:13Z</time></trkpt>
      <trkpt lat="36.6714152" lon="101.7359610"><ele>2410.52</ele><time>2026-05-06T08:39:14Z</time></trkpt>
      <trkpt lat="36.6715008" lon="101.7359599"><ele>2409.8</ele><time>2026-05-06T08:39:15Z</time></trkpt>
      <trkpt lat="36.6715737" lon="101.7359594"><ele>2408.99</ele><time>2026-05-06T08:39:16Z</time></trkpt>
      <trkpt lat="36.6716692" lon="101.7359715"><ele>2407.01</ele><time>2026-05-06T08:39:18Z</time></trkpt>
      <trkpt lat="36.6716850" lon="101.7359881"><ele>2405.85</ele><time>2026-05-06T08:39:19Z</time></trkpt>
      <trkpt lat="36.6716753" lon="101.7360122"><ele>2404.78</ele><time>2026-05-06T08:39:20Z</time></trkpt>
      <trkpt lat="36.6716385" lon="101.7360424"><ele>2403.71</ele><time>2026-05-06T08:39:21Z</time></trkpt>
      <trkpt lat="36.6715751" lon="101.7360766"><ele>2402.74</ele><time>2026-05-06T08:39:22Z</time></trkpt>
      <trkpt lat="36.6714882" lon="101.7361123"><ele>2401.86</ele><time>2026-05-06T08:39:23Z</time></trkpt>
      <trkpt lat="36.6713824" lon="101.7361483"><ele>2401.12</ele><time>2026-05-06T08:39:24Z</time></trkpt>
      <trkpt lat="36.6712625" lon="101.7361843"><ele>2400.52</ele><time>2026-05-06T08:39:25Z</time></trkpt>
      <trkpt lat="36.6706970" lon="101.7363383"><ele>2398.76</ele><time>2026-05-06T08:39:29Z</time></trkpt>
      <trkpt lat="36.6699085" lon="101.7365646"><ele>2395.71</ele><time>2026-05-06T08:39:34Z</time></trkpt>
      <trkpt lat="36.6692558" lon="101.7367257"><ele>2392.45</ele><time>2026-05-06T08:39:38Z</time></trkpt>
      <trkpt lat="36.6686084" lon="101.7368293"><ele>2388.91</ele><time>2026-05-06T08:39:42Z</time></trkpt>
      <trkpt lat="36.6680256" lon="101.7368816"><ele>2385.18</ele><time>2026-05-06T08:39:46Z</time></trkpt>
      <trkpt lat="36.6677076" lon="101.7369187"><ele>2381.89</ele><time>2026-05-06T08:39:49Z</time></trkpt>
      <trkpt lat="36.6676390" lon="101.7369379"><ele>2380.6</ele><time>2026-05-06T08:39:50Z</time></trkpt>
      <trkpt lat="36.6675944" lon="101.7369628"><ele>2379.37</ele><time>2026-05-06T08:39:51Z</time></trkpt>
      <trkpt lat="36.6675767" lon="101.7369947"><ele>2377.99</ele><time>2026-05-06T08:39:52Z</time></trkpt>
      <trkpt lat="36.6675882" lon="101.7370341"><ele>2376.68</ele><time>2026-05-06T08:39:53Z</time></trkpt>
      <trkpt lat="36.6676290" lon="101.7370812"><ele>2375.51</ele><time>2026-05-06T08:39:54Z</time></trkpt>
      <trkpt lat="36.6676970" lon="101.7371351"><ele>2374.41</ele><time>2026-05-06T08:39:55Z</time></trkpt>
      <trkpt lat="36.6677880" lon="101.7371940"><ele>2373.24</ele><time>2026-05-06T08:39:56Z</time></trkpt>
      <trkpt lat="36.6678960" lon="101.7372548"><ele>2372.15</ele><time>2026-05-06T08:39:57Z</time></trkpt>
      <trkpt lat="36.6680151" lon="101.7373147"><ele>2371.19</ele><time>2026-05-06T08:39:58Z</time></trkpt>
      <trkpt lat="36.6681401" lon="101.7373709"><ele>2370.47</ele><time>2026-05-06T08:39:59Z</time></trkpt>
      <trkpt lat="36.6682665" lon="101.7374218"><ele>2369.71</ele><time>2026-05-06T08:40:00Z</time></trkpt>
      <trkpt lat="36.6683905" lon="101.7374666"><ele>2368.95</ele><time>2026-05-06T08:40:01Z</time></trkpt>
      <trkpt lat="36.6685087" lon="101.7375054"><ele>2368.12</ele><time>2026-05-06T08:40:02Z</time></trkpt>
      <trkpt lat="36.6686179" lon="101.7375394"><ele>2367.16</ele><time>2026-05-06T08:40:03Z</time></trkpt>
      <trkpt lat="36.6687149" lon="101.7375705"><ele>2366.26</ele><time>2026-05-06T08:40:04Z</time></trkpt>
      <trkpt lat="36.6689010" lon="101.7376647"><ele>2363</ele><time>2026-05-06T08:40:07Z</time></trkpt>
      <trkpt lat="36.6689181" lon="101.7377019"><ele>2361.64</ele><time>2026-05-06T08:40:08Z</time></trkpt>
      <trkpt lat="36.6689086" lon="101.7377437"><ele>2360.21</ele><time>2026-05-06T08:40:09Z</time></trkpt>
      <trkpt lat="36.6688718" lon="101.7377899"><ele>2358.95</ele><time>2026-05-06T08:40:10Z</time></trkpt>
      <trkpt lat="36.6688091" lon="101.7378403"><ele>2357.67</ele><time>2026-05-06T08:40:11Z</time></trkpt>
      <trkpt lat="36.6687244" lon="101.7378946"><ele>2356.52</ele><time>2026-05-06T08:40:12Z</time></trkpt>
      <trkpt lat="36.6686219" lon="101.7379529"><ele>2355.43</ele><time>2026-05-06T08:40:13Z</time></trkpt>
      <trkpt lat="36.6685057" lon="101.7380153"><ele>2354.48</ele><time>2026-05-06T08:40:14Z</time></trkpt>
      <trkpt lat="36.6679625" lon="101.7383050"><ele>2350.66</ele><time>2026-05-06T08:40:18Z</time></trkpt>
      <trkpt lat="36.6675285" lon="101.7385579"><ele>2347.02</ele><time>2026-05-06T08:40:21Z</time></trkpt>
      <trkpt lat="36.6670986" lon="101.7388223"><ele>2342.84</ele><time>2026-05-06T08:40:24Z</time></trkpt>
      <trkpt lat="36.6668178" lon="101.7389917"><ele>2339.76</ele><time>2026-05-06T08:40:26Z</time></trkpt>
      <trkpt lat="36.6665453" lon="101.7391453"><ele>2336.53</ele><time>2026-05-06T08:40:28Z</time></trkpt>
      <trkpt lat="36.6661574" lon="101.7393223"><ele>2332.09</ele><time>2026-05-06T08:40:31Z</time></trkpt>
      <trkpt lat="36.6659111" lon="101.7393879"><ele>2328.93</ele><time>2026-05-06T08:40:33Z</time></trkpt>
      <trkpt lat="36.6657908" lon="101.7394027"><ele>2327.29</ele><time>2026-05-06T08:40:34Z</time></trkpt>
      <trkpt lat="36.6656721" lon="101.7394065"><ele>2325.66</ele><time>2026-05-06T08:40:35Z</time></trkpt>
      <trkpt lat="36.6655548" lon="101.7394020"><ele>2324.17</ele><time>2026-05-06T08:40:36Z</time></trkpt>
      <trkpt lat="36.6654390" lon="101.7393927"><ele>2322.85</ele><time>2026-05-06T08:40:37Z</time></trkpt>
      <trkpt lat="36.6651004" lon="101.7393701"><ele>2319.74</ele><time>2026-05-06T08:40:40Z</time></trkpt>
      <trkpt lat="36.6647745" lon="101.7394073"><ele>2317.65</ele><time>2026-05-06T08:40:43Z</time></trkpt>
      <trkpt lat="36.6646687" lon="101.7394371"><ele>2317.11</ele><time>2026-05-06T08:40:44Z</time></trkpt>
      <trkpt lat="36.6645640" lon="101.7394742"><ele>2316.6</ele><time>2026-05-06T08:40:45Z</time></trkpt>
      <trkpt lat="36.6644601" lon="101.7395153"><ele>2316.13</ele><time>2026-05-06T08:40:46Z</time></trkpt>
      <trkpt lat="36.6643561" lon="101.7395566"><ele>2315.61</ele><time>2026-05-06T08:40:47Z</time></trkpt>
      <trkpt lat="36.6642515" lon="101.7395945"><ele>2315.13</ele><time>2026-05-06T08:40:48Z</time></trkpt>
      <trkpt lat="36.6641460" lon="101.7396261"><ele>2314.41</ele><time>2026-05-06T08:40:49Z</time></trkpt>
      <trkpt lat="36.6640395" lon="101.7396503"><ele>2313.48</ele><time>2026-05-06T08:40:50Z</time></trkpt>
      <trkpt lat="36.6639321" lon="101.7396673"><ele>2312.71</ele><time>2026-05-06T08:40:51Z</time></trkpt>
      <trkpt lat="36.6638244" lon="101.7396782"><ele>2311.96</ele><time>2026-05-06T08:40:52Z</time></trkpt>
      <trkpt lat="36.6633172" lon="101.7396705"><ele>2309.23</ele><time>2026-05-06T08:40:57Z</time></trkpt>
      <trkpt lat="36.6632304" lon="101.7396590"><ele>2308.76</ele><time>2026-05-06T08:40:58Z</time></trkpt>
      <trkpt lat="36.6631514" lon="101.7396449"><ele>2308.3</ele><time>2026-05-06T08:40:59Z</time></trkpt>
      <trkpt lat="36.6630808" lon="101.7396294"><ele>2307.75</ele><time>2026-05-06T08:41:00Z</time></trkpt>
      <trkpt lat="36.6630188" lon="101.7396142"><ele>2307.31</ele><time>2026-05-06T08:41:01Z</time></trkpt>
      <trkpt lat="36.6629644" lon="101.7396019"><ele>2306.78</ele><time>2026-05-06T08:41:02Z</time></trkpt>
      <trkpt lat="36.6627915" lon="101.7396240"><ele>2304.5</ele><time>2026-05-06T08:41:06Z</time></trkpt>
      <trkpt lat="36.6627509" lon="101.7396560"><ele>2304.05</ele><time>2026-05-06T08:41:07Z</time></trkpt>
      <trkpt lat="36.6627092" lon="101.7397005"><ele>2303.59</ele><time>2026-05-06T08:41:08Z</time></trkpt>
      <trkpt lat="36.6625878" lon="101.7398999"><ele>2302.82</ele><time>2026-05-06T08:41:11Z</time></trkpt>
      <trkpt lat="36.6625542" lon="101.7399844"><ele>2302.66</ele><time>2026-05-06T08:41:12Z</time></trkpt>
      <trkpt lat="36.6625264" lon="101.7400759"><ele>2302.56</ele><time>2026-05-06T08:41:13Z</time></trkpt>
      <trkpt lat="36.6625049" lon="101.7401735"><ele>2302.45</ele><time>2026-05-06T08:41:14Z</time></trkpt>
      <trkpt lat="36.6624894" lon="101.7402760"><ele>2302.25</ele><time>2026-05-06T08:41:15Z</time></trkpt>
      <trkpt lat="36.6624788" lon="101.7403820"><ele>2302.07</ele><time>2026-05-06T08:41:16Z</time></trkpt>
      <trkpt lat="36.6624719" lon="101.7404901"><ele>2301.88</ele><time>2026-05-06T08:41:17Z</time></trkpt>
      <trkpt lat="36.6624780" lon="101.7413377"><ele>2299.56</ele><time>2026-05-06T08:41:25Z</time></trkpt>
      <trkpt lat="36.6624854" lon="101.7415281"><ele>2298.74</ele><time>2026-05-06T08:41:27Z</time></trkpt>
      <trkpt lat="36.6624896" lon="101.7416226"><ele>2298.15</ele><time>2026-05-06T08:41:28Z</time></trkpt>
      <trkpt lat="36.6624946" lon="101.7417187"><ele>2297.25</ele><time>2026-05-06T08:41:29Z</time></trkpt>
      <trkpt lat="36.6625327" lon="101.7423326"><ele>2293.92</ele><time>2026-05-06T08:41:35Z</time></trkpt>
      <trkpt lat="36.6625575" lon="101.7428839"><ele>2290.53</ele><time>2026-05-06T08:41:41Z</time></trkpt>
      <trkpt lat="36.6625430" lon="101.7430852"><ele>2287.84</ele><time>2026-05-06T08:41:45Z</time></trkpt>
      <trkpt lat="36.6625045" lon="101.7431344"><ele>2286.58</ele><time>2026-05-06T08:41:47Z</time></trkpt>
      <trkpt lat="36.6624726" lon="101.7431500"><ele>2285.84</ele><time>2026-05-06T08:41:48Z</time></trkpt>
      <trkpt lat="36.6624306" lon="101.7431617"><ele>2285.25</ele><time>2026-05-06T08:41:49Z</time></trkpt>
      <trkpt lat="36.6623781" lon="101.7431711"><ele>2284.8</ele><time>2026-05-06T08:41:50Z</time></trkpt>
      <trkpt lat="36.6623148" lon="101.7431795"><ele>2284.56</ele><time>2026-05-06T08:41:51Z</time></trkpt>
      <trkpt lat="36.6619780" lon="101.7432111"><ele>2284.03</ele><time>2026-05-06T08:41:55Z</time></trkpt>
      <trkpt lat="36.6613017" lon="101.7432632"><ele>2284.61</ele><time>2026-05-06T08:42:02Z</time></trkpt>
      <trkpt lat="36.6609522" lon="101.7432894"><ele>2284.62</ele><time>2026-05-06T08:42:07Z</time></trkpt>
      <trkpt lat="36.6606399" lon="101.7433178"><ele>2284.06</ele><time>2026-05-06T08:42:14Z</time></trkpt>
      <trkpt lat="36.6602388" lon="101.7433591"><ele>2283.71</ele><time>2026-05-06T08:42:22Z</time></trkpt>
      <trkpt lat="36.6598660" lon="101.7433978"><ele>2283.45</ele><time>2026-05-06T08:42:27Z</time></trkpt>
      <trkpt lat="36.6593722" lon="101.7434546"><ele>2282.94</ele><time>2026-05-06T08:42:32Z</time></trkpt>
      <trkpt lat="36.6586343" lon="101.7435458"><ele>2282.12</ele><time>2026-05-06T08:42:38Z</time></trkpt>
      <trkpt lat="36.6576149" lon="101.7436667"><ele>2280.62</ele><time>2026-05-06T08:42:45Z</time></trkpt>
      <trkpt lat="36.6566683" lon="101.7437714"><ele>2277.22</ele><time>2026-05-06T08:42:51Z</time></trkpt>
      <trkpt lat="36.6560218" lon="101.7438408"><ele>2273.94</ele><time>2026-05-06T08:42:55Z</time></trkpt>
      <trkpt lat="36.6553838" lon="101.7438898"><ele>2270.26</ele><time>2026-05-06T08:42:59Z</time></trkpt>
      <trkpt lat="36.6547879" lon="101.7438897"><ele>2266.33</ele><time>2026-05-06T08:43:03Z</time></trkpt>
      <trkpt lat="36.6542794" lon="101.7438301"><ele>2262.44</ele><time>2026-05-06T08:43:07Z</time></trkpt>
      <trkpt lat="36.6538898" lon="101.7437364"><ele>2259.24</ele><time>2026-05-06T08:43:11Z</time></trkpt>
      <trkpt lat="36.6536178" lon="101.7436485"><ele>2256.73</ele><time>2026-05-06T08:43:15Z</time></trkpt>
      <trkpt lat="36.6533630" lon="101.7435525"><ele>2253.64</ele><time>2026-05-06T08:43:20Z</time></trkpt>
      <trkpt lat="36.6530898" lon="101.7434325"><ele>2251.56</ele><time>2026-05-06T08:43:25Z</time></trkpt>
      <trkpt lat="36.6525834" lon="101.7431727"><ele>2248.36</ele><time>2026-05-06T08:43:33Z</time></trkpt>
      <trkpt lat="36.6521606" lon="101.7429150"><ele>2245.49</ele><time>2026-05-06T08:43:39Z</time></trkpt>
      <trkpt lat="36.6516237" lon="101.7425632"><ele>2242.35</ele><time>2026-05-06T08:43:46Z</time></trkpt>
      <trkpt lat="36.6511784" lon="101.7422765"><ele>2238.96</ele><time>2026-05-06T08:43:52Z</time></trkpt>
      <trkpt lat="36.6507880" lon="101.7420335"><ele>2235.65</ele><time>2026-05-06T08:43:58Z</time></trkpt>
      <trkpt lat="36.6503881" lon="101.7418043"><ele>2232.84</ele><time>2026-05-06T08:44:05Z</time></trkpt>
      <trkpt lat="36.6500622" lon="101.7415546"><ele>2231.09</ele><time>2026-05-06T08:44:12Z</time></trkpt>
      <trkpt lat="36.6500363" lon="101.7415065"><ele>2230.9</ele><time>2026-05-06T08:44:13Z</time></trkpt>
      <trkpt lat="36.6500185" lon="101.7414536"><ele>2230.59</ele><time>2026-05-06T08:44:14Z</time></trkpt>
      <trkpt lat="36.6500096" lon="101.7413954"><ele>2230.38</ele><time>2026-05-06T08:44:15Z</time></trkpt>
      <trkpt lat="36.6500100" lon="101.7413317"><ele>2230.15</ele><time>2026-05-06T08:44:16Z</time></trkpt>
      <trkpt lat="36.6500195" lon="101.7412621"><ele>2229.92</ele><time>2026-05-06T08:44:17Z</time></trkpt>
      <trkpt lat="36.6500378" lon="101.7411862"><ele>2229.72</ele><time>2026-05-06T08:44:18Z</time></trkpt>
      <trkpt lat="36.6500639" lon="101.7411038"><ele>2229.5</ele><time>2026-05-06T08:44:19Z</time></trkpt>
      <trkpt lat="36.6500967" lon="101.7410150"><ele>2229.38</ele><time>2026-05-06T08:44:20Z</time></trkpt>
      <trkpt lat="36.6503664" lon="101.7403862"><ele>2228.96</ele><time>2026-05-06T08:44:26Z</time></trkpt>
      <trkpt lat="36.6505520" lon="101.7398168"><ele>2228.57</ele><time>2026-05-06T08:44:31Z</time></trkpt>
      <trkpt lat="36.6505715" lon="101.7397072"><ele>2228.34</ele><time>2026-05-06T08:44:32Z</time></trkpt>
      <trkpt lat="36.6505835" lon="101.7396005"><ele>2228.08</ele><time>2026-05-06T08:44:33Z</time></trkpt>
      <trkpt lat="36.6505887" lon="101.7394968"><ele>2227.87</ele><time>2026-05-06T08:44:34Z</time></trkpt>
      <trkpt lat="36.6505882" lon="101.7393959"><ele>2227.56</ele><time>2026-05-06T08:44:35Z</time></trkpt>
      <trkpt lat="36.6505834" lon="101.7392972"><ele>2227.36</ele><time>2026-05-06T08:44:36Z</time></trkpt>
      <trkpt lat="36.6505467" lon="101.7386032"><ele>2226.19</ele><time>2026-05-06T08:44:43Z</time></trkpt>
      <trkpt lat="36.6505563" lon="101.7384933"><ele>2226.12</ele><time>2026-05-06T08:44:44Z</time></trkpt>
      <trkpt lat="36.6505728" lon="101.7383785"><ele>2226.06</ele><time>2026-05-06T08:44:45Z</time></trkpt>
      <trkpt lat="36.6505963" lon="101.7382587"><ele>2226.03</ele><time>2026-05-06T08:44:46Z</time></trkpt>
      <trkpt lat="36.6506264" lon="101.7381339"><ele>2226.02</ele><time>2026-05-06T08:44:47Z</time></trkpt>
      <trkpt lat="36.6508492" lon="101.7374526"><ele>2226.38</ele><time>2026-05-06T08:44:52Z</time></trkpt>
      <trkpt lat="36.6513013" lon="101.7362659"><ele>2227.01</ele><time>2026-05-06T08:45:00Z</time></trkpt>
      <trkpt lat="36.6518279" lon="101.7349141"><ele>2228.27</ele><time>2026-05-06T08:45:09Z</time></trkpt>
      <trkpt lat="36.6522642" lon="101.7336502"><ele>2228.29</ele><time>2026-05-06T08:45:17Z</time></trkpt>
      <trkpt lat="36.6525862" lon="101.7324759"><ele>2227.32</ele><time>2026-05-06T08:45:24Z</time></trkpt>
      <trkpt lat="36.6528666" lon="101.7313613"><ele>2225.42</ele><time>2026-05-06T08:45:31Z</time></trkpt>
      <trkpt lat="36.6529870" lon="101.7308818"><ele>2224.75</ele><time>2026-05-06T08:45:35Z</time></trkpt>
      <trkpt lat="36.6530692" lon="101.7305615"><ele>2223.95</ele><time>2026-05-06T08:45:39Z</time></trkpt>
      <trkpt lat="36.6531412" lon="101.7302973"><ele>2223.23</ele><time>2026-05-06T08:45:44Z</time></trkpt>
      <trkpt lat="36.6532121" lon="101.7300026"><ele>2222.91</ele><time>2026-05-06T08:45:50Z</time></trkpt>
      <trkpt lat="36.6532117" lon="101.7298344"><ele>2223.11</ele><time>2026-05-06T08:45:55Z</time></trkpt>
      <trkpt lat="36.6531984" lon="101.7298314"><ele>2223.13</ele><time>2026-05-06T08:45:56Z</time></trkpt>
      <trkpt lat="36.6531580" lon="101.7298738"><ele>2223.14</ele><time>2026-05-06T08:45:58Z</time></trkpt>
      <trkpt lat="36.6531330" lon="101.7299224"><ele>2223.11</ele><time>2026-05-06T08:45:59Z</time></trkpt>
      <trkpt lat="36.6531061" lon="101.7299897"><ele>2223.09</ele><time>2026-05-06T08:46:00Z</time></trkpt>
      <trkpt lat="36.6530782" lon="101.7300744"><ele>2223.1</ele><time>2026-05-06T08:46:01Z</time></trkpt>
      <trkpt lat="36.6530496" lon="101.7301743"><ele>2223.12</ele><time>2026-05-06T08:46:02Z</time></trkpt>
      <trkpt lat="36.6529284" lon="101.7306850"><ele>2223.28</ele><time>2026-05-06T08:46:06Z</time></trkpt>
      <trkpt lat="36.6527115" lon="101.7316277"><ele>2223.72</ele><time>2026-05-06T08:46:12Z</time></trkpt>
      <trkpt lat="36.6523536" lon="101.7329732"><ele>2224.07</ele><time>2026-05-06T08:46:20Z</time></trkpt>
      <trkpt lat="36.6519635" lon="101.7342260"><ele>2224.87</ele><time>2026-05-06T08:46:28Z</time></trkpt>
      <trkpt lat="36.6517366" lon="101.7348627"><ele>2225.78</ele><time>2026-05-06T08:46:33Z</time></trkpt>
      <trkpt lat="36.6515510" lon="101.7353155"><ele>2226.02</ele><time>2026-05-06T08:46:38Z</time></trkpt>
    </trkseg>
    <trkseg>
      <trkpt lat="36.6513435" lon="101.7355043"><ele>2225.59</ele><time>2026-05-06T08:47:29Z</time></trkpt>
    </trkseg>
    <trkseg>
      <trkpt lat="36.6514090" lon="101.7356739"><ele>2225.98</ele><time>2026-05-06T08:58:17Z</time></trkpt>
      <trkpt lat="36.6512981" lon="101.7360086"><ele>2226.21</ele><time>2026-05-06T08:58:22Z</time></trkpt>
      <trkpt lat="36.6511441" lon="101.7364682"><ele>2226.58</ele><time>2026-05-06T08:58:27Z</time></trkpt>
      <trkpt lat="36.6508537" lon="101.7372733"><ele>2227.87</ele><time>2026-05-06T08:58:34Z</time></trkpt>
      <trkpt lat="36.6504540" lon="101.7383069"><ele>2227.3</ele><time>2026-05-06T08:58:42Z</time></trkpt>
      <trkpt lat="36.6500139" lon="101.7394431"><ele>2226.58</ele><time>2026-05-06T08:58:50Z</time></trkpt>
      <trkpt lat="36.6495009" lon="101.7407718"><ele>2225.27</ele><time>2026-05-06T08:58:59Z</time></trkpt>
      <trkpt lat="36.6491062" lon="101.7417801"><ele>2223.94</ele><time>2026-05-06T08:59:06Z</time></trkpt>
      <trkpt lat="36.6485006" lon="101.7432396"><ele>2223.49</ele><time>2026-05-06T08:59:16Z</time></trkpt>
      <trkpt lat="36.6479734" lon="101.7443221"><ele>2223.96</ele><time>2026-05-06T08:59:23Z</time></trkpt>
      <trkpt lat="36.6474379" lon="101.7452290"><ele>2223.29</ele><time>2026-05-06T08:59:29Z</time></trkpt>
      <trkpt lat="36.6467301" lon="101.7463815"><ele>2220.24</ele><time>2026-05-06T08:59:37Z</time></trkpt>
      <trkpt lat="36.6461548" lon="101.7473255"><ele>2217.96</ele><time>2026-05-06T08:59:44Z</time></trkpt>
      <trkpt lat="36.6453084" lon="101.7486765"><ele>2216.17</ele><time>2026-05-06T08:59:54Z</time></trkpt>
      <trkpt lat="36.6445802" lon="101.7497936"><ele>2215.47</ele><time>2026-05-06T09:00:02Z</time></trkpt>
      <trkpt lat="36.6437092" lon="101.7512536"><ele>2214.33</ele><time>2026-05-06T09:00:12Z</time></trkpt>
      <trkpt lat="36.6432059" lon="101.7523231"><ele>2213.57</ele><time>2026-05-06T09:00:19Z</time></trkpt>
      <trkpt lat="36.6428802" lon="101.7532790"><ele>2213.22</ele><time>2026-05-06T09:00:25Z</time></trkpt>
      <trkpt lat="36.6426355" lon="101.7543004"><ele>2212.34</ele><time>2026-05-06T09:00:32Z</time></trkpt>
      <trkpt lat="36.6425638" lon="101.7547005"><ele>2211.9</ele><time>2026-05-06T09:00:36Z</time></trkpt>
      <trkpt lat="36.6425332" lon="101.7549224"><ele>2210.87</ele><time>2026-05-06T09:00:40Z</time></trkpt>
      <trkpt lat="36.6424814" lon="101.7550590"><ele>2209.48</ele><time>2026-05-06T09:00:45Z</time></trkpt>
      <trkpt lat="36.6423223" lon="101.7551280"><ele>2209.27</ele><time>2026-05-06T09:00:49Z</time></trkpt>
      <trkpt lat="36.6422563" lon="101.7551393"><ele>2209.27</ele><time>2026-05-06T09:00:50Z</time></trkpt>
      <trkpt lat="36.6421786" lon="101.7551478"><ele>2209.28</ele><time>2026-05-06T09:00:51Z</time></trkpt>
      <trkpt lat="36.6420900" lon="101.7551539"><ele>2209.28</ele><time>2026-05-06T09:00:52Z</time></trkpt>
      <trkpt lat="36.6419919" lon="101.7551583"><ele>2209.32</ele><time>2026-05-06T09:00:53Z</time></trkpt>
      <trkpt lat="36.6414103" lon="101.7551643"><ele>2209.97</ele><time>2026-05-06T09:00:58Z</time></trkpt>
      <trkpt lat="36.6407001" lon="101.7551483"><ele>2211.98</ele><time>2026-05-06T09:01:04Z</time></trkpt>
      <trkpt lat="36.6402815" lon="101.7551347"><ele>2213.24</ele><time>2026-05-06T09:01:09Z</time></trkpt>
      <trkpt lat="36.6401521" lon="101.7551298"><ele>2213.52</ele><time>2026-05-06T09:01:12Z</time></trkpt>
      <trkpt lat="36.6400798" lon="101.7551258"><ele>2213.27</ele><time>2026-05-06T09:01:17Z</time></trkpt>
    </trkseg>
    <trkseg>
      <trkpt lat="36.6400170" lon="101.7551303"><ele>2213.41</ele><time>2026-05-06T09:01:50Z</time></trkpt>
      <trkpt lat="36.6397178" lon="101.7551095"><ele>2213.65</ele><time>2026-05-06T09:01:55Z</time></trkpt>
      <trkpt lat="36.6392573" lon="101.7550987"><ele>2213.97</ele><time>2026-05-06T09:02:03Z</time></trkpt>
      <trkpt lat="36.6390501" lon="101.7551446"><ele>2214.32</ele><time>2026-05-06T09:02:07Z</time></trkpt>
      <trkpt lat="36.6390006" lon="101.7551658"><ele>2214.37</ele><time>2026-05-06T09:02:08Z</time></trkpt>
      <trkpt lat="36.6389519" lon="101.7551914"><ele>2214.53</ele><time>2026-05-06T09:02:09Z</time></trkpt>
      <trkpt lat="36.6389036" lon="101.7552212"><ele>2214.7</ele><time>2026-05-06T09:02:10Z</time></trkpt>
      <trkpt lat="36.6388556" lon="101.7552547"><ele>2214.79</ele><time>2026-05-06T09:02:11Z</time></trkpt>
      <trkpt lat="36.6388077" lon="101.7552911"><ele>2214.88</ele><time>2026-05-06T09:02:12Z</time></trkpt>
      <trkpt lat="36.6384097" lon="101.7556425"><ele>2215.24</ele><time>2026-05-06T09:02:20Z</time></trkpt>
      <trkpt lat="36.6380038" lon="101.7559905"><ele>2215.66</ele><time>2026-05-06T09:02:27Z</time></trkpt>
      <trkpt lat="36.6375222" lon="101.7563949"><ele>2216.33</ele><time>2026-05-06T09:02:34Z</time></trkpt>
      <trkpt lat="36.6370342" lon="101.7568419"><ele>2217.18</ele><time>2026-05-06T09:02:41Z</time></trkpt>
      <trkpt lat="36.6367585" lon="101.7571363"><ele>2217.51</ele><time>2026-05-06T09:02:46Z</time></trkpt>
      <trkpt lat="36.6364764" lon="101.7574852"><ele>2217.57</ele><time>2026-05-06T09:02:52Z</time></trkpt>
      <trkpt lat="36.6361836" lon="101.7578736"><ele>2218.04</ele><time>2026-05-06T09:02:57Z</time></trkpt>
      <trkpt lat="36.6357079" lon="101.7585050"><ele>2218.98</ele><time>2026-05-06T09:03:04Z</time></trkpt>
      <trkpt lat="36.6354401" lon="101.7588602"><ele>2219.17</ele><time>2026-05-06T09:03:09Z</time></trkpt>
      <trkpt lat="36.6352921" lon="101.7590535"><ele>2218.98</ele><time>2026-05-06T09:03:13Z</time></trkpt>
      <trkpt lat="36.6351386" lon="101.7592451"><ele>2218.39</ele><time>2026-05-06T09:03:17Z</time></trkpt>
      <trkpt lat="36.6347798" lon="101.7596777"><ele>2218.72</ele><time>2026-05-06T09:03:24Z</time></trkpt>
      <trkpt lat="36.6344792" lon="101.7600643"><ele>2218.74</ele><time>2026-05-06T09:03:30Z</time></trkpt>
      <trkpt lat="36.6343019" lon="101.7603106"><ele>2218.7</ele><time>2026-05-06T09:03:35Z</time></trkpt>
      <trkpt lat="36.6341742" lon="101.7604964"><ele>2218.64</ele><time>2026-05-06T09:03:41Z</time></trkpt>
      <trkpt lat="36.6340349" lon="101.7606625"><ele>2218.79</ele><time>2026-05-06T09:03:48Z</time></trkpt>
      <trkpt lat="36.6339413" lon="101.7607663"><ele>2219.1</ele><time>2026-05-06T09:03:54Z</time></trkpt>
      <trkpt lat="36.6339086" lon="101.7608135"><ele>2219.08</ele><time>2026-05-06T09:03:59Z</time></trkpt>
      <trkpt lat="36.6339044" lon="101.7608208"><ele>2219.09</ele><time>2026-05-06T09:04:00Z</time></trkpt>
    </trkseg>
    <trkseg>
      <trkpt lat="36.6338449" lon="101.7608955"><ele>2219.09</ele><time>2026-05-06T09:04:08Z</time></trkpt>
      <trkpt lat="36.6338306" lon="101.7609128"><ele>2219.12</ele><time>2026-05-06T09:04:09Z</time></trkpt>
      <trkpt lat="36.6337062" lon="101.7610523"><ele>2219.31</ele><time>2026-05-06T09:04:12Z</time></trkpt>
    </trkseg>
  </trk>
</gpx>
